id,name,host_name,neighbourhood,room_type,price,minimum_nights,number_of_reviews,reviews_per_month,availability_365,latitude,longitude,area_type
1,City Stay - Paharganj,Priya Sharma,Paharganj,Hotel room,2100,1,92,1.33,277,28.641315,77.209849,Dense/Chawl-type Area
2,Comfortable Home in Lajpat Nagar,Vikas Singh,Lajpat Nagar,Entire home/apt,1950,1,64,0.3,134,28.576494,77.241945,Market Area
3,Premium Stay - South Extension,Priya Agarwal,South Extension,Private room,2250,2,35,0.25,177,28.562471,77.218729,Market Area
4,Budget Stay around Old Delhi,Neha Bansal,Old Delhi,Entire home/apt,1850,2,43,2.52,318,28.660631,77.233028,Dense/Chawl-type Area
5,Modern Stay near Greater Kailash,Rohit Sharma,Greater Kailash,Entire home/apt,4000,1,24,0.29,305,28.542217,77.238807,Developed Residential
6,Premium Stay - Noida Sector 18,Pooja Singh,Noida Sector 18,Entire home/apt,3350,3,62,0.36,145,28.572788,77.331853,Market Area
7,Premium Stay - Connaught Place,Simran Sharma,Connaught Place,Entire home/apt,3750,3,9,0.41,300,28.637338,77.221474,Market Area
8,Premium Stay - Janakpuri,Pooja Saini,Janakpuri,Private room,2650,1,13,0.09,304,28.620582,77.089943,Developed Residential
9,Private Room near Karol Bagh,Manish Singh,Karol Bagh,Private room,1450,5,20,0.88,236,28.659631,77.191753,Market Area
10,Cozy Noida Sector 137 Studio,Aditya Kumar,Noida Sector 137,Entire home/apt,2200,1,23,0.01,237,28.511944,77.400186,Developed Residential
11,Budget Stay around Ghaziabad Indirapuram,Ankit Saini,Ghaziabad Indirapuram,Entire home/apt,2950,1,37,0.04,202,28.641614,77.368404,Developed Residential
12,Comfortable Home in Old Delhi,Riya Kumar,Old Delhi,Entire home/apt,2050,1,25,0.58,204,28.663057,77.236512,Dense/Chawl-type Area
13,Bright Apartment in Vasant Kunj,Pooja Yadav,Vasant Kunj,Private room,2750,2,7,0.16,151,28.53474,77.163242,Developed Residential
14,Budget Stay around Hauz Khas,Priya Verma,Hauz Khas,Private room,2750,1,9,0.71,189,28.5447,77.198168,Green & Peaceful
15,Bright Apartment in Ghaziabad Indirapuram,Priya Chauhan,Ghaziabad Indirapuram,Private room,1600,3,9,0.07,222,28.63236,77.378144,Developed Residential
16,Cozy Connaught Place Studio,Simran Kumar,Connaught Place,Private room,3150,1,76,0.53,285,28.633258,77.212414,Market Area
17,Modern Stay near Hauz Khas,Shreya Kapoor,Hauz Khas,Entire home/apt,4000,2,46,0.16,279,28.55402,77.20771,Green & Peaceful
18,Premium Stay - Noida Sector 62,Nisha Verma,Noida Sector 62,Private room,1500,1,36,0.86,182,28.627078,77.373621,Corporate/Developed Area
19,Family Home in Janakpuri,Karan Mishra,Janakpuri,Private room,1700,1,14,0.15,250,28.621155,77.092242,Developed Residential
20,Peaceful Retreat near Ghaziabad Vaishali,Sanjay Bansal,Ghaziabad Vaishali,Hotel room,1900,1,57,0.17,156,28.650039,77.341312,Market Area
21,Peaceful Retreat near Janakpuri,Neha Sharma,Janakpuri,Entire home/apt,2450,4,10,0.98,305,28.627331,77.084177,Developed Residential
22,Peaceful Retreat near Noida Sector 18,Karan Verma,Noida Sector 18,Private room,2000,2,61,1.15,298,28.568908,77.330554,Market Area
23,City Stay - Paharganj,Priya Malhotra,Paharganj,Entire home/apt,2000,2,34,0.75,51,28.639441,77.210991,Dense/Chawl-type Area
24,Bright Apartment in Dwarka,Shreya Agarwal,Dwarka,Private room,1900,1,8,2.08,365,28.579949,77.047119,Developed Residential
25,Bright Apartment in Noida Sector 18,Ankit Chauhan,Noida Sector 18,Entire home/apt,2700,1,29,0.65,287,28.568795,77.324093,Market Area
26,City Stay - Aerocity,Pooja Agarwal,Aerocity,Private room,3350,1,79,0.59,361,28.545584,77.081095,Developed Residential
27,Comfortable Home in Paharganj,Neha Bansal,Paharganj,Private room,1500,2,57,0.16,360,28.636219,77.21036,Dense/Chawl-type Area
28,Peaceful Retreat near Paharganj,Megha Saini,Paharganj,Private room,1400,2,44,0.87,185,28.645165,77.216883,Dense/Chawl-type Area
29,Budget Stay around Janakpuri,Ankit Mehta,Janakpuri,Entire home/apt,2500,2,3,0.55,145,28.62721,77.085013,Developed Residential
30,Premium Stay - Hauz Khas,Arjun Jain,Hauz Khas,Private room,2250,3,23,0.59,260,28.544426,77.196739,Green & Peaceful
31,Bright Apartment in Gurgaon Sector 47,Vikas Agarwal,Gurgaon Sector 47,Private room,2300,1,35,0.68,185,28.437817,77.041363,Developed Residential
32,Cozy Gurgaon Sector 47 Studio,Rohit Singh,Gurgaon Sector 47,Entire home/apt,3600,4,63,0.35,286,28.430445,77.043219,Developed Residential
33,City Stay - Ghaziabad Vaishali,Riya Malhotra,Ghaziabad Vaishali,Private room,1300,1,126,1.03,280,28.644805,77.338947,Market Area
34,Family Home in Janakpuri,Neha Singh,Janakpuri,Entire home/apt,2300,1,58,0.71,333,28.62337,77.084758,Developed Residential
35,Private Room near Greater Kailash,Riya Singh,Greater Kailash,Private room,2450,1,38,0.09,71,28.545015,77.246161,Developed Residential
36,Private Room near Greater Kailash,Nisha Jain,Greater Kailash,Private room,1900,5,94,0.33,204,28.550936,77.233037,Developed Residential
37,Comfortable Home in Gurgaon Sector 47,Rahul Kumar,Gurgaon Sector 47,Private room,2250,1,44,0.53,206,28.431342,77.044326,Developed Residential
38,Premium Stay - Dwarka,Vikas Saini,Dwarka,Private room,1600,2,111,0.4,297,28.587062,77.042404,Developed Residential
39,Family Home in Rajendra Place,Megha Kumar,Rajendra Place,Entire home/apt,2500,7,36,0.58,365,28.645428,77.183823,Developed Residential
40,Family Home in Lajpat Nagar,Manish Jain,Lajpat Nagar,Shared room,1350,1,89,0.41,178,28.557421,77.251423,Market Area
41,Peaceful Retreat near Ghaziabad Vaishali,Nisha Chauhan,Ghaziabad Vaishali,Private room,1450,1,77,0.44,209,28.647122,77.329405,Market Area
42,Private Room near Saket,Rahul Kapoor,Saket,Hotel room,2500,2,48,0.19,176,28.533707,77.207294,Developed Residential
43,Cozy Dwarka Studio,Neha Yadav,Dwarka,Private room,2400,4,105,0.73,335,28.589498,77.043946,Developed Residential
44,Comfortable Home in Hauz Khas,Priya Gupta,Hauz Khas,Entire home/apt,2900,1,88,0.52,5,28.559172,77.191819,Green & Peaceful
45,Modern Stay near Noida Sector 75,Manish Bansal,Noida Sector 75,Hotel room,1600,2,30,0.03,196,28.567263,77.388548,Developed Residential
46,Family Home in Saket,Nisha Malhotra,Saket,Entire home/apt,3000,1,47,1.74,174,28.521218,77.201843,Developed Residential
47,City Stay - Lajpat Nagar,Shreya Kapoor,Lajpat Nagar,Entire home/apt,2900,1,11,1.66,208,28.570788,77.250528,Market Area
48,Cozy Greater Kailash Studio,Megha Mishra,Greater Kailash,Private room,3000,3,18,0.26,88,28.539909,77.246201,Developed Residential
49,Premium Stay - Rajendra Place,Priya Agarwal,Rajendra Place,Private room,2000,2,41,0.39,114,28.637137,77.172573,Developed Residential
50,Bright Apartment in Paharganj,Arjun Yadav,Paharganj,Entire home/apt,1850,1,17,0.52,291,28.644752,77.22188,Dense/Chawl-type Area
51,Budget Stay around Greater Kailash,Priya Kumar,Greater Kailash,Private room,3350,1,48,0.18,73,28.537517,77.243648,Developed Residential
52,Cozy Faridabad Sector 15 Studio,Ankit Mehta,Faridabad Sector 15,Private room,1150,1,26,0.31,165,28.409191,77.312814,Developed Residential
53,Comfortable Home in Karol Bagh,Arjun Kapoor,Karol Bagh,Hotel room,2150,7,13,0.26,276,28.65457,77.191945,Market Area
54,Modern Stay near Janakpuri,Deepak Jain,Janakpuri,Private room,1800,1,15,0.55,5,28.623458,77.082374,Developed Residential
55,Premium Stay - Chattarpur,Karan Mishra,Chattarpur,Private room,1800,2,9,0.19,168,28.502388,77.179562,Green & Peaceful
56,Comfortable Home in Mahipalpur,Simran Singh,Mahipalpur,Private room,1150,1,150,0.5,213,28.54932,77.128066,Dense/Chawl-type Area
57,Comfortable Home in Janakpuri,Sanjay Yadav,Janakpuri,Private room,1650,1,22,0.6,165,28.608651,77.089965,Developed Residential
58,Premium Stay - Noida Sector 75,Megha Yadav,Noida Sector 75,Entire home/apt,2350,1,80,0.96,124,28.569962,77.387685,Developed Residential
59,Bright Apartment in Paharganj,Amit Bansal,Paharganj,Private room,1450,1,57,0.08,313,28.647856,77.220484,Dense/Chawl-type Area
60,Modern Stay near Dwarka,Varun Sharma,Dwarka,Shared room,1000,1,44,1.28,243,28.598325,77.04294,Developed Residential
61,City Stay - Defence Colony,Sanjay Jain,Defence Colony,Private room,2650,3,12,0.79,117,28.580915,77.237152,Green & Peaceful
62,Peaceful Retreat near Dwarka,Vikas Sharma,Dwarka,Entire home/apt,2250,5,20,0.18,5,28.59378,77.039247,Developed Residential
63,Modern Stay near Dwarka,Aditya Verma,Dwarka,Private room,1750,3,55,0.2,249,28.584051,77.057321,Developed Residential
64,Modern Stay near Gurgaon Golf Course Road,Varun Mishra,Gurgaon Golf Course Road,Hotel room,4000,1,57,2.24,254,28.458552,77.097439,Developed Residential
65,Comfortable Home in Noida Sector 18,Megha Yadav,Noida Sector 18,Entire home/apt,2600,2,5,0.11,81,28.561783,77.324436,Market Area
66,Private Room near Rajendra Place,Rahul Agarwal,Rajendra Place,Entire home/apt,2800,1,8,0.98,29,28.640387,77.171361,Developed Residential
67,City Stay - Greater Kailash,Megha Gupta,Greater Kailash,Hotel room,4000,1,33,0.52,191,28.56442,77.231357,Developed Residential
68,Family Home in Greater Kailash,Deepak Mishra,Greater Kailash,Private room,3300,2,0,0.0,93,28.550222,77.239739,Developed Residential
69,Premium Stay - Ghaziabad Vaishali,Manish Singh,Ghaziabad Vaishali,Entire home/apt,2200,1,10,1.47,293,28.656629,77.34333,Market Area
70,City Stay - Hauz Khas,Pooja Saini,Hauz Khas,Entire home/apt,3200,3,47,0.15,282,28.543758,77.201508,Green & Peaceful
71,Bright Apartment in Paharganj,Nisha Agarwal,Paharganj,Private room,1450,1,50,0.33,235,28.637293,77.218544,Dense/Chawl-type Area
72,Premium Stay - Noida Sector 18,Shreya Jain,Noida Sector 18,Entire home/apt,3000,1,81,0.05,323,28.557781,77.315479,Market Area
73,Peaceful Retreat near Ghaziabad Vaishali,Shreya Verma,Ghaziabad Vaishali,Private room,1350,1,31,0.99,170,28.648658,77.340847,Market Area
74,Bright Apartment in Uttam Nagar,Vikas Verma,Uttam Nagar,Entire home/apt,1250,1,8,0.48,50,28.627311,77.077033,Dense/Chawl-type Area
75,Premium Stay - Noida Sector 62,Amit Bansal,Noida Sector 62,Entire home/apt,3000,1,39,0.92,30,28.619323,77.361151,Corporate/Developed Area
76,Peaceful Retreat near Lajpat Nagar,Vikas Bansal,Lajpat Nagar,Private room,1900,1,7,0.69,332,28.562397,77.246744,Market Area
77,Cozy Old Delhi Studio,Amit Verma,Old Delhi,Private room,950,7,14,0.76,150,28.656932,77.247361,Dense/Chawl-type Area
78,Cozy Connaught Place Studio,Vikas Verma,Connaught Place,Private room,2850,1,37,0.32,56,28.629098,77.219698,Market Area
79,Premium Stay - Mahipalpur,Riya Verma,Mahipalpur,Entire home/apt,2250,2,16,0.35,197,28.552524,77.130066,Dense/Chawl-type Area
80,Private Room near Noida Sector 75,Vikas Kumar,Noida Sector 75,Private room,1250,3,80,0.97,59,28.567653,77.393911,Developed Residential
81,Comfortable Home in Hauz Khas,Pooja Kapoor,Hauz Khas,Private room,2500,1,31,0.75,294,28.546304,77.200677,Green & Peaceful
82,Private Room near Vasant Kunj,Aditya Bansal,Vasant Kunj,Entire home/apt,3200,1,11,1.11,244,28.512922,77.154096,Developed Residential
83,Private Room near Uttam Nagar,Vikas Yadav,Uttam Nagar,Private room,1250,2,34,0.97,155,28.632456,77.078793,Dense/Chawl-type Area
84,Modern Stay near Noida Sector 75,Manish Singh,Noida Sector 75,Hotel room,2000,3,4,0.05,176,28.563171,77.382963,Developed Residential
85,Budget Stay around Vasant Kunj,Priya Agarwal,Vasant Kunj,Entire home/apt,2900,1,31,0.53,298,28.523216,77.157703,Developed Residential
86,Budget Stay around Vikaspuri,Sanjay Malhotra,Vikaspuri,Entire home/apt,2500,14,74,1.37,155,28.634406,77.073332,Developed Residential
87,Cozy Connaught Place Studio,Shreya Mishra,Connaught Place,Entire home/apt,4000,7,86,0.26,152,28.635298,77.217918,Market Area
88,Budget Stay around Vikaspuri,Priya Sharma,Vikaspuri,Private room,1150,1,23,0.69,256,28.644502,77.064897,Developed Residential
89,Modern Stay near Karol Bagh,Riya Yadav,Karol Bagh,Entire home/apt,2600,1,31,1.51,155,28.652743,77.190601,Market Area
90,Peaceful Retreat near Old Delhi,Vikas Singh,Old Delhi,Private room,1500,4,81,0.14,227,28.658033,77.237598,Dense/Chawl-type Area
91,Comfortable Home in Noida Sector 75,Megha Mehta,Noida Sector 75,Private room,1650,4,69,1.04,189,28.56888,77.396239,Developed Residential
92,City Stay - Lajpat Nagar,Manish Gupta,Lajpat Nagar,Private room,1650,4,26,0.44,207,28.56824,77.24782,Market Area
93,Modern Stay near Dwarka,Shreya Singh,Dwarka,Private room,1400,1,39,1.33,262,28.59322,77.043321,Developed Residential
94,Premium Stay - Mehrauli,Shreya Yadav,Mehrauli,Private room,1600,1,4,0.91,239,28.521345,77.184714,Dense/Chawl-type Area
95,Premium Stay - Gurgaon DLF Phase 2,Priya Sharma,Gurgaon DLF Phase 2,Private room,1900,2,7,0.16,272,28.486731,77.103863,Market Area
96,Peaceful Retreat near Chattarpur,Amit Verma,Chattarpur,Hotel room,2400,7,10,0.12,362,28.505726,77.17646,Green & Peaceful
97,Private Room near Noida Sector 137,Ankit Malhotra,Noida Sector 137,Entire home/apt,1900,4,88,0.58,248,28.51676,77.408645,Developed Residential
98,Budget Stay around Uttam Nagar,Varun Singh,Uttam Nagar,Entire home/apt,2050,2,47,0.59,133,28.623759,77.056415,Dense/Chawl-type Area
99,Budget Stay around Greater Kailash,Rohit Gupta,Greater Kailash,Private room,3000,1,17,0.29,5,28.555141,77.231438,Developed Residential
100,City Stay - Noida Sector 75,Amit Malhotra,Noida Sector 75,Private room,1550,1,19,2.09,202,28.566674,77.389161,Developed Residential
101,Budget Stay around Connaught Place,Shreya Kumar,Connaught Place,Private room,2750,1,17,0.16,178,28.637433,77.22044,Market Area
102,Private Room near South Extension,Megha Agarwal,South Extension,Entire home/apt,4000,3,15,1.53,239,28.573971,77.223511,Market Area
103,City Stay - Connaught Place,Rahul Singh,Connaught Place,Private room,3550,2,37,1.46,223,28.625311,77.213524,Market Area
104,Family Home in Gurgaon DLF Phase 2,Pooja Sharma,Gurgaon DLF Phase 2,Private room,4000,3,29,0.14,258,28.478456,77.085988,Market Area
105,Bright Apartment in Noida Sector 75,Megha Sharma,Noida Sector 75,Private room,1450,1,94,0.53,304,28.567368,77.399685,Developed Residential
106,Family Home in Noida Sector 75,Rohit Sharma,Noida Sector 75,Shared room,750,2,19,0.67,85,28.564247,77.391375,Developed Residential
107,Premium Stay - Gurgaon Cyber City,Varun Kapoor,Gurgaon Cyber City,Shared room,1700,7,17,0.43,316,28.49406,77.095374,Corporate/Developed Area
108,Premium Stay - Dwarka,Ankit Sharma,Dwarka,Entire home/apt,2250,1,41,0.81,86,28.589294,77.048079,Developed Residential
109,Comfortable Home in Ghaziabad Vaishali,Neha Mishra,Ghaziabad Vaishali,Entire home/apt,2350,1,8,0.08,164,28.64397,77.342124,Market Area
110,Modern Stay near Lajpat Nagar,Neha Bansal,Lajpat Nagar,Entire home/apt,3350,2,77,0.59,328,28.566146,77.242122,Market Area
111,Modern Stay near Chattarpur,Vikas Malhotra,Chattarpur,Entire home/apt,3150,1,33,0.77,197,28.502467,77.175056,Green & Peaceful
112,Family Home in Saket,Aditya Singh,Saket,Hotel room,3200,4,45,0.03,365,28.531049,77.200361,Developed Residential
113,Family Home in South Extension,Simran Sharma,South Extension,Private room,2250,4,114,0.85,252,28.568415,77.23172,Market Area
114,Family Home in Uttam Nagar,Neha Malhotra,Uttam Nagar,Private room,1000,7,34,0.15,268,28.633801,77.058122,Dense/Chawl-type Area
115,Bright Apartment in Defence Colony,Aditya Kapoor,Defence Colony,Private room,2750,4,41,1.36,248,28.562491,77.225498,Green & Peaceful
116,Bright Apartment in Mahipalpur,Arjun Singh,Mahipalpur,Private room,1450,1,52,0.48,107,28.542222,77.12036,Dense/Chawl-type Area
117,Budget Stay around Paharganj,Vikas Kumar,Paharganj,Private room,1200,1,2,1.38,300,28.631305,77.208902,Dense/Chawl-type Area
118,City Stay - Noida Sector 75,Rahul Agarwal,Noida Sector 75,Private room,1450,1,31,1.23,31,28.576306,77.392383,Developed Residential
119,Modern Stay near Noida Sector 18,Shreya Chauhan,Noida Sector 18,Private room,2200,1,40,0.21,178,28.565577,77.320094,Market Area
120,Family Home in Mehrauli,Amit Mehta,Mehrauli,Private room,1150,2,44,0.25,54,28.5278,77.17969,Dense/Chawl-type Area
121,Modern Stay near Lajpat Nagar,Aditya Verma,Lajpat Nagar,Private room,1700,2,41,0.43,257,28.564226,77.243682,Market Area
122,Premium Stay - Uttam Nagar,Megha Singh,Uttam Nagar,Hotel room,1750,5,43,0.65,81,28.616537,77.060843,Dense/Chawl-type Area
123,Bright Apartment in Gurgaon DLF Phase 2,Arjun Gupta,Gurgaon DLF Phase 2,Entire home/apt,3900,2,78,0.19,365,28.483146,77.091591,Market Area
124,Peaceful Retreat near Noida Sector 75,Neha Jain,Noida Sector 75,Entire home/apt,2950,2,97,1.24,44,28.563178,77.398835,Developed Residential
125,Comfortable Home in Karol Bagh,Sanjay Kumar,Karol Bagh,Private room,1800,1,98,0.25,108,28.647881,77.189515,Market Area
126,Premium Stay - Dwarka,Shreya Mishra,Dwarka,Entire home/apt,2450,2,54,0.63,365,28.599466,77.038742,Developed Residential
127,Premium Stay - Faridabad Sector 15,Karan Bansal,Faridabad Sector 15,Private room,1600,2,44,0.68,212,28.402956,77.321576,Developed Residential
128,Premium Stay - Dwarka,Amit Agarwal,Dwarka,Entire home/apt,3450,1,24,0.27,71,28.599379,77.04685,Developed Residential
129,Modern Stay near Dwarka,Karan Jain,Dwarka,Private room,1800,1,24,0.76,295,28.585676,77.040662,Developed Residential
130,Modern Stay near Paharganj,Rahul Kumar,Paharganj,Entire home/apt,2200,1,55,1.84,97,28.644764,77.218031,Dense/Chawl-type Area
131,Premium Stay - Faridabad Sector 15,Priya Saini,Faridabad Sector 15,Private room,1250,1,29,0.55,235,28.405857,77.316382,Developed Residential
132,City Stay - Karol Bagh,Rahul Kumar,Karol Bagh,Entire home/apt,2150,7,81,0.36,223,28.65125,77.195607,Market Area
133,Bright Apartment in Vikaspuri,Simran Singh,Vikaspuri,Private room,1450,1,8,0.25,187,28.641047,77.070324,Developed Residential
134,City Stay - Karol Bagh,Pooja Agarwal,Karol Bagh,Entire home/apt,1600,1,40,0.67,83,28.650119,77.199644,Market Area
135,City Stay - Green Park,Deepak Mehta,Green Park,Hotel room,3350,14,24,0.25,176,28.559594,77.201628,Green & Peaceful
136,Budget Stay around Faridabad Sector 15,Rohit Verma,Faridabad Sector 15,Private room,950,2,63,0.15,185,28.400699,77.316451,Developed Residential
137,Cozy Paharganj Studio,Arjun Sharma,Paharganj,Entire home/apt,2350,3,57,0.26,5,28.649979,77.208221,Dense/Chawl-type Area
138,Comfortable Home in Saket,Riya Yadav,Saket,Private room,1950,2,31,0.13,201,28.523362,77.21687,Developed Residential
139,Private Room near Paharganj,Arjun Gupta,Paharganj,Entire home/apt,2750,5,27,0.23,303,28.635205,77.21056,Dense/Chawl-type Area
140,Budget Stay around Noida Sector 62,Megha Saini,Noida Sector 62,Entire home/apt,2650,2,63,0.55,280,28.627192,77.360379,Corporate/Developed Area
141,Modern Stay near Saket,Megha Sharma,Saket,Private room,3150,1,36,0.31,222,28.519585,77.214393,Developed Residential
142,Comfortable Home in Mehrauli,Neha Jain,Mehrauli,Entire home/apt,2700,1,73,0.55,137,28.530476,77.180959,Dense/Chawl-type Area
143,Bright Apartment in Uttam Nagar,Megha Sharma,Uttam Nagar,Entire home/apt,1600,2,26,0.63,365,28.632734,77.075796,Dense/Chawl-type Area
144,Comfortable Home in Gurgaon Sector 47,Aditya Kapoor,Gurgaon Sector 47,Private room,2000,1,42,0.25,83,28.440837,77.037381,Developed Residential
145,Cozy Ghaziabad Indirapuram Studio,Manish Gupta,Ghaziabad Indirapuram,Entire home/apt,2100,5,25,0.84,149,28.646025,77.366118,Developed Residential
146,Cozy Rajendra Place Studio,Karan Chauhan,Rajendra Place,Private room,2100,2,56,0.57,207,28.644398,77.174092,Developed Residential
147,Peaceful Retreat near Noida Sector 18,Sanjay Singh,Noida Sector 18,Entire home/apt,3750,3,32,0.53,365,28.581668,77.329741,Market Area
148,Premium Stay - Noida Sector 75,Priya Chauhan,Noida Sector 75,Private room,1400,2,46,0.83,116,28.566746,77.383897,Developed Residential
149,Comfortable Home in Noida Sector 18,Manish Bansal,Noida Sector 18,Entire home/apt,4000,2,43,1.06,147,28.562101,77.319362,Market Area
150,Comfortable Home in Saket,Vikas Mishra,Saket,Entire home/apt,3150,3,4,1.24,315,28.520962,77.207687,Developed Residential
151,Budget Stay around Old Delhi,Ankit Jain,Old Delhi,Private room,1100,1,93,1.7,302,28.659755,77.23667,Dense/Chawl-type Area
152,Bright Apartment in Old Delhi,Amit Gupta,Old Delhi,Entire home/apt,1750,1,72,0.24,5,28.661006,77.229409,Dense/Chawl-type Area
153,Peaceful Retreat near Karol Bagh,Manish Yadav,Karol Bagh,Entire home/apt,2200,1,52,0.16,365,28.649302,77.19227,Market Area
154,Modern Stay near Karol Bagh,Arjun Gupta,Karol Bagh,Private room,2000,2,3,0.09,93,28.652245,77.180089,Market Area
155,Cozy Mehrauli Studio,Nisha Mishra,Mehrauli,Hotel room,2000,4,5,0.66,154,28.517832,77.18519,Dense/Chawl-type Area
156,Peaceful Retreat near Greater Kailash,Varun Singh,Greater Kailash,Private room,1650,3,28,0.58,100,28.553596,77.245362,Developed Residential
157,City Stay - Ghaziabad Vaishali,Shreya Chauhan,Ghaziabad Vaishali,Entire home/apt,2250,1,27,0.36,239,28.647177,77.348409,Market Area
158,Cozy Gurgaon DLF Phase 2 Studio,Vikas Singh,Gurgaon DLF Phase 2,Entire home/apt,3750,1,31,0.48,97,28.484421,77.094312,Market Area
159,Bright Apartment in Hauz Khas,Pooja Malhotra,Hauz Khas,Private room,2500,7,48,0.07,154,28.542738,77.203502,Green & Peaceful
160,Modern Stay near Janakpuri,Arjun Mishra,Janakpuri,Private room,1600,1,42,0.3,153,28.623103,77.094692,Developed Residential
161,Premium Stay - Dwarka,Arjun Chauhan,Dwarka,Entire home/apt,2900,1,54,0.2,213,28.584502,77.045652,Developed Residential
162,Premium Stay - Ghaziabad Indirapuram,Nisha Agarwal,Ghaziabad Indirapuram,Private room,1300,1,120,0.22,212,28.639903,77.379249,Developed Residential
163,Modern Stay near Green Park,Riya Sharma,Green Park,Private room,2150,1,15,0.48,359,28.557337,77.209068,Green & Peaceful
164,Family Home in Rajendra Place,Arjun Gupta,Rajendra Place,Hotel room,2450,5,16,0.16,204,28.639442,77.184891,Developed Residential
165,Modern Stay near Gurgaon DLF Phase 2,Arjun Sharma,Gurgaon DLF Phase 2,Hotel room,3650,1,7,1.58,307,28.484592,77.094849,Market Area
166,Bright Apartment in Dwarka,Simran Malhotra,Dwarka,Entire home/apt,3150,1,53,0.35,250,28.590091,77.043578,Developed Residential
167,Family Home in Lajpat Nagar,Riya Malhotra,Lajpat Nagar,Shared room,1050,2,44,0.45,339,28.56929,77.24303,Market Area
168,Budget Stay around Mahipalpur,Deepak Verma,Mahipalpur,Private room,1100,1,25,1.51,226,28.549966,77.126881,Dense/Chawl-type Area
169,City Stay - Lajpat Nagar,Aditya Singh,Lajpat Nagar,Private room,1950,3,81,1.14,193,28.567153,77.22986,Market Area
170,Budget Stay around Noida Sector 62,Rohit Saini,Noida Sector 62,Entire home/apt,2950,4,14,0.26,165,28.636692,77.362966,Corporate/Developed Area
171,Premium Stay - Uttam Nagar,Amit Kapoor,Uttam Nagar,Private room,1250,2,22,0.18,235,28.631168,77.058272,Dense/Chawl-type Area
172,Budget Stay around Greater Kailash,Pooja Chauhan,Greater Kailash,Entire home/apt,3850,4,48,1.18,301,28.542998,77.233934,Developed Residential
173,Bright Apartment in Hauz Khas,Neha Agarwal,Hauz Khas,Entire home/apt,4000,4,37,0.72,310,28.551036,77.204002,Green & Peaceful
174,Modern Stay near Janakpuri,Simran Chauhan,Janakpuri,Entire home/apt,1850,4,1,0.54,198,28.618688,77.087257,Developed Residential
175,City Stay - Gurgaon Golf Course Road,Karan Kapoor,Gurgaon Golf Course Road,Shared room,2150,1,21,0.78,263,28.464832,77.096839,Developed Residential
176,Budget Stay around Chattarpur,Manish Chauhan,Chattarpur,Private room,1900,2,17,0.04,176,28.499678,77.168593,Green & Peaceful
177,Comfortable Home in Gurgaon Golf Course Road,Karan Kapoor,Gurgaon Golf Course Road,Entire home/apt,4000,5,102,0.4,188,28.459999,77.097197,Developed Residential
178,Budget Stay around Faridabad Sector 15,Pooja Malhotra,Faridabad Sector 15,Private room,1100,4,33,0.54,265,28.410037,77.323806,Developed Residential
179,Family Home in Dwarka,Ankit Bansal,Dwarka,Entire home/apt,2400,3,3,0.39,295,28.599431,77.056497,Developed Residential
180,Premium Stay - Gurgaon Cyber City,Karan Malhotra,Gurgaon Cyber City,Entire home/apt,3950,1,33,0.62,218,28.495262,77.09917,Corporate/Developed Area
181,City Stay - Uttam Nagar,Amit Kumar,Uttam Nagar,Entire home/apt,1500,2,8,0.3,139,28.622679,77.052593,Dense/Chawl-type Area
182,Family Home in South Extension,Pooja Malhotra,South Extension,Private room,2150,2,17,0.98,150,28.557349,77.22039,Market Area
183,Bright Apartment in Ghaziabad Indirapuram,Simran Agarwal,Ghaziabad Indirapuram,Entire home/apt,2250,1,16,0.98,207,28.638605,77.367083,Developed Residential
184,Private Room near Paharganj,Shreya Mehta,Paharganj,Entire home/apt,2500,3,27,0.88,153,28.641902,77.213881,Dense/Chawl-type Area
185,Private Room near Aerocity,Pooja Kapoor,Aerocity,Entire home/apt,4000,1,62,0.03,136,28.563828,77.081054,Developed Residential
186,Modern Stay near Greater Kailash,Ankit Agarwal,Greater Kailash,Entire home/apt,4000,2,27,1.04,40,28.553249,77.239399,Developed Residential
187,Family Home in Vikaspuri,Karan Kapoor,Vikaspuri,Private room,1300,5,42,0.13,215,28.627817,77.066127,Developed Residential
188,Peaceful Retreat near Old Delhi,Riya Verma,Old Delhi,Private room,900,3,55,0.64,285,28.649038,77.237515,Dense/Chawl-type Area
189,Peaceful Retreat near Mehrauli,Karan Singh,Mehrauli,Private room,1950,4,26,0.39,282,28.513486,77.192527,Dense/Chawl-type Area
190,Cozy Vikaspuri Studio,Rahul Sharma,Vikaspuri,Private room,1250,1,90,0.17,164,28.645862,77.078374,Developed Residential
191,Family Home in Connaught Place,Vikas Mehta,Connaught Place,Entire home/apt,3400,2,15,0.25,128,28.634044,77.213857,Market Area
192,Budget Stay around Dwarka,Neha Mehta,Dwarka,Hotel room,2350,1,10,0.32,33,28.58997,77.045439,Developed Residential
193,Budget Stay around Noida Sector 137,Aditya Singh,Noida Sector 137,Private room,1550,4,29,0.63,91,28.514858,77.415395,Developed Residential
194,Peaceful Retreat near Gurgaon Sector 47,Varun Malhotra,Gurgaon Sector 47,Private room,3300,2,11,0.19,85,28.42331,77.044367,Developed Residential
195,Cozy Connaught Place Studio,Rahul Agarwal,Connaught Place,Private room,3100,1,125,0.18,309,28.64325,77.209323,Market Area
196,Budget Stay around Paharganj,Priya Yadav,Paharganj,Entire home/apt,2350,2,39,0.54,365,28.646648,77.21065,Dense/Chawl-type Area
197,Premium Stay - Saket,Vikas Gupta,Saket,Private room,2550,7,23,0.59,202,28.525932,77.212875,Developed Residential
198,Premium Stay - Paharganj,Shreya Sharma,Paharganj,Entire home/apt,2400,1,16,0.34,318,28.642779,77.215488,Dense/Chawl-type Area
199,Modern Stay near Ghaziabad Vaishali,Vikas Jain,Ghaziabad Vaishali,Entire home/apt,2950,1,27,1.01,261,28.631358,77.342935,Market Area
200,Private Room near Hauz Khas,Shreya Gupta,Hauz Khas,Private room,2550,2,64,0.99,313,28.546211,77.194734,Green & Peaceful
201,Family Home in Ghaziabad Vaishali,Deepak Kapoor,Ghaziabad Vaishali,Entire home/apt,2050,14,64,0.66,273,28.652097,77.335151,Market Area
202,Private Room near Gurgaon Sector 47,Riya Yadav,Gurgaon Sector 47,Private room,2450,2,50,0.63,127,28.428356,77.034158,Developed Residential
203,Premium Stay - Greater Kailash,Simran Mishra,Greater Kailash,Entire home/apt,3150,1,3,0.52,267,28.554625,77.228355,Developed Residential
204,Premium Stay - Vasant Kunj,Manish Mishra,Vasant Kunj,Entire home/apt,3050,3,28,0.76,58,28.523705,77.158473,Developed Residential
205,Comfortable Home in Vikaspuri,Shreya Jain,Vikaspuri,Entire home/apt,2250,2,37,0.52,158,28.64306,77.073357,Developed Residential
206,City Stay - Noida Sector 18,Varun Mehta,Noida Sector 18,Private room,1650,3,34,0.05,202,28.567655,77.326914,Market Area
207,City Stay - Gurgaon Sector 47,Vikas Mishra,Gurgaon Sector 47,Entire home/apt,3600,1,32,0.33,219,28.423349,77.050754,Developed Residential
208,Peaceful Retreat near Defence Colony,Deepak Mehta,Defence Colony,Entire home/apt,4000,1,20,0.38,294,28.574943,77.230481,Green & Peaceful
209,Modern Stay near Greater Kailash,Arjun Mehta,Greater Kailash,Private room,1800,2,28,0.91,322,28.542668,77.244351,Developed Residential
210,City Stay - Defence Colony,Karan Singh,Defence Colony,Private room,2600,1,36,0.44,71,28.564101,77.238511,Green & Peaceful
211,Premium Stay - Noida Sector 62,Riya Chauhan,Noida Sector 62,Entire home/apt,2550,2,68,0.41,57,28.631907,77.367158,Corporate/Developed Area
212,Comfortable Home in Gurgaon Golf Course Road,Neha Gupta,Gurgaon Golf Course Road,Entire home/apt,4000,2,93,0.21,121,28.451025,77.089537,Developed Residential
213,Comfortable Home in Noida Sector 62,Vikas Malhotra,Noida Sector 62,Entire home/apt,2750,1,26,0.16,365,28.631708,77.364784,Corporate/Developed Area
214,Budget Stay around Ghaziabad Vaishali,Pooja Verma,Ghaziabad Vaishali,Private room,1400,2,69,0.22,182,28.650153,77.344885,Market Area
215,Premium Stay - Dwarka,Manish Chauhan,Dwarka,Entire home/apt,2400,1,36,0.46,221,28.593564,77.044661,Developed Residential
216,Cozy Paharganj Studio,Shreya Malhotra,Paharganj,Entire home/apt,2750,1,16,0.2,138,28.644553,77.216223,Dense/Chawl-type Area
217,Budget Stay around Greater Kailash,Pooja Mishra,Greater Kailash,Entire home/apt,4000,1,23,0.33,99,28.550479,77.240989,Developed Residential
218,Family Home in Paharganj,Nisha Jain,Paharganj,Private room,1650,1,52,0.35,236,28.64852,77.206466,Dense/Chawl-type Area
219,Family Home in Ghaziabad Vaishali,Amit Mishra,Ghaziabad Vaishali,Private room,1450,1,121,0.44,187,28.657237,77.325729,Market Area
220,Cozy Green Park Studio,Nisha Mehta,Green Park,Entire home/apt,4000,2,45,0.59,209,28.561491,77.203457,Green & Peaceful
221,Budget Stay around Vikaspuri,Sanjay Kumar,Vikaspuri,Entire home/apt,1750,2,44,0.44,365,28.636855,77.074319,Developed Residential
222,Premium Stay - Mahipalpur,Manish Kapoor,Mahipalpur,Entire home/apt,1650,2,32,1.32,263,28.547555,77.132772,Dense/Chawl-type Area
223,Peaceful Retreat near Vasant Kunj,Simran Jain,Vasant Kunj,Entire home/apt,2800,4,21,0.54,365,28.523018,77.15585,Developed Residential
224,City Stay - Paharganj,Varun Singh,Paharganj,Shared room,800,14,8,0.07,214,28.648326,77.220152,Dense/Chawl-type Area
225,Cozy Aerocity Studio,Manish Mehta,Aerocity,Private room,2600,1,9,0.77,206,28.548976,77.081558,Developed Residential
226,Budget Stay around Ghaziabad Vaishali,Nisha Chauhan,Ghaziabad Vaishali,Private room,1650,1,49,2.35,279,28.647257,77.347466,Market Area
227,Private Room near Old Delhi,Ankit Mishra,Old Delhi,Private room,1150,1,9,0.59,5,28.657394,77.23462,Dense/Chawl-type Area
228,Premium Stay - Connaught Place,Rahul Bansal,Connaught Place,Private room,3050,3,12,0.62,150,28.6215,77.220841,Market Area
229,Budget Stay around Green Park,Amit Jain,Green Park,Hotel room,2150,1,11,0.14,269,28.552607,77.209998,Green & Peaceful
230,Cozy Karol Bagh Studio,Aditya Bansal,Karol Bagh,Entire home/apt,2750,1,61,0.69,343,28.641079,77.187109,Market Area
231,Budget Stay around Dwarka,Neha Agarwal,Dwarka,Private room,1800,1,44,1.2,266,28.583082,77.052312,Developed Residential
232,Private Room near Gurgaon Sector 47,Rahul Mishra,Gurgaon Sector 47,Entire home/apt,3050,2,36,0.98,299,28.42988,77.046986,Developed Residential
233,City Stay - Gurgaon Golf Course Road,Ankit Sharma,Gurgaon Golf Course Road,Private room,3450,1,18,0.62,278,28.463302,77.100528,Developed Residential
234,Peaceful Retreat near Old Delhi,Nisha Chauhan,Old Delhi,Entire home/apt,2050,3,20,0.42,248,28.661542,77.235451,Dense/Chawl-type Area
235,Bright Apartment in Dwarka,Shreya Chauhan,Dwarka,Hotel room,2350,3,17,0.65,155,28.586122,77.044321,Developed Residential
236,Budget Stay around Noida Sector 75,Nisha Kumar,Noida Sector 75,Entire home/apt,2050,4,12,0.24,278,28.575272,77.390568,Developed Residential
237,Modern Stay near Noida Sector 137,Arjun Mishra,Noida Sector 137,Entire home/apt,2150,2,36,0.15,76,28.521306,77.399789,Developed Residential
238,Premium Stay - Karol Bagh,Varun Sharma,Karol Bagh,Entire home/apt,2300,1,64,0.29,189,28.65236,77.193711,Market Area
239,Peaceful Retreat near Mahipalpur,Rohit Chauhan,Mahipalpur,Private room,1250,3,8,0.17,114,28.54083,77.129465,Dense/Chawl-type Area
240,Cozy Ghaziabad Vaishali Studio,Neha Yadav,Ghaziabad Vaishali,Entire home/apt,2950,3,18,0.14,47,28.648499,77.330302,Market Area
241,Peaceful Retreat near Chattarpur,Amit Singh,Chattarpur,Entire home/apt,2900,2,34,0.26,179,28.514991,77.182487,Green & Peaceful
242,Comfortable Home in Chattarpur,Amit Bansal,Chattarpur,Entire home/apt,3400,2,67,0.73,59,28.509309,77.177044,Green & Peaceful
243,Private Room near South Extension,Vikas Gupta,South Extension,Private room,2900,1,74,0.08,253,28.567941,77.222685,Market Area
244,Peaceful Retreat near Noida Sector 62,Priya Bansal,Noida Sector 62,Entire home/apt,2350,3,28,0.07,163,28.637498,77.373189,Corporate/Developed Area
245,City Stay - Uttam Nagar,Shreya Saini,Uttam Nagar,Entire home/apt,1550,1,39,0.2,139,28.63423,77.063195,Dense/Chawl-type Area
246,Family Home in Vikaspuri,Sanjay Gupta,Vikaspuri,Private room,1550,4,45,0.09,224,28.643215,77.075324,Developed Residential
247,Modern Stay near Dwarka,Simran Saini,Dwarka,Entire home/apt,3000,2,27,0.2,73,28.598742,77.049847,Developed Residential
248,Modern Stay near Rajendra Place,Ankit Kumar,Rajendra Place,Private room,2050,1,12,0.67,222,28.638703,77.183158,Developed Residential
249,City Stay - Karol Bagh,Aditya Sharma,Karol Bagh,Entire home/apt,2550,1,3,0.28,342,28.647205,77.187746,Market Area
250,Budget Stay around Lajpat Nagar,Aditya Agarwal,Lajpat Nagar,Entire home/apt,3200,5,11,0.23,236,28.561189,77.238348,Market Area
251,Peaceful Retreat near Dwarka,Nisha Saini,Dwarka,Private room,1400,4,8,0.68,180,28.585227,77.03782,Developed Residential
252,Peaceful Retreat near Dwarka,Neha Bansal,Dwarka,Hotel room,2800,2,2,0.61,285,28.594621,77.049641,Developed Residential
253,City Stay - Karol Bagh,Priya Saini,Karol Bagh,Private room,1750,1,13,0.3,176,28.652073,77.201168,Market Area
254,Modern Stay near Lajpat Nagar,Simran Yadav,Lajpat Nagar,Entire home/apt,2800,1,44,0.48,59,28.559434,77.239911,Market Area
255,Cozy Vasant Kunj Studio,Aditya Yadav,Vasant Kunj,Hotel room,3550,1,126,1.58,242,28.524503,77.150217,Developed Residential
256,Budget Stay around Karol Bagh,Sanjay Kapoor,Karol Bagh,Private room,1800,1,134,0.32,130,28.645425,77.194607,Market Area
257,Premium Stay - Paharganj,Sanjay Verma,Paharganj,Shared room,900,1,7,2.33,99,28.638222,77.218029,Dense/Chawl-type Area
258,Budget Stay around Hauz Khas,Riya Sharma,Hauz Khas,Private room,3000,4,35,0.37,236,28.547614,77.199559,Green & Peaceful
259,Budget Stay around Greater Kailash,Varun Verma,Greater Kailash,Entire home/apt,4000,3,31,0.46,285,28.535519,77.23436,Developed Residential
260,Private Room near Paharganj,Sanjay Agarwal,Paharganj,Private room,1450,1,11,0.23,187,28.641094,77.22357,Dense/Chawl-type Area
261,Comfortable Home in Uttam Nagar,Rahul Malhotra,Uttam Nagar,Private room,1000,1,52,0.13,261,28.62801,77.060595,Dense/Chawl-type Area
262,City Stay - Gurgaon Sector 47,Deepak Agarwal,Gurgaon Sector 47,Private room,2350,3,56,0.71,307,28.437657,77.039676,Developed Residential
263,Premium Stay - South Extension,Simran Yadav,South Extension,Shared room,1700,3,37,0.56,223,28.574248,77.213505,Market Area
264,Budget Stay around Old Delhi,Varun Mehta,Old Delhi,Private room,1300,1,18,0.16,285,28.65526,77.223766,Dense/Chawl-type Area
265,Bright Apartment in Greater Kailash,Aditya Kumar,Greater Kailash,Private room,2650,1,47,0.95,101,28.554341,77.239031,Developed Residential
266,Modern Stay near Connaught Place,Vikas Mishra,Connaught Place,Entire home/apt,4000,1,12,0.76,304,28.634723,77.220976,Market Area
267,Private Room near Lajpat Nagar,Arjun Jain,Lajpat Nagar,Entire home/apt,3300,3,12,0.04,238,28.558311,77.243872,Market Area
268,Private Room near Connaught Place,Vikas Yadav,Connaught Place,Shared room,1750,5,53,0.34,160,28.635368,77.212456,Market Area
269,Budget Stay around Defence Colony,Aditya Bansal,Defence Colony,Hotel room,3900,1,56,0.71,108,28.571136,77.230864,Green & Peaceful
270,Private Room near Gurgaon DLF Phase 2,Riya Sharma,Gurgaon DLF Phase 2,Private room,2550,1,9,0.75,331,28.483778,77.102428,Market Area
271,Private Room near Uttam Nagar,Riya Gupta,Uttam Nagar,Private room,1450,2,36,0.45,127,28.633194,77.067999,Dense/Chawl-type Area
272,City Stay - Ghaziabad Indirapuram,Pooja Chauhan,Ghaziabad Indirapuram,Shared room,700,1,36,1.0,257,28.637446,77.371741,Developed Residential
273,Family Home in Rajendra Place,Riya Kumar,Rajendra Place,Private room,1500,7,90,1.66,205,28.63413,77.183206,Developed Residential
274,Cozy Lajpat Nagar Studio,Arjun Kapoor,Lajpat Nagar,Private room,1550,3,43,0.9,250,28.577025,77.248424,Market Area
275,Modern Stay near Noida Sector 62,Deepak Singh,Noida Sector 62,Private room,1750,2,49,0.53,95,28.627907,77.369492,Corporate/Developed Area
276,Budget Stay around Vikaspuri,Vikas Saini,Vikaspuri,Entire home/apt,1950,2,28,0.57,280,28.641777,77.065174,Developed Residential
277,Peaceful Retreat near Chattarpur,Varun Kapoor,Chattarpur,Private room,1900,7,59,0.27,186,28.508058,77.176851,Green & Peaceful
278,Private Room near Ghaziabad Indirapuram,Varun Agarwal,Ghaziabad Indirapuram,Entire home/apt,1950,1,27,0.06,183,28.639463,77.369551,Developed Residential
279,Cozy Ghaziabad Vaishali Studio,Shreya Yadav,Ghaziabad Vaishali,Private room,1450,1,46,0.12,106,28.646711,77.335519,Market Area
280,Peaceful Retreat near Connaught Place,Neha Kumar,Connaught Place,Private room,2700,1,41,0.04,190,28.629342,77.218507,Market Area
281,Peaceful Retreat near Janakpuri,Nisha Saini,Janakpuri,Private room,1650,1,12,0.41,125,28.614785,77.073868,Developed Residential
282,Family Home in Gurgaon Golf Course Road,Karan Agarwal,Gurgaon Golf Course Road,Private room,3650,4,54,0.49,92,28.456504,77.110216,Developed Residential
283,Premium Stay - Old Delhi,Sanjay Mehta,Old Delhi,Private room,1200,4,64,0.31,353,28.654556,77.23054,Dense/Chawl-type Area
284,Budget Stay around Ghaziabad Vaishali,Deepak Chauhan,Ghaziabad Vaishali,Entire home/apt,2200,2,23,2.41,5,28.654183,77.333646,Market Area
285,Bright Apartment in Janakpuri,Megha Chauhan,Janakpuri,Entire home/apt,2600,1,18,0.27,100,28.623223,77.095108,Developed Residential
286,City Stay - Paharganj,Shreya Kumar,Paharganj,Entire home/apt,2000,2,44,0.64,140,28.640739,77.210836,Dense/Chawl-type Area
287,Modern Stay near Aerocity,Arjun Singh,Aerocity,Entire home/apt,4000,4,48,1.08,6,28.551192,77.083814,Developed Residential
288,Modern Stay near Ghaziabad Indirapuram,Pooja Chauhan,Ghaziabad Indirapuram,Entire home/apt,1900,1,17,0.22,356,28.639765,77.370732,Developed Residential
289,Comfortable Home in Karol Bagh,Megha Yadav,Karol Bagh,Private room,1350,14,20,1.19,218,28.638617,77.195309,Market Area
290,Private Room near Dwarka,Pooja Singh,Dwarka,Private room,1800,1,33,0.27,57,28.590291,77.047495,Developed Residential
291,Family Home in Chattarpur,Arjun Saini,Chattarpur,Entire home/apt,2450,1,21,1.1,135,28.510548,77.179113,Green & Peaceful
292,City Stay - Ghaziabad Indirapuram,Deepak Bansal,Ghaziabad Indirapuram,Entire home/apt,2900,1,92,0.49,253,28.642175,77.37517,Developed Residential
293,Peaceful Retreat near Mahipalpur,Priya Mishra,Mahipalpur,Entire home/apt,1600,4,13,0.9,288,28.557636,77.125376,Dense/Chawl-type Area
294,Bright Apartment in Karol Bagh,Karan Singh,Karol Bagh,Entire home/apt,2450,1,21,0.13,100,28.65319,77.190369,Market Area
295,Cozy Old Delhi Studio,Ankit Kumar,Old Delhi,Entire home/apt,2050,2,76,0.8,114,28.666684,77.237593,Dense/Chawl-type Area
296,City Stay - Noida Sector 137,Megha Gupta,Noida Sector 137,Shared room,900,1,10,0.88,125,28.502691,77.406376,Developed Residential
297,Premium Stay - Chattarpur,Rohit Sharma,Chattarpur,Private room,2350,1,7,1.68,291,28.506635,77.182582,Green & Peaceful
298,Comfortable Home in Uttam Nagar,Karan Saini,Uttam Nagar,Hotel room,1250,4,114,0.82,249,28.627038,77.066063,Dense/Chawl-type Area
299,Cozy Rajendra Place Studio,Varun Verma,Rajendra Place,Entire home/apt,2450,14,91,0.7,114,28.642465,77.179547,Developed Residential
300,Private Room near Mehrauli,Aditya Kumar,Mehrauli,Hotel room,1750,3,30,0.63,217,28.52269,77.176377,Dense/Chawl-type Area
301,Bright Apartment in Vikaspuri,Varun Mehta,Vikaspuri,Entire home/apt,2150,2,70,0.28,82,28.629617,77.066498,Developed Residential
302,City Stay - South Extension,Ankit Sharma,South Extension,Entire home/apt,4000,2,77,0.41,251,28.57137,77.214947,Market Area
303,Modern Stay near Mehrauli,Varun Verma,Mehrauli,Hotel room,1500,1,37,0.63,5,28.520551,77.188221,Dense/Chawl-type Area
304,Modern Stay near Ghaziabad Vaishali,Nisha Mehta,Ghaziabad Vaishali,Private room,1250,3,28,0.22,222,28.651924,77.337701,Market Area
305,Cozy Janakpuri Studio,Aditya Agarwal,Janakpuri,Entire home/apt,2200,4,44,1.06,177,28.617197,77.09821,Developed Residential
306,Family Home in Uttam Nagar,Rahul Gupta,Uttam Nagar,Entire home/apt,1450,1,23,0.32,91,28.622246,77.065919,Dense/Chawl-type Area
307,Peaceful Retreat near Vasant Kunj,Karan Verma,Vasant Kunj,Private room,2600,3,38,0.75,224,28.534291,77.153602,Developed Residential
308,Budget Stay around Gurgaon Golf Course Road,Priya Kapoor,Gurgaon Golf Course Road,Private room,4000,1,36,1.09,274,28.45822,77.103928,Developed Residential
309,Family Home in Old Delhi,Simran Bansal,Old Delhi,Private room,1150,1,4,0.79,196,28.658718,77.226817,Dense/Chawl-type Area
310,Premium Stay - Mahipalpur,Vikas Yadav,Mahipalpur,Private room,1600,7,83,0.28,211,28.546782,77.136694,Dense/Chawl-type Area
311,Private Room near Saket,Nisha Mehta,Saket,Hotel room,3750,1,8,0.69,94,28.522701,77.204795,Developed Residential
312,Family Home in Gurgaon Sector 47,Karan Mishra,Gurgaon Sector 47,Shared room,1200,1,14,0.36,97,28.430566,77.041758,Developed Residential
313,Family Home in Noida Sector 75,Manish Kumar,Noida Sector 75,Shared room,900,1,3,1.14,196,28.567775,77.378613,Developed Residential
314,Family Home in Ghaziabad Vaishali,Simran Sharma,Ghaziabad Vaishali,Private room,1850,1,12,0.89,145,28.64942,77.346261,Market Area
315,Peaceful Retreat near Noida Sector 18,Priya Yadav,Noida Sector 18,Entire home/apt,2950,1,29,0.18,5,28.568551,77.319769,Market Area
316,Modern Stay near Dwarka,Pooja Kumar,Dwarka,Entire home/apt,2050,2,51,0.76,128,28.584026,77.056189,Developed Residential
317,Comfortable Home in Green Park,Ankit Singh,Green Park,Entire home/apt,3250,1,13,0.71,109,28.554985,77.197199,Green & Peaceful
318,Comfortable Home in Mahipalpur,Megha Verma,Mahipalpur,Private room,1200,2,23,1.05,338,28.54195,77.12674,Dense/Chawl-type Area
319,Private Room near Faridabad Sector 15,Amit Malhotra,Faridabad Sector 15,Entire home/apt,1850,14,62,1.54,365,28.405194,77.30859,Developed Residential
320,City Stay - Connaught Place,Simran Mehta,Connaught Place,Private room,2100,4,63,0.67,268,28.627155,77.220218,Market Area
321,City Stay - Defence Colony,Rohit Singh,Defence Colony,Entire home/apt,4000,7,62,0.63,363,28.581739,77.235514,Green & Peaceful
322,Private Room near Karol Bagh,Karan Saini,Karol Bagh,Entire home/apt,3400,3,55,0.15,128,28.65566,77.197137,Market Area
323,Peaceful Retreat near Green Park,Neha Agarwal,Green Park,Private room,2500,1,57,0.42,103,28.570969,77.198317,Green & Peaceful
324,Family Home in Mehrauli,Arjun Yadav,Mehrauli,Private room,1600,7,97,1.65,223,28.519713,77.18927,Dense/Chawl-type Area
325,Modern Stay near Karol Bagh,Pooja Malhotra,Karol Bagh,Entire home/apt,2450,3,38,0.72,305,28.650706,77.192216,Market Area
326,Comfortable Home in Hauz Khas,Megha Singh,Hauz Khas,Entire home/apt,4000,2,10,1.03,86,28.54413,77.197832,Green & Peaceful
327,Comfortable Home in Greater Kailash,Arjun Mishra,Greater Kailash,Private room,2700,1,52,0.86,273,28.541215,77.233453,Developed Residential
328,Comfortable Home in Hauz Khas,Neha Sharma,Hauz Khas,Private room,2700,1,176,1.21,54,28.547419,77.19883,Green & Peaceful
329,Family Home in Mehrauli,Karan Bansal,Mehrauli,Entire home/apt,3050,4,79,0.58,364,28.518827,77.17858,Dense/Chawl-type Area
330,Modern Stay near Saket,Karan Mehta,Saket,Private room,2750,1,103,0.76,204,28.5309,77.21107,Developed Residential
331,City Stay - Lajpat Nagar,Shreya Saini,Lajpat Nagar,Entire home/apt,3700,1,125,0.16,199,28.561806,77.250031,Market Area
332,Premium Stay - Greater Kailash,Nisha Kumar,Greater Kailash,Entire home/apt,4000,1,75,1.96,365,28.548883,77.232974,Developed Residential
333,Private Room near Vikaspuri,Megha Mehta,Vikaspuri,Shared room,750,3,95,0.69,75,28.637106,77.073017,Developed Residential
334,Cozy Paharganj Studio,Neha Bansal,Paharganj,Shared room,1200,1,23,0.38,321,28.637751,77.221555,Dense/Chawl-type Area
335,Bright Apartment in Rajendra Place,Manish Saini,Rajendra Place,Entire home/apt,2550,7,20,0.32,148,28.641006,77.178471,Developed Residential
336,Cozy Lajpat Nagar Studio,Simran Kumar,Lajpat Nagar,Private room,1350,14,2,0.23,184,28.57346,77.252801,Market Area
337,Family Home in Karol Bagh,Neha Singh,Karol Bagh,Private room,1350,1,44,0.49,342,28.662243,77.180604,Market Area
338,City Stay - Saket,Aditya Sharma,Saket,Entire home/apt,3050,1,14,0.74,299,28.52593,77.195524,Developed Residential
339,Comfortable Home in Noida Sector 18,Aditya Sharma,Noida Sector 18,Private room,2300,1,61,0.49,197,28.570346,77.337835,Market Area
340,Private Room near Greater Kailash,Varun Kapoor,Greater Kailash,Hotel room,2850,3,76,0.57,309,28.551601,77.23376,Developed Residential
341,Family Home in Ghaziabad Indirapuram,Arjun Gupta,Ghaziabad Indirapuram,Entire home/apt,2500,4,45,0.36,365,28.637461,77.376066,Developed Residential
342,Private Room near Saket,Manish Agarwal,Saket,Entire home/apt,2950,1,92,0.36,281,28.520756,77.206137,Developed Residential
343,Bright Apartment in Noida Sector 18,Neha Mehta,Noida Sector 18,Private room,1500,3,69,0.63,309,28.56167,77.33648,Market Area
344,Bright Apartment in Ghaziabad Vaishali,Manish Chauhan,Ghaziabad Vaishali,Private room,1200,2,47,1.2,257,28.653172,77.332154,Market Area
345,Comfortable Home in Greater Kailash,Priya Mishra,Greater Kailash,Entire home/apt,3850,1,22,0.39,151,28.534741,77.235968,Developed Residential
346,Private Room near Noida Sector 62,Riya Malhotra,Noida Sector 62,Entire home/apt,2400,1,32,0.94,221,28.628052,77.35688,Corporate/Developed Area
347,Budget Stay around Uttam Nagar,Karan Agarwal,Uttam Nagar,Entire home/apt,1550,1,26,0.46,104,28.625915,77.065786,Dense/Chawl-type Area
348,Private Room near Saket,Megha Sharma,Saket,Entire home/apt,3150,1,35,0.14,365,28.522232,77.206215,Developed Residential
349,City Stay - Connaught Place,Neha Chauhan,Connaught Place,Entire home/apt,4000,1,53,0.33,184,28.635224,77.222941,Market Area
350,Budget Stay around Dwarka,Riya Verma,Dwarka,Private room,1500,3,47,0.32,59,28.581887,77.042415,Developed Residential
351,Cozy Gurgaon Golf Course Road Studio,Deepak Mishra,Gurgaon Golf Course Road,Entire home/apt,4000,2,45,0.64,129,28.462046,77.107677,Developed Residential
352,Budget Stay around Karol Bagh,Megha Mehta,Karol Bagh,Private room,1150,14,44,0.19,334,28.644388,77.174938,Market Area
353,Premium Stay - Paharganj,Rohit Singh,Paharganj,Private room,1300,2,29,0.12,269,28.639926,77.212706,Dense/Chawl-type Area
354,Private Room near Gurgaon DLF Phase 2,Sanjay Bansal,Gurgaon DLF Phase 2,Private room,2550,1,51,1.5,180,28.494649,77.093611,Market Area
355,Cozy Karol Bagh Studio,Shreya Yadav,Karol Bagh,Private room,1500,2,3,0.43,265,28.652138,77.190021,Market Area
356,Premium Stay - Greater Kailash,Pooja Kumar,Greater Kailash,Private room,2150,2,50,0.01,293,28.550109,77.245519,Developed Residential
357,City Stay - Karol Bagh,Rahul Jain,Karol Bagh,Private room,1750,5,8,0.55,127,28.645003,77.203449,Market Area
358,Private Room near Karol Bagh,Shreya Jain,Karol Bagh,Private room,2050,1,6,0.47,332,28.658495,77.190056,Market Area
359,Family Home in Janakpuri,Priya Sharma,Janakpuri,Private room,1850,2,12,0.93,236,28.620535,77.082856,Developed Residential
360,Comfortable Home in Saket,Vikas Saini,Saket,Private room,2050,2,10,0.79,128,28.514244,77.209958,Developed Residential
361,Cozy Mehrauli Studio,Karan Kapoor,Mehrauli,Private room,1600,3,12,0.34,74,28.526609,77.173631,Dense/Chawl-type Area
362,Modern Stay near Karol Bagh,Megha Malhotra,Karol Bagh,Private room,1650,3,20,0.09,215,28.651855,77.198749,Market Area
363,Modern Stay near Noida Sector 137,Vikas Mishra,Noida Sector 137,Private room,1300,1,29,0.63,110,28.51379,77.400134,Developed Residential
364,Comfortable Home in Noida Sector 18,Shreya Verma,Noida Sector 18,Private room,1650,1,19,0.62,97,28.578179,77.339324,Market Area
365,City Stay - Dwarka,Varun Jain,Dwarka,Entire home/apt,2700,1,43,0.56,318,28.584553,77.050388,Developed Residential
366,City Stay - Ghaziabad Indirapuram,Deepak Saini,Ghaziabad Indirapuram,Entire home/apt,2400,4,44,0.22,257,28.638796,77.369778,Developed Residential
367,Private Room near Noida Sector 62,Manish Mishra,Noida Sector 62,Entire home/apt,3600,1,37,1.08,365,28.628589,77.372552,Corporate/Developed Area
368,Private Room near Noida Sector 62,Varun Singh,Noida Sector 62,Private room,1700,1,46,0.89,239,28.630649,77.363574,Corporate/Developed Area
369,Budget Stay around Noida Sector 137,Megha Gupta,Noida Sector 137,Entire home/apt,2000,7,69,1.24,191,28.515846,77.401853,Developed Residential
370,Family Home in Saket,Pooja Jain,Saket,Entire home/apt,4000,2,30,0.53,5,28.530055,77.206691,Developed Residential
371,Comfortable Home in Dwarka,Deepak Saini,Dwarka,Entire home/apt,3200,14,27,0.4,49,28.581382,77.042268,Developed Residential
372,Budget Stay around Noida Sector 18,Neha Kumar,Noida Sector 18,Private room,2150,1,5,0.34,290,28.560767,77.325983,Market Area
373,Premium Stay - Ghaziabad Indirapuram,Riya Jain,Ghaziabad Indirapuram,Entire home/apt,2200,1,23,0.1,137,28.644128,77.37293,Developed Residential
374,Cozy Karol Bagh Studio,Arjun Mishra,Karol Bagh,Entire home/apt,2650,2,9,0.08,194,28.648677,77.187256,Market Area
375,City Stay - Karol Bagh,Karan Saini,Karol Bagh,Private room,1950,2,40,0.43,127,28.65634,77.192055,Market Area
376,Private Room near Noida Sector 75,Aditya Bansal,Noida Sector 75,Entire home/apt,2450,3,7,0.27,103,28.563261,77.390412,Developed Residential
377,Premium Stay - Chattarpur,Rahul Mehta,Chattarpur,Entire home/apt,2300,1,2,0.41,190,28.50404,77.168745,Green & Peaceful
378,Bright Apartment in Lajpat Nagar,Varun Chauhan,Lajpat Nagar,Private room,1550,1,13,0.57,251,28.564893,77.238472,Market Area
379,Premium Stay - Ghaziabad Vaishali,Megha Yadav,Ghaziabad Vaishali,Entire home/apt,2350,4,39,0.35,189,28.650273,77.33304,Market Area
380,Bright Apartment in Paharganj,Nisha Mehta,Paharganj,Entire home/apt,1850,2,47,0.19,342,28.644898,77.217742,Dense/Chawl-type Area
381,Peaceful Retreat near Lajpat Nagar,Pooja Saini,Lajpat Nagar,Private room,2300,1,8,0.05,168,28.566958,77.240914,Market Area
382,Peaceful Retreat near Ghaziabad Vaishali,Aditya Malhotra,Ghaziabad Vaishali,Entire home/apt,1900,3,81,0.26,168,28.647014,77.340674,Market Area
383,Bright Apartment in Noida Sector 18,Manish Sharma,Noida Sector 18,Entire home/apt,3550,1,68,0.09,322,28.573079,77.320192,Market Area
384,Budget Stay around South Extension,Varun Saini,South Extension,Entire home/apt,3650,1,75,1.41,158,28.571802,77.228161,Market Area
385,Comfortable Home in Lajpat Nagar,Nisha Agarwal,Lajpat Nagar,Entire home/apt,2900,5,80,0.14,170,28.566792,77.234925,Market Area
386,Comfortable Home in Paharganj,Varun Sharma,Paharganj,Entire home/apt,2400,1,19,0.35,104,28.644527,77.215838,Dense/Chawl-type Area
387,Bright Apartment in Lajpat Nagar,Deepak Bansal,Lajpat Nagar,Hotel room,2500,1,41,1.39,72,28.568647,77.236716,Market Area
388,Private Room near Gurgaon Sector 47,Priya Mishra,Gurgaon Sector 47,Entire home/apt,2850,7,51,1.28,182,28.418481,77.048463,Developed Residential
389,Private Room near Ghaziabad Indirapuram,Priya Kapoor,Ghaziabad Indirapuram,Entire home/apt,1900,1,30,0.67,218,28.646098,77.375157,Developed Residential
390,Comfortable Home in Connaught Place,Amit Saini,Connaught Place,Entire home/apt,4000,4,75,0.26,279,28.635229,77.214704,Market Area
391,Comfortable Home in Green Park,Manish Mishra,Green Park,Entire home/apt,4000,2,97,0.33,260,28.555079,77.197508,Green & Peaceful
392,City Stay - Chattarpur,Neha Mehta,Chattarpur,Private room,1850,2,13,0.16,285,28.504424,77.172982,Green & Peaceful
393,Budget Stay around Hauz Khas,Riya Bansal,Hauz Khas,Entire home/apt,4000,2,46,0.74,350,28.538237,77.205285,Green & Peaceful
394,Bright Apartment in Uttam Nagar,Neha Mishra,Uttam Nagar,Entire home/apt,1950,2,19,1.03,196,28.627226,77.067569,Dense/Chawl-type Area
395,Bright Apartment in Lajpat Nagar,Megha Malhotra,Lajpat Nagar,Entire home/apt,3200,2,14,0.25,146,28.571481,77.23204,Market Area
396,Premium Stay - Noida Sector 75,Varun Mishra,Noida Sector 75,Private room,1700,3,30,0.06,223,28.564351,77.391179,Developed Residential
397,Modern Stay near Mehrauli,Rohit Bansal,Mehrauli,Private room,2150,1,80,0.58,213,28.524962,77.186244,Dense/Chawl-type Area
398,City Stay - Vikaspuri,Vikas Agarwal,Vikaspuri,Entire home/apt,2700,2,91,0.03,238,28.641319,77.066711,Developed Residential
399,Modern Stay near Lajpat Nagar,Vikas Saini,Lajpat Nagar,Entire home/apt,4000,1,15,0.78,8,28.567871,77.230833,Market Area
400,Modern Stay near Ghaziabad Indirapuram,Manish Verma,Ghaziabad Indirapuram,Entire home/apt,2050,2,29,2.08,240,28.624774,77.367221,Developed Residential
401,City Stay - Greater Kailash,Shreya Gupta,Greater Kailash,Entire home/apt,3800,1,52,0.16,223,28.556065,77.236725,Developed Residential
402,Bright Apartment in Aerocity,Amit Sharma,Aerocity,Entire home/apt,4000,2,19,0.12,98,28.550013,77.082441,Developed Residential
403,Bright Apartment in Gurgaon Sector 47,Rohit Kumar,Gurgaon Sector 47,Hotel room,4000,1,58,0.13,5,28.422718,77.037071,Developed Residential
404,Comfortable Home in Ghaziabad Indirapuram,Sanjay Malhotra,Ghaziabad Indirapuram,Entire home/apt,2500,2,31,0.21,88,28.645204,77.387888,Developed Residential
405,Budget Stay around Defence Colony,Vikas Kapoor,Defence Colony,Entire home/apt,4000,2,43,0.63,223,28.573925,77.225039,Green & Peaceful
406,Comfortable Home in Gurgaon Sector 47,Aditya Agarwal,Gurgaon Sector 47,Entire home/apt,3800,5,60,0.31,132,28.429636,77.045783,Developed Residential
407,Modern Stay near Mahipalpur,Ankit Gupta,Mahipalpur,Entire home/apt,2250,2,16,0.29,215,28.54176,77.128371,Dense/Chawl-type Area
408,Budget Stay around Faridabad Sector 15,Simran Mishra,Faridabad Sector 15,Entire home/apt,1850,3,23,0.31,209,28.416767,77.316454,Developed Residential
409,Peaceful Retreat near Noida Sector 137,Simran Agarwal,Noida Sector 137,Entire home/apt,2650,1,34,0.14,339,28.508532,77.397688,Developed Residential
410,Family Home in Gurgaon Cyber City,Varun Jain,Gurgaon Cyber City,Private room,3300,1,59,0.16,101,28.503106,77.094317,Corporate/Developed Area
411,Private Room near Faridabad Sector 15,Rahul Singh,Faridabad Sector 15,Entire home/apt,1850,4,83,1.02,131,28.402395,77.3305,Developed Residential
412,City Stay - Gurgaon Golf Course Road,Arjun Mehta,Gurgaon Golf Course Road,Entire home/apt,4000,2,24,0.13,45,28.465247,77.101246,Developed Residential
413,Private Room near Saket,Amit Jain,Saket,Private room,2000,3,107,0.35,205,28.522709,77.207191,Developed Residential
414,Premium Stay - Paharganj,Karan Agarwal,Paharganj,Hotel room,1900,5,82,0.59,5,28.64171,77.208405,Dense/Chawl-type Area
415,Private Room near Janakpuri,Ankit Verma,Janakpuri,Entire home/apt,2400,4,48,0.28,206,28.624779,77.086188,Developed Residential
416,City Stay - Noida Sector 75,Sanjay Bansal,Noida Sector 75,Entire home/apt,1800,1,22,0.22,148,28.565074,77.391759,Developed Residential
417,City Stay - Connaught Place,Manish Saini,Connaught Place,Hotel room,3800,2,23,0.55,156,28.630913,77.210052,Market Area
418,City Stay - Vikaspuri,Shreya Mishra,Vikaspuri,Entire home/apt,2200,2,64,0.86,180,28.644584,77.060606,Developed Residential
419,Private Room near Ghaziabad Indirapuram,Pooja Malhotra,Ghaziabad Indirapuram,Hotel room,1200,1,50,0.53,101,28.636945,77.361571,Developed Residential
420,Budget Stay around Faridabad Sector 15,Priya Singh,Faridabad Sector 15,Entire home/apt,1700,1,36,0.06,212,28.407362,77.314572,Developed Residential
421,Family Home in Ghaziabad Vaishali,Aditya Chauhan,Ghaziabad Vaishali,Hotel room,2300,5,3,0.45,258,28.646965,77.329145,Market Area
422,City Stay - Mahipalpur,Karan Saini,Mahipalpur,Private room,1800,1,139,2.21,201,28.560013,77.131518,Dense/Chawl-type Area
423,Budget Stay around Dwarka,Amit Mishra,Dwarka,Hotel room,1850,3,83,0.07,92,28.591591,77.055061,Developed Residential
424,Family Home in Noida Sector 18,Arjun Sharma,Noida Sector 18,Private room,2350,1,19,0.06,208,28.571786,77.339177,Market Area
425,Family Home in Karol Bagh,Rohit Jain,Karol Bagh,Hotel room,2650,1,38,0.53,303,28.646857,77.189274,Market Area
426,City Stay - Rajendra Place,Varun Mishra,Rajendra Place,Entire home/apt,2650,7,49,0.21,86,28.641641,77.180961,Developed Residential
427,Bright Apartment in Mehrauli,Vikas Bansal,Mehrauli,Private room,1300,3,63,0.39,155,28.523917,77.173535,Dense/Chawl-type Area
428,Peaceful Retreat near Mehrauli,Vikas Agarwal,Mehrauli,Entire home/apt,1950,2,57,0.14,229,28.52084,77.18637,Dense/Chawl-type Area
429,Comfortable Home in Gurgaon Golf Course Road,Simran Kumar,Gurgaon Golf Course Road,Entire home/apt,4000,4,6,0.36,319,28.450337,77.093669,Developed Residential
430,Cozy Chattarpur Studio,Priya Jain,Chattarpur,Entire home/apt,2850,1,99,0.22,232,28.505597,77.168177,Green & Peaceful
431,Private Room near Dwarka,Karan Yadav,Dwarka,Private room,1500,4,22,0.93,219,28.590081,77.045881,Developed Residential
432,Bright Apartment in Connaught Place,Rohit Bansal,Connaught Place,Private room,2800,3,64,0.25,293,28.63808,77.223204,Market Area
433,City Stay - Ghaziabad Indirapuram,Rahul Verma,Ghaziabad Indirapuram,Entire home/apt,2800,3,5,0.65,294,28.642151,77.38269,Developed Residential
434,Budget Stay around Dwarka,Riya Saini,Dwarka,Entire home/apt,3150,1,3,0.41,95,28.587029,77.039402,Developed Residential
435,Comfortable Home in Ghaziabad Indirapuram,Ankit Singh,Ghaziabad Indirapuram,Private room,1350,3,38,0.33,234,28.636052,77.37266,Developed Residential
436,Bright Apartment in Uttam Nagar,Megha Jain,Uttam Nagar,Entire home/apt,2000,2,34,0.33,242,28.61315,77.067421,Dense/Chawl-type Area
437,City Stay - Noida Sector 18,Deepak Kapoor,Noida Sector 18,Entire home/apt,2700,1,1,1.73,219,28.571857,77.321999,Market Area
438,Private Room near Defence Colony,Ankit Kumar,Defence Colony,Entire home/apt,4000,1,22,0.24,311,28.574819,77.22736,Green & Peaceful
439,Bright Apartment in Gurgaon Golf Course Road,Karan Saini,Gurgaon Golf Course Road,Entire home/apt,4000,2,13,0.17,307,28.465157,77.102924,Developed Residential
440,Modern Stay near Uttam Nagar,Priya Mehta,Uttam Nagar,Entire home/apt,2000,2,19,0.41,169,28.63509,77.064374,Dense/Chawl-type Area
441,Peaceful Retreat near Rajendra Place,Rahul Yadav,Rajendra Place,Shared room,1050,2,39,0.32,5,28.648749,77.185593,Developed Residential
442,Premium Stay - Gurgaon Cyber City,Nisha Mishra,Gurgaon Cyber City,Entire home/apt,4000,2,23,0.93,230,28.484313,77.075617,Corporate/Developed Area
443,Budget Stay around Greater Kailash,Sanjay Verma,Greater Kailash,Private room,2400,1,54,0.32,252,28.547725,77.245074,Developed Residential
444,Premium Stay - Connaught Place,Amit Kumar,Connaught Place,Private room,2950,2,24,0.28,158,28.638398,77.218479,Market Area
445,Bright Apartment in Hauz Khas,Priya Mehta,Hauz Khas,Entire home/apt,4000,1,40,0.08,267,28.553882,77.208492,Green & Peaceful
446,Budget Stay around Janakpuri,Arjun Bansal,Janakpuri,Private room,1300,1,52,0.6,128,28.622545,77.090124,Developed Residential
447,Peaceful Retreat near Lajpat Nagar,Sanjay Verma,Lajpat Nagar,Entire home/apt,3100,2,79,0.84,253,28.571526,77.245999,Market Area
448,Family Home in Chattarpur,Varun Sharma,Chattarpur,Private room,1850,1,30,0.66,127,28.505796,77.165431,Green & Peaceful
449,Family Home in Noida Sector 137,Megha Chauhan,Noida Sector 137,Entire home/apt,2450,2,19,0.6,114,28.516831,77.399702,Developed Residential
450,Modern Stay near Vikaspuri,Vikas Agarwal,Vikaspuri,Private room,1300,1,11,0.15,234,28.636875,77.072983,Developed Residential
451,City Stay - Defence Colony,Shreya Jain,Defence Colony,Private room,2650,5,53,0.41,149,28.566986,77.230032,Green & Peaceful
452,Comfortable Home in Noida Sector 18,Manish Verma,Noida Sector 18,Entire home/apt,2650,1,10,0.67,332,28.563233,77.337837,Market Area
453,City Stay - Mahipalpur,Rohit Sharma,Mahipalpur,Private room,1400,1,30,0.26,252,28.543529,77.133455,Dense/Chawl-type Area
454,Modern Stay near Defence Colony,Varun Verma,Defence Colony,Private room,2500,5,92,0.1,306,28.567959,77.231893,Green & Peaceful
455,Premium Stay - Gurgaon Golf Course Road,Vikas Jain,Gurgaon Golf Course Road,Entire home/apt,4000,1,44,0.36,287,28.453703,77.099524,Developed Residential
456,Private Room near Uttam Nagar,Rahul Malhotra,Uttam Nagar,Entire home/apt,1600,4,54,0.12,181,28.626606,77.060882,Dense/Chawl-type Area
457,Premium Stay - Mahipalpur,Sanjay Agarwal,Mahipalpur,Hotel room,1550,5,88,0.44,148,28.547005,77.133854,Dense/Chawl-type Area
458,Comfortable Home in Paharganj,Manish Bansal,Paharganj,Entire home/apt,2000,1,33,0.48,172,28.643767,77.217353,Dense/Chawl-type Area
459,Modern Stay near Old Delhi,Manish Agarwal,Old Delhi,Private room,1250,2,67,0.88,146,28.657377,77.235275,Dense/Chawl-type Area
460,Budget Stay around Faridabad Sector 15,Varun Bansal,Faridabad Sector 15,Private room,850,3,84,0.33,365,28.400038,77.310817,Developed Residential
461,Bright Apartment in Saket,Arjun Sharma,Saket,Entire home/apt,4000,1,23,0.65,211,28.51228,77.215252,Developed Residential
462,Private Room near Saket,Pooja Mehta,Saket,Entire home/apt,3300,1,10,1.96,362,28.52088,77.216604,Developed Residential
463,Bright Apartment in Vasant Kunj,Vikas Mishra,Vasant Kunj,Private room,2050,2,17,0.22,58,28.521264,77.160318,Developed Residential
464,Bright Apartment in Karol Bagh,Priya Agarwal,Karol Bagh,Private room,1900,1,81,0.25,365,28.649056,77.189299,Market Area
465,Bright Apartment in Lajpat Nagar,Megha Jain,Lajpat Nagar,Private room,2900,1,26,0.72,271,28.58063,77.241408,Market Area
466,City Stay - Defence Colony,Rohit Malhotra,Defence Colony,Private room,2400,2,17,0.75,223,28.575004,77.234452,Green & Peaceful
467,Private Room near Greater Kailash,Pooja Verma,Greater Kailash,Hotel room,2350,2,52,0.64,104,28.554588,77.242391,Developed Residential
468,Peaceful Retreat near Mahipalpur,Neha Agarwal,Mahipalpur,Private room,1100,14,15,0.87,312,28.544023,77.1233,Dense/Chawl-type Area
469,Cozy Karol Bagh Studio,Simran Sharma,Karol Bagh,Entire home/apt,2550,1,39,0.9,255,28.654001,77.187649,Market Area
470,Comfortable Home in Vikaspuri,Riya Singh,Vikaspuri,Entire home/apt,1750,1,65,0.3,323,28.646442,77.067095,Developed Residential
471,Modern Stay near Old Delhi,Aditya Singh,Old Delhi,Shared room,700,3,50,0.47,201,28.656958,77.224934,Dense/Chawl-type Area
472,Family Home in Janakpuri,Megha Singh,Janakpuri,Private room,1550,7,25,0.03,365,28.623164,77.084869,Developed Residential
473,Peaceful Retreat near Dwarka,Pooja Mishra,Dwarka,Private room,1400,2,30,0.56,295,28.592233,77.049339,Developed Residential
474,Comfortable Home in Greater Kailash,Riya Yadav,Greater Kailash,Private room,2950,3,18,0.49,365,28.561166,77.237009,Developed Residential
475,City Stay - Noida Sector 62,Simran Sharma,Noida Sector 62,Private room,1500,1,26,0.3,154,28.62877,77.355916,Corporate/Developed Area
476,Premium Stay - Gurgaon DLF Phase 2,Rahul Gupta,Gurgaon DLF Phase 2,Entire home/apt,4000,2,57,0.17,229,28.486139,77.0948,Market Area
477,Comfortable Home in Lajpat Nagar,Arjun Yadav,Lajpat Nagar,Private room,1600,3,32,0.16,266,28.567816,77.229378,Market Area
478,Cozy Noida Sector 62 Studio,Priya Agarwal,Noida Sector 62,Private room,1950,2,76,0.42,195,28.614445,77.355868,Corporate/Developed Area
479,Bright Apartment in Noida Sector 18,Rahul Sharma,Noida Sector 18,Private room,2100,1,25,0.3,190,28.563216,77.328917,Market Area
480,Bright Apartment in Janakpuri,Vikas Bansal,Janakpuri,Entire home/apt,1800,2,29,0.59,355,28.620355,77.091774,Developed Residential
481,City Stay - Hauz Khas,Amit Gupta,Hauz Khas,Entire home/apt,3300,3,56,0.04,234,28.547913,77.208022,Green & Peaceful
482,Budget Stay around Mehrauli,Rohit Gupta,Mehrauli,Shared room,850,1,31,0.1,269,28.523307,77.175253,Dense/Chawl-type Area
483,Modern Stay near Gurgaon Cyber City,Deepak Verma,Gurgaon Cyber City,Private room,3100,14,61,0.13,260,28.498718,77.077532,Corporate/Developed Area
484,Bright Apartment in Saket,Varun Mehta,Saket,Entire home/apt,3650,1,39,1.35,186,28.519109,77.207721,Developed Residential
485,Modern Stay near Noida Sector 18,Deepak Bansal,Noida Sector 18,Private room,2150,1,19,0.64,255,28.571693,77.333089,Market Area
486,Peaceful Retreat near Green Park,Shreya Kapoor,Green Park,Entire home/apt,4000,1,17,0.61,105,28.554527,77.197809,Green & Peaceful
487,Premium Stay - Old Delhi,Simran Sharma,Old Delhi,Entire home/apt,1700,14,36,0.27,365,28.664361,77.224533,Dense/Chawl-type Area
488,Cozy South Extension Studio,Karan Mehta,South Extension,Entire home/apt,4000,2,24,0.35,260,28.572283,77.215233,Market Area
489,Budget Stay around Saket,Rohit Mehta,Saket,Private room,2150,2,14,0.64,131,28.534057,77.207965,Developed Residential
490,Modern Stay near Greater Kailash,Manish Agarwal,Greater Kailash,Hotel room,3950,1,12,0.06,180,28.5432,77.245254,Developed Residential
491,Private Room near Noida Sector 18,Varun Saini,Noida Sector 18,Entire home/apt,2750,1,11,0.31,157,28.563879,77.327607,Market Area
492,Modern Stay near Saket,Neha Jain,Saket,Hotel room,2750,3,82,0.05,164,28.517614,77.209126,Developed Residential
493,Comfortable Home in Uttam Nagar,Riya Bansal,Uttam Nagar,Private room,1250,5,99,0.56,247,28.620993,77.062309,Dense/Chawl-type Area
494,City Stay - Rajendra Place,Neha Gupta,Rajendra Place,Entire home/apt,2950,1,30,0.35,297,28.644828,77.175796,Developed Residential
495,Family Home in Noida Sector 62,Simran Agarwal,Noida Sector 62,Entire home/apt,2550,7,32,1.08,298,28.6186,77.368424,Corporate/Developed Area
496,Bright Apartment in Greater Kailash,Megha Saini,Greater Kailash,Private room,2550,2,9,0.8,251,28.546262,77.247174,Developed Residential
497,Premium Stay - Gurgaon Cyber City,Nisha Bansal,Gurgaon Cyber City,Entire home/apt,4000,2,27,0.97,174,28.488821,77.08826,Corporate/Developed Area
498,Premium Stay - Noida Sector 75,Karan Mehta,Noida Sector 75,Private room,1650,1,38,0.3,135,28.551023,77.385676,Developed Residential
499,Modern Stay near Karol Bagh,Simran Malhotra,Karol Bagh,Entire home/apt,3150,1,84,0.48,91,28.656722,77.192421,Market Area
500,Premium Stay - Gurgaon Golf Course Road,Priya Mishra,Gurgaon Golf Course Road,Private room,2950,2,34,0.32,141,28.458152,77.094735,Developed Residential
501,Private Room near Green Park,Pooja Malhotra,Green Park,Entire home/apt,2550,3,55,0.3,161,28.553613,77.201018,Green & Peaceful
502,Bright Apartment in Uttam Nagar,Vikas Malhotra,Uttam Nagar,Private room,1000,1,77,0.46,232,28.624053,77.063574,Dense/Chawl-type Area
503,Budget Stay around Green Park,Shreya Malhotra,Green Park,Private room,1700,7,122,0.42,135,28.544671,77.195945,Green & Peaceful
504,Budget Stay around Janakpuri,Priya Chauhan,Janakpuri,Entire home/apt,2450,4,8,0.66,187,28.626286,77.091031,Developed Residential
505,City Stay - Ghaziabad Vaishali,Riya Agarwal,Ghaziabad Vaishali,Private room,1650,1,147,1.87,139,28.643757,77.344776,Market Area
506,Private Room near Janakpuri,Sanjay Gupta,Janakpuri,Entire home/apt,3100,3,20,0.43,33,28.628631,77.08668,Developed Residential
507,Modern Stay near Mahipalpur,Neha Verma,Mahipalpur,Private room,1400,1,25,0.12,98,28.55444,77.126663,Dense/Chawl-type Area
508,Modern Stay near Paharganj,Neha Malhotra,Paharganj,Entire home/apt,1600,5,9,0.56,205,28.637726,77.211682,Dense/Chawl-type Area
509,Comfortable Home in Ghaziabad Vaishali,Sanjay Yadav,Ghaziabad Vaishali,Private room,1650,3,6,0.45,303,28.659454,77.351327,Market Area
510,Family Home in Defence Colony,Megha Sharma,Defence Colony,Entire home/apt,3300,1,38,0.47,164,28.572498,77.23413,Green & Peaceful
511,Bright Apartment in Green Park,Megha Kapoor,Green Park,Private room,1800,5,16,0.1,365,28.551842,77.201019,Green & Peaceful
512,Bright Apartment in Mahipalpur,Priya Malhotra,Mahipalpur,Hotel room,2050,1,18,0.76,318,28.55029,77.129469,Dense/Chawl-type Area
513,Cozy Gurgaon Cyber City Studio,Manish Mishra,Gurgaon Cyber City,Shared room,1600,2,33,0.28,365,28.49887,77.088926,Corporate/Developed Area
514,City Stay - Paharganj,Karan Bansal,Paharganj,Entire home/apt,2450,1,93,0.33,115,28.648935,77.208898,Dense/Chawl-type Area
515,Family Home in South Extension,Sanjay Verma,South Extension,Entire home/apt,3700,1,31,0.5,214,28.566578,77.220527,Market Area
516,Comfortable Home in Gurgaon DLF Phase 2,Deepak Singh,Gurgaon DLF Phase 2,Private room,2650,1,87,0.29,151,28.476555,77.099218,Market Area
517,Modern Stay near Greater Kailash,Varun Singh,Greater Kailash,Hotel room,4000,2,22,0.39,184,28.548387,77.24394,Developed Residential
518,Premium Stay - Vikaspuri,Sanjay Mishra,Vikaspuri,Entire home/apt,2250,1,4,0.13,205,28.639638,77.057552,Developed Residential
519,City Stay - Janakpuri,Sanjay Verma,Janakpuri,Entire home/apt,2750,1,65,0.21,97,28.615007,77.089336,Developed Residential
520,Budget Stay around Paharganj,Aditya Singh,Paharganj,Private room,1000,1,70,0.63,226,28.651043,77.20127,Dense/Chawl-type Area
521,Family Home in Noida Sector 75,Megha Yadav,Noida Sector 75,Hotel room,2000,2,38,0.24,201,28.566632,77.397633,Developed Residential
522,Premium Stay - Mehrauli,Simran Agarwal,Mehrauli,Entire home/apt,2600,1,51,0.54,190,28.53879,77.190463,Dense/Chawl-type Area
523,City Stay - Paharganj,Amit Bansal,Paharganj,Private room,1200,1,33,0.37,242,28.640154,77.217865,Dense/Chawl-type Area
524,City Stay - Green Park,Amit Gupta,Green Park,Entire home/apt,3250,1,52,0.26,236,28.577114,77.19956,Green & Peaceful
525,Bright Apartment in Noida Sector 18,Karan Jain,Noida Sector 18,Entire home/apt,3400,2,65,0.15,180,28.584074,77.32835,Market Area
526,Comfortable Home in Connaught Place,Sanjay Sharma,Connaught Place,Shared room,1600,2,36,0.43,343,28.627901,77.207347,Market Area
527,Budget Stay around Noida Sector 137,Rahul Bansal,Noida Sector 137,Shared room,1050,1,44,0.17,153,28.504838,77.401979,Developed Residential
528,Cozy Mehrauli Studio,Neha Gupta,Mehrauli,Entire home/apt,2700,2,4,0.63,232,28.531647,77.180588,Dense/Chawl-type Area
529,Premium Stay - Saket,Neha Saini,Saket,Entire home/apt,4000,1,19,0.1,273,28.537086,77.208851,Developed Residential
530,Budget Stay around Vasant Kunj,Pooja Malhotra,Vasant Kunj,Private room,2650,1,11,0.71,7,28.520654,77.161954,Developed Residential
531,Comfortable Home in Mahipalpur,Shreya Chauhan,Mahipalpur,Private room,1700,2,44,0.25,291,28.544678,77.137356,Dense/Chawl-type Area
532,Bright Apartment in Mehrauli,Sanjay Kumar,Mehrauli,Entire home/apt,3350,5,49,0.79,111,28.522956,77.191993,Dense/Chawl-type Area
533,Modern Stay near Greater Kailash,Aditya Bansal,Greater Kailash,Entire home/apt,3650,3,12,0.34,322,28.547439,77.234061,Developed Residential
534,Comfortable Home in Greater Kailash,Rohit Gupta,Greater Kailash,Hotel room,3500,1,84,0.16,162,28.555505,77.239262,Developed Residential
535,Modern Stay near Old Delhi,Simran Sharma,Old Delhi,Hotel room,1550,14,38,0.64,39,28.663553,77.2309,Dense/Chawl-type Area
536,Budget Stay around Janakpuri,Arjun Mehta,Janakpuri,Hotel room,1800,1,12,0.87,141,28.619817,77.092425,Developed Residential
537,Private Room near Defence Colony,Varun Bansal,Defence Colony,Private room,2350,1,45,0.33,364,28.571649,77.228178,Green & Peaceful
538,Peaceful Retreat near Old Delhi,Manish Kumar,Old Delhi,Private room,1500,4,13,0.61,238,28.652962,77.237369,Dense/Chawl-type Area
539,Bright Apartment in Paharganj,Deepak Verma,Paharganj,Entire home/apt,1650,7,25,0.46,116,28.643383,77.211034,Dense/Chawl-type Area
540,City Stay - Rajendra Place,Manish Verma,Rajendra Place,Entire home/apt,3100,1,58,0.97,136,28.635423,77.177593,Developed Residential
541,Premium Stay - Vasant Kunj,Aditya Mehta,Vasant Kunj,Hotel room,3250,2,56,0.71,152,28.528458,77.151561,Developed Residential
542,Peaceful Retreat near Karol Bagh,Karan Sharma,Karol Bagh,Hotel room,2250,5,13,0.3,107,28.643416,77.177632,Market Area
543,Cozy Vikaspuri Studio,Nisha Bansal,Vikaspuri,Entire home/apt,2300,1,36,0.09,281,28.634226,77.07118,Developed Residential
544,City Stay - Noida Sector 137,Amit Singh,Noida Sector 137,Hotel room,2050,1,15,0.56,85,28.508891,77.405038,Developed Residential
545,Comfortable Home in Uttam Nagar,Pooja Yadav,Uttam Nagar,Entire home/apt,1600,1,72,0.21,288,28.620195,77.058724,Dense/Chawl-type Area
546,Bright Apartment in Rajendra Place,Arjun Kumar,Rajendra Place,Hotel room,2100,2,22,0.38,5,28.637373,77.167356,Developed Residential
547,Private Room near Vasant Kunj,Priya Sharma,Vasant Kunj,Entire home/apt,3500,1,23,0.75,146,28.508874,77.154847,Developed Residential
548,Comfortable Home in Faridabad Sector 15,Manish Gupta,Faridabad Sector 15,Entire home/apt,1700,1,12,0.52,277,28.41082,77.309358,Developed Residential
549,Peaceful Retreat near Vikaspuri,Nisha Kapoor,Vikaspuri,Entire home/apt,2950,3,10,0.24,178,28.626125,77.068387,Developed Residential
550,Bright Apartment in Gurgaon Sector 47,Deepak Kapoor,Gurgaon Sector 47,Private room,2700,4,19,0.47,149,28.42626,77.040999,Developed Residential
551,Cozy Noida Sector 75 Studio,Neha Malhotra,Noida Sector 75,Entire home/apt,2350,2,98,0.28,309,28.575105,77.395217,Developed Residential
552,Private Room near Ghaziabad Vaishali,Manish Sharma,Ghaziabad Vaishali,Private room,1600,2,29,1.2,90,28.651585,77.331346,Market Area
553,Bright Apartment in Green Park,Neha Mishra,Green Park,Entire home/apt,2600,3,96,0.5,73,28.561273,77.207734,Green & Peaceful
554,Family Home in Mehrauli,Aditya Malhotra,Mehrauli,Entire home/apt,2000,1,29,0.2,130,28.525313,77.189871,Dense/Chawl-type Area
555,Budget Stay around Mahipalpur,Nisha Saini,Mahipalpur,Shared room,1000,1,6,0.65,264,28.552485,77.115472,Dense/Chawl-type Area
556,Budget Stay around Hauz Khas,Karan Verma,Hauz Khas,Entire home/apt,3450,3,15,0.44,72,28.548324,77.19944,Green & Peaceful
557,Comfortable Home in Paharganj,Amit Chauhan,Paharganj,Private room,1700,7,38,0.38,365,28.644629,77.213712,Dense/Chawl-type Area
558,Bright Apartment in Saket,Simran Mehta,Saket,Private room,2550,2,5,0.27,274,28.536615,77.209414,Developed Residential
559,Modern Stay near Gurgaon DLF Phase 2,Neha Malhotra,Gurgaon DLF Phase 2,Entire home/apt,3500,7,44,0.41,67,28.484625,77.096293,Market Area
560,Family Home in Old Delhi,Vikas Malhotra,Old Delhi,Private room,1250,1,25,1.71,226,28.657839,77.226011,Dense/Chawl-type Area
561,Modern Stay near Hauz Khas,Nisha Kapoor,Hauz Khas,Private room,2350,1,23,0.23,223,28.551182,77.192454,Green & Peaceful
562,City Stay - Uttam Nagar,Nisha Mishra,Uttam Nagar,Private room,950,3,76,1.87,182,28.631117,77.074242,Dense/Chawl-type Area
563,Bright Apartment in Mehrauli,Riya Singh,Mehrauli,Entire home/apt,2150,1,43,0.61,178,28.515839,77.189621,Dense/Chawl-type Area
564,Premium Stay - Greater Kailash,Ankit Verma,Greater Kailash,Entire home/apt,4000,1,24,0.38,278,28.554392,77.238226,Developed Residential
565,Premium Stay - Noida Sector 18,Priya Kapoor,Noida Sector 18,Entire home/apt,3400,5,105,0.95,213,28.566141,77.325805,Market Area
566,Bright Apartment in Chattarpur,Pooja Jain,Chattarpur,Entire home/apt,2800,2,37,0.42,86,28.507967,77.180715,Green & Peaceful
567,Comfortable Home in Mahipalpur,Sanjay Saini,Mahipalpur,Entire home/apt,1800,7,61,0.21,272,28.5568,77.132491,Dense/Chawl-type Area
568,Comfortable Home in Defence Colony,Vikas Verma,Defence Colony,Hotel room,3600,4,48,0.04,167,28.568955,77.240509,Green & Peaceful
569,Comfortable Home in Uttam Nagar,Arjun Singh,Uttam Nagar,Private room,1050,4,34,0.18,128,28.622352,77.070239,Dense/Chawl-type Area
570,Modern Stay near Gurgaon Sector 47,Simran Gupta,Gurgaon Sector 47,Entire home/apt,3750,3,31,0.07,205,28.432664,77.0483,Developed Residential
571,Private Room near Vasant Kunj,Ankit Yadav,Vasant Kunj,Shared room,1050,2,82,0.24,365,28.527207,77.1552,Developed Residential
572,Family Home in Dwarka,Shreya Yadav,Dwarka,Entire home/apt,2600,1,47,0.26,134,28.599631,77.043014,Developed Residential
573,Family Home in Rajendra Place,Aditya Mehta,Rajendra Place,Entire home/apt,2850,1,4,1.44,254,28.638739,77.175741,Developed Residential
574,Bright Apartment in Mehrauli,Simran Chauhan,Mehrauli,Shared room,950,2,31,0.03,257,28.530342,77.187293,Dense/Chawl-type Area
575,Modern Stay near Mahipalpur,Rahul Mehta,Mahipalpur,Entire home/apt,2100,1,11,0.84,242,28.550971,77.130919,Dense/Chawl-type Area
576,City Stay - Noida Sector 137,Varun Mehta,Noida Sector 137,Entire home/apt,2200,2,52,0.07,169,28.511312,77.397711,Developed Residential
577,Cozy Old Delhi Studio,Arjun Bansal,Old Delhi,Entire home/apt,1950,2,30,0.94,186,28.657477,77.229996,Dense/Chawl-type Area
578,Modern Stay near Vikaspuri,Sanjay Kapoor,Vikaspuri,Private room,1200,2,48,0.48,199,28.635697,77.071214,Developed Residential
579,Private Room near Defence Colony,Karan Mehta,Defence Colony,Private room,2750,1,9,0.37,105,28.578399,77.227042,Green & Peaceful
580,Bright Apartment in Hauz Khas,Rohit Sharma,Hauz Khas,Hotel room,2500,1,39,0.22,365,28.55063,77.19036,Green & Peaceful
581,Modern Stay near Old Delhi,Karan Verma,Old Delhi,Private room,1400,1,14,0.63,171,28.643093,77.233641,Dense/Chawl-type Area
582,Premium Stay - Vasant Kunj,Simran Bansal,Vasant Kunj,Entire home/apt,3950,2,8,1.35,123,28.514017,77.158568,Developed Residential
583,Family Home in Rajendra Place,Nisha Mehta,Rajendra Place,Private room,1900,1,36,2.92,180,28.644273,77.182172,Developed Residential
584,Cozy Rajendra Place Studio,Megha Yadav,Rajendra Place,Private room,1800,1,75,0.11,236,28.648619,77.186652,Developed Residential
585,Family Home in Defence Colony,Shreya Jain,Defence Colony,Private room,1900,2,54,0.35,99,28.579781,77.227519,Green & Peaceful
586,Family Home in Uttam Nagar,Pooja Chauhan,Uttam Nagar,Entire home/apt,1250,3,4,0.56,234,28.627996,77.069036,Dense/Chawl-type Area
587,Comfortable Home in Karol Bagh,Varun Kapoor,Karol Bagh,Entire home/apt,3400,1,42,0.13,273,28.648129,77.208264,Market Area
588,Modern Stay near Mehrauli,Rohit Mehta,Mehrauli,Entire home/apt,2050,1,13,0.72,119,28.509728,77.180767,Dense/Chawl-type Area
589,Modern Stay near Mehrauli,Riya Saini,Mehrauli,Private room,1500,2,24,0.05,142,28.520314,77.181579,Dense/Chawl-type Area
590,Comfortable Home in Uttam Nagar,Deepak Agarwal,Uttam Nagar,Entire home/apt,1550,1,7,1.08,279,28.616391,77.065578,Dense/Chawl-type Area
591,Private Room near Karol Bagh,Rohit Singh,Karol Bagh,Entire home/apt,2200,2,6,1.41,5,28.649295,77.189334,Market Area
592,Premium Stay - Paharganj,Shreya Kapoor,Paharganj,Entire home/apt,2450,4,75,1.33,5,28.646678,77.225549,Dense/Chawl-type Area
593,Bright Apartment in Hauz Khas,Simran Gupta,Hauz Khas,Private room,2450,2,13,0.31,363,28.543992,77.203134,Green & Peaceful
594,City Stay - Vikaspuri,Sanjay Jain,Vikaspuri,Private room,1400,1,5,0.15,167,28.640917,77.073035,Developed Residential
595,Bright Apartment in Noida Sector 62,Nisha Malhotra,Noida Sector 62,Entire home/apt,3700,1,52,0.47,268,28.628,77.371986,Corporate/Developed Area
596,Bright Apartment in Chattarpur,Simran Sharma,Chattarpur,Entire home/apt,3000,3,28,0.27,125,28.513933,77.183145,Green & Peaceful
597,Modern Stay near Janakpuri,Neha Chauhan,Janakpuri,Private room,2100,1,32,0.08,147,28.628895,77.077799,Developed Residential
598,Budget Stay around Lajpat Nagar,Megha Agarwal,Lajpat Nagar,Entire home/apt,2300,2,54,0.27,365,28.561849,77.256551,Market Area
599,Family Home in Rajendra Place,Karan Kumar,Rajendra Place,Entire home/apt,2550,2,84,0.49,237,28.638447,77.183854,Developed Residential
600,Modern Stay near Ghaziabad Indirapuram,Rahul Chauhan,Ghaziabad Indirapuram,Entire home/apt,2200,4,29,0.31,232,28.63379,77.373719,Developed Residential
601,Comfortable Home in Gurgaon Cyber City,Aditya Agarwal,Gurgaon Cyber City,Private room,3050,1,119,0.6,129,28.495246,77.09161,Corporate/Developed Area
602,Budget Stay around Gurgaon Golf Course Road,Sanjay Kumar,Gurgaon Golf Course Road,Shared room,1800,1,64,0.12,177,28.463341,77.093848,Developed Residential
603,Modern Stay near Uttam Nagar,Rahul Bansal,Uttam Nagar,Entire home/apt,1800,1,13,0.26,174,28.614486,77.07184,Dense/Chawl-type Area
604,Budget Stay around Ghaziabad Vaishali,Karan Kapoor,Ghaziabad Vaishali,Entire home/apt,2000,4,9,0.53,280,28.650834,77.34443,Market Area
605,Comfortable Home in Gurgaon Sector 47,Riya Mishra,Gurgaon Sector 47,Private room,2250,2,24,0.48,18,28.424977,77.034196,Developed Residential
606,Budget Stay around Lajpat Nagar,Deepak Verma,Lajpat Nagar,Private room,1750,2,18,0.16,260,28.57207,77.248266,Market Area
607,Cozy Mahipalpur Studio,Deepak Chauhan,Mahipalpur,Private room,1550,2,35,0.3,77,28.543634,77.137263,Dense/Chawl-type Area
608,Comfortable Home in Noida Sector 75,Sanjay Kumar,Noida Sector 75,Entire home/apt,2850,3,66,0.5,351,28.570883,77.402926,Developed Residential
609,Private Room near Old Delhi,Pooja Chauhan,Old Delhi,Entire home/apt,2100,3,14,0.99,259,28.647149,77.23311,Dense/Chawl-type Area
610,Comfortable Home in Karol Bagh,Pooja Singh,Karol Bagh,Private room,1750,1,56,1.11,210,28.648542,77.192052,Market Area
611,City Stay - Noida Sector 62,Rahul Verma,Noida Sector 62,Entire home/apt,3450,1,24,0.54,201,28.629391,77.366372,Corporate/Developed Area
612,Premium Stay - Saket,Priya Kapoor,Saket,Entire home/apt,4000,2,29,0.76,226,28.520873,77.207984,Developed Residential
613,Bright Apartment in Vikaspuri,Deepak Sharma,Vikaspuri,Entire home/apt,1950,2,69,0.67,135,28.632277,77.07272,Developed Residential
614,Family Home in Mahipalpur,Simran Gupta,Mahipalpur,Entire home/apt,1600,3,21,0.63,87,28.557982,77.124331,Dense/Chawl-type Area
615,Comfortable Home in Uttam Nagar,Nisha Gupta,Uttam Nagar,Private room,950,1,6,1.57,208,28.616971,77.057556,Dense/Chawl-type Area
616,Family Home in Hauz Khas,Ankit Mishra,Hauz Khas,Entire home/apt,3850,2,32,0.38,331,28.562655,77.197922,Green & Peaceful
617,Private Room near Uttam Nagar,Ankit Saini,Uttam Nagar,Private room,850,1,15,0.19,273,28.626691,77.064049,Dense/Chawl-type Area
618,Bright Apartment in Vasant Kunj,Rohit Malhotra,Vasant Kunj,Private room,1900,1,3,0.86,170,28.534767,77.162267,Developed Residential
619,Family Home in Defence Colony,Vikas Mehta,Defence Colony,Entire home/apt,3200,1,42,0.35,356,28.57786,77.236885,Green & Peaceful
620,Private Room near Janakpuri,Karan Yadav,Janakpuri,Entire home/apt,2300,1,81,0.39,106,28.621802,77.093688,Developed Residential
621,Peaceful Retreat near Mehrauli,Vikas Kapoor,Mehrauli,Private room,1750,1,7,0.28,152,28.517917,77.199251,Dense/Chawl-type Area
622,Private Room near Uttam Nagar,Karan Yadav,Uttam Nagar,Entire home/apt,2250,2,130,0.05,157,28.627364,77.055369,Dense/Chawl-type Area
623,Family Home in Paharganj,Pooja Chauhan,Paharganj,Entire home/apt,1900,2,25,1.18,196,28.656079,77.216125,Dense/Chawl-type Area
624,City Stay - Janakpuri,Shreya Mehta,Janakpuri,Entire home/apt,2300,1,21,1.12,301,28.607688,77.09255,Developed Residential
625,Premium Stay - Saket,Nisha Kapoor,Saket,Entire home/apt,3000,1,82,0.89,147,28.527387,77.209824,Developed Residential
626,Peaceful Retreat near Vikaspuri,Manish Gupta,Vikaspuri,Entire home/apt,2500,1,32,0.15,5,28.635586,77.074554,Developed Residential
627,City Stay - Lajpat Nagar,Simran Gupta,Lajpat Nagar,Entire home/apt,3050,1,86,0.8,147,28.568538,77.24374,Market Area
628,Private Room near Mahipalpur,Rohit Agarwal,Mahipalpur,Private room,1550,1,15,0.31,197,28.546063,77.122762,Dense/Chawl-type Area
629,Modern Stay near Noida Sector 137,Sanjay Kapoor,Noida Sector 137,Private room,1600,1,35,0.51,148,28.510303,77.398759,Developed Residential
630,Modern Stay near Karol Bagh,Deepak Mishra,Karol Bagh,Private room,1850,3,87,0.36,133,28.645964,77.186363,Market Area
631,Comfortable Home in Chattarpur,Karan Verma,Chattarpur,Entire home/apt,2650,2,65,1.01,20,28.511871,77.170137,Green & Peaceful
632,Premium Stay - Mahipalpur,Arjun Mehta,Mahipalpur,Entire home/apt,2350,4,125,0.2,190,28.558074,77.124094,Dense/Chawl-type Area
633,Budget Stay around Noida Sector 137,Rahul Mishra,Noida Sector 137,Private room,2100,4,22,1.13,155,28.517714,77.413352,Developed Residential
634,Peaceful Retreat near Connaught Place,Neha Jain,Connaught Place,Private room,2900,1,37,0.35,166,28.637078,77.214108,Market Area
635,Bright Apartment in Defence Colony,Shreya Jain,Defence Colony,Private room,3700,1,28,0.38,163,28.580236,77.224083,Green & Peaceful
636,Cozy Old Delhi Studio,Amit Malhotra,Old Delhi,Private room,1100,2,31,0.32,40,28.667607,77.241442,Dense/Chawl-type Area
637,Bright Apartment in Mahipalpur,Nisha Kapoor,Mahipalpur,Private room,1200,1,85,1.5,127,28.546239,77.127446,Dense/Chawl-type Area
638,Modern Stay near Mahipalpur,Vikas Malhotra,Mahipalpur,Private room,1250,7,7,0.35,77,28.545709,77.128241,Dense/Chawl-type Area
639,Cozy Noida Sector 18 Studio,Sanjay Singh,Noida Sector 18,Private room,1950,3,7,0.44,53,28.566812,77.320583,Market Area
640,Modern Stay near Lajpat Nagar,Riya Jain,Lajpat Nagar,Private room,2150,1,14,0.56,275,28.563465,77.245458,Market Area
641,Comfortable Home in Paharganj,Riya Yadav,Paharganj,Private room,1400,1,45,0.4,239,28.640719,77.205294,Dense/Chawl-type Area
642,City Stay - Ghaziabad Vaishali,Rahul Sharma,Ghaziabad Vaishali,Entire home/apt,2900,1,26,0.68,259,28.643837,77.330498,Market Area
643,Comfortable Home in Gurgaon DLF Phase 2,Varun Saini,Gurgaon DLF Phase 2,Hotel room,2750,1,18,0.01,217,28.478043,77.087928,Market Area
644,Family Home in Noida Sector 18,Varun Mehta,Noida Sector 18,Private room,1900,2,65,0.1,163,28.567227,77.326204,Market Area
645,Modern Stay near Paharganj,Amit Jain,Paharganj,Private room,1550,1,10,0.24,92,28.650776,77.20881,Dense/Chawl-type Area
646,Peaceful Retreat near Lajpat Nagar,Amit Kumar,Lajpat Nagar,Entire home/apt,3000,7,91,0.14,190,28.565624,77.24134,Market Area
647,Family Home in Gurgaon Sector 47,Rahul Kapoor,Gurgaon Sector 47,Entire home/apt,3400,2,35,0.01,303,28.423037,77.042536,Developed Residential
648,Modern Stay near Defence Colony,Deepak Malhotra,Defence Colony,Shared room,1850,1,2,0.78,68,28.573328,77.239543,Green & Peaceful
649,City Stay - Vikaspuri,Karan Singh,Vikaspuri,Entire home/apt,2150,2,65,0.74,299,28.645091,77.069601,Developed Residential
650,Peaceful Retreat near Connaught Place,Priya Sharma,Connaught Place,Private room,2700,1,58,0.51,84,28.64222,77.214203,Market Area
651,Family Home in Faridabad Sector 15,Manish Agarwal,Faridabad Sector 15,Private room,1350,3,9,1.22,132,28.407064,77.318673,Developed Residential
652,Modern Stay near Dwarka,Shreya Verma,Dwarka,Private room,1550,2,3,0.09,290,28.581658,77.044816,Developed Residential
653,Premium Stay - Hauz Khas,Varun Bansal,Hauz Khas,Entire home/apt,4000,2,50,0.63,139,28.554322,77.194394,Green & Peaceful
654,Premium Stay - Green Park,Amit Agarwal,Green Park,Entire home/apt,4000,1,13,0.05,57,28.568899,77.210436,Green & Peaceful
655,Comfortable Home in Gurgaon Sector 47,Aditya Singh,Gurgaon Sector 47,Private room,2150,2,44,0.21,194,28.435173,77.048112,Developed Residential
656,Cozy Noida Sector 18 Studio,Karan Malhotra,Noida Sector 18,Entire home/apt,3850,3,54,0.42,260,28.573898,77.31823,Market Area
657,Peaceful Retreat near Rajendra Place,Simran Chauhan,Rajendra Place,Hotel room,2550,3,129,0.28,220,28.648936,77.174349,Developed Residential
658,Comfortable Home in Chattarpur,Aditya Malhotra,Chattarpur,Private room,1550,1,43,0.3,304,28.488882,77.173148,Green & Peaceful
659,Bright Apartment in Gurgaon DLF Phase 2,Neha Kapoor,Gurgaon DLF Phase 2,Private room,3350,1,26,0.13,30,28.487969,77.092974,Market Area
660,Premium Stay - Janakpuri,Neha Kapoor,Janakpuri,Entire home/apt,2200,2,47,0.16,247,28.621852,77.093614,Developed Residential
661,Premium Stay - Greater Kailash,Deepak Yadav,Greater Kailash,Private room,2000,1,54,0.91,277,28.54899,77.244537,Developed Residential
662,Budget Stay around Rajendra Place,Megha Sharma,Rajendra Place,Entire home/apt,4000,1,33,0.07,101,28.641147,77.187088,Developed Residential
663,Budget Stay around Saket,Varun Sharma,Saket,Private room,2450,1,22,0.21,132,28.522038,77.208895,Developed Residential
664,Cozy Greater Kailash Studio,Sanjay Kumar,Greater Kailash,Private room,2150,7,24,0.07,54,28.545452,77.241582,Developed Residential
665,Modern Stay near Karol Bagh,Sanjay Yadav,Karol Bagh,Entire home/apt,2150,2,71,0.52,133,28.653427,77.187429,Market Area
666,Modern Stay near Ghaziabad Indirapuram,Sanjay Singh,Ghaziabad Indirapuram,Entire home/apt,2900,2,46,0.39,178,28.643908,77.368563,Developed Residential
667,Bright Apartment in Dwarka,Aditya Saini,Dwarka,Entire home/apt,2100,1,16,0.17,241,28.596316,77.047445,Developed Residential
668,Bright Apartment in Uttam Nagar,Rahul Sharma,Uttam Nagar,Hotel room,1300,1,36,0.41,179,28.625047,77.055558,Dense/Chawl-type Area
669,Comfortable Home in Lajpat Nagar,Megha Chauhan,Lajpat Nagar,Private room,1900,1,55,0.42,206,28.56856,77.240205,Market Area
670,Private Room near Karol Bagh,Shreya Saini,Karol Bagh,Entire home/apt,2200,1,57,0.51,329,28.657017,77.183992,Market Area
671,Comfortable Home in Aerocity,Ankit Yadav,Aerocity,Hotel room,4000,5,75,0.38,181,28.547722,77.081519,Developed Residential
672,Private Room near Karol Bagh,Neha Saini,Karol Bagh,Private room,1650,2,55,0.53,224,28.660158,77.185717,Market Area
673,Peaceful Retreat near Noida Sector 137,Rohit Kumar,Noida Sector 137,Private room,1400,4,104,0.84,236,28.499043,77.402005,Developed Residential
674,Peaceful Retreat near Paharganj,Rohit Yadav,Paharganj,Entire home/apt,2650,5,39,0.22,160,28.64597,77.221434,Dense/Chawl-type Area
675,City Stay - Noida Sector 62,Rohit Chauhan,Noida Sector 62,Entire home/apt,2900,5,59,0.57,42,28.624641,77.355492,Corporate/Developed Area
676,Premium Stay - Chattarpur,Deepak Malhotra,Chattarpur,Entire home/apt,2200,4,38,0.28,196,28.504949,77.177476,Green & Peaceful
677,Cozy Vasant Kunj Studio,Varun Kumar,Vasant Kunj,Private room,2300,2,42,0.65,282,28.523327,77.159783,Developed Residential
678,Bright Apartment in Dwarka,Pooja Kumar,Dwarka,Entire home/apt,3500,2,12,1.53,189,28.584966,77.056067,Developed Residential
679,Bright Apartment in Aerocity,Rohit Mishra,Aerocity,Private room,2500,4,59,0.38,319,28.554753,77.084347,Developed Residential
680,Bright Apartment in Chattarpur,Arjun Verma,Chattarpur,Private room,1750,1,72,1.06,51,28.501813,77.178226,Green & Peaceful
681,Budget Stay around Rajendra Place,Manish Jain,Rajendra Place,Private room,1950,2,25,1.08,5,28.652037,77.172816,Developed Residential
682,Budget Stay around Gurgaon Cyber City,Shreya Jain,Gurgaon Cyber City,Entire home/apt,4000,1,7,0.29,365,28.481044,77.086185,Corporate/Developed Area
683,Private Room near Noida Sector 75,Riya Gupta,Noida Sector 75,Entire home/apt,2300,1,32,0.26,122,28.571343,77.393496,Developed Residential
684,Premium Stay - Ghaziabad Vaishali,Varun Chauhan,Ghaziabad Vaishali,Entire home/apt,2100,2,14,0.3,158,28.651769,77.329233,Market Area
685,Modern Stay near Janakpuri,Arjun Yadav,Janakpuri,Entire home/apt,2900,1,18,0.26,365,28.624523,77.088352,Developed Residential
686,Budget Stay around Old Delhi,Manish Verma,Old Delhi,Private room,1350,5,20,0.9,365,28.656384,77.22742,Dense/Chawl-type Area
687,Comfortable Home in Gurgaon Golf Course Road,Simran Mishra,Gurgaon Golf Course Road,Private room,3050,1,14,1.56,365,28.461041,77.099931,Developed Residential
688,Bright Apartment in Mehrauli,Megha Kumar,Mehrauli,Private room,1850,1,66,0.33,147,28.517333,77.180504,Dense/Chawl-type Area
689,Bright Apartment in Gurgaon Golf Course Road,Priya Verma,Gurgaon Golf Course Road,Entire home/apt,4000,2,37,0.42,222,28.454611,77.091142,Developed Residential
690,Private Room near Karol Bagh,Karan Kumar,Karol Bagh,Entire home/apt,3400,2,9,0.44,226,28.646366,77.186955,Market Area
691,Budget Stay around Lajpat Nagar,Simran Saini,Lajpat Nagar,Hotel room,2300,4,16,0.14,294,28.56803,77.245835,Market Area
692,Private Room near Noida Sector 18,Ankit Saini,Noida Sector 18,Entire home/apt,2850,1,20,0.22,261,28.570097,77.3304,Market Area
693,Cozy Connaught Place Studio,Sanjay Mehta,Connaught Place,Entire home/apt,4000,4,69,0.11,365,28.631311,77.218244,Market Area
694,Budget Stay around Noida Sector 137,Sanjay Bansal,Noida Sector 137,Entire home/apt,2100,1,20,1.44,102,28.514117,77.414534,Developed Residential
695,Cozy Aerocity Studio,Arjun Agarwal,Aerocity,Private room,2800,14,61,0.64,164,28.546893,77.081426,Developed Residential
696,Budget Stay around Uttam Nagar,Neha Agarwal,Uttam Nagar,Private room,1250,2,67,0.04,300,28.61601,77.058886,Dense/Chawl-type Area
697,Comfortable Home in Aerocity,Sanjay Kapoor,Aerocity,Entire home/apt,3450,1,34,1.52,365,28.555283,77.0907,Developed Residential
698,Family Home in Vasant Kunj,Amit Gupta,Vasant Kunj,Private room,2300,1,38,0.49,159,28.524318,77.156878,Developed Residential
699,Comfortable Home in Saket,Shreya Sharma,Saket,Entire home/apt,4000,1,114,1.03,235,28.530413,77.215962,Developed Residential
700,Bright Apartment in Uttam Nagar,Neha Singh,Uttam Nagar,Entire home/apt,1200,5,43,0.19,98,28.615076,77.067464,Dense/Chawl-type Area
701,Family Home in Karol Bagh,Sanjay Malhotra,Karol Bagh,Entire home/apt,2050,1,50,0.91,145,28.649613,77.195314,Market Area
702,Comfortable Home in Faridabad Sector 15,Rohit Bansal,Faridabad Sector 15,Private room,1150,1,22,0.19,189,28.412064,77.318114,Developed Residential
703,Bright Apartment in Gurgaon Sector 47,Shreya Chauhan,Gurgaon Sector 47,Private room,2300,2,83,0.85,274,28.441964,77.027644,Developed Residential
704,Modern Stay near Noida Sector 62,Shreya Yadav,Noida Sector 62,Entire home/apt,3150,1,160,0.32,235,28.620058,77.366835,Corporate/Developed Area
705,Premium Stay - Saket,Aditya Gupta,Saket,Hotel room,2500,1,20,1.35,321,28.522942,77.211783,Developed Residential
706,Bright Apartment in Mehrauli,Sanjay Malhotra,Mehrauli,Private room,1850,5,24,0.58,248,28.527265,77.176366,Dense/Chawl-type Area
707,Modern Stay near Chattarpur,Arjun Singh,Chattarpur,Private room,1800,1,29,0.91,242,28.503306,77.179042,Green & Peaceful
708,Comfortable Home in Dwarka,Amit Saini,Dwarka,Entire home/apt,2700,2,25,0.65,357,28.593517,77.040365,Developed Residential
709,Budget Stay around Chattarpur,Varun Kapoor,Chattarpur,Entire home/apt,3650,1,2,0.1,317,28.513744,77.183378,Green & Peaceful
710,City Stay - Janakpuri,Megha Verma,Janakpuri,Entire home/apt,2100,7,89,0.08,255,28.620046,77.075173,Developed Residential
711,Private Room near Mehrauli,Arjun Saini,Mehrauli,Private room,1550,3,61,0.09,318,28.524109,77.201838,Dense/Chawl-type Area
712,City Stay - Janakpuri,Pooja Bansal,Janakpuri,Entire home/apt,2150,1,26,0.12,288,28.61029,77.086904,Developed Residential
713,Modern Stay near Dwarka,Varun Singh,Dwarka,Entire home/apt,2300,14,36,1.14,114,28.591073,77.053484,Developed Residential
714,Modern Stay near Gurgaon Cyber City,Rahul Mishra,Gurgaon Cyber City,Entire home/apt,4000,1,54,0.34,48,28.503053,77.077395,Corporate/Developed Area
715,Private Room near Ghaziabad Vaishali,Shreya Gupta,Ghaziabad Vaishali,Private room,1500,1,81,0.7,214,28.644709,77.334835,Market Area
716,Bright Apartment in South Extension,Neha Yadav,South Extension,Shared room,1650,1,48,0.06,182,28.570458,77.222555,Market Area
717,Modern Stay near Karol Bagh,Sanjay Saini,Karol Bagh,Private room,2050,3,16,0.18,267,28.639192,77.188524,Market Area
718,City Stay - Gurgaon Sector 47,Megha Kapoor,Gurgaon Sector 47,Entire home/apt,3400,7,11,0.13,365,28.439887,77.043317,Developed Residential
719,Comfortable Home in Dwarka,Karan Mishra,Dwarka,Private room,1600,7,26,1.18,239,28.587904,77.048488,Developed Residential
720,Bright Apartment in Chattarpur,Ankit Yadav,Chattarpur,Entire home/apt,2550,3,52,2.21,365,28.504301,77.16285,Green & Peaceful
721,Modern Stay near Vikaspuri,Deepak Singh,Vikaspuri,Hotel room,1950,2,66,0.63,195,28.64745,77.074553,Developed Residential
722,Comfortable Home in Ghaziabad Vaishali,Pooja Yadav,Ghaziabad Vaishali,Entire home/apt,2350,1,100,1.67,266,28.663204,77.336733,Market Area
723,Private Room near Karol Bagh,Vikas Yadav,Karol Bagh,Entire home/apt,2550,3,49,0.14,39,28.663561,77.20306,Market Area
724,Premium Stay - Old Delhi,Amit Chauhan,Old Delhi,Entire home/apt,1550,1,31,1.38,307,28.657671,77.236361,Dense/Chawl-type Area
725,Private Room near Gurgaon Sector 47,Aditya Chauhan,Gurgaon Sector 47,Entire home/apt,3450,1,40,0.75,162,28.427371,77.041884,Developed Residential
726,Family Home in South Extension,Megha Gupta,South Extension,Entire home/apt,4000,1,84,0.17,183,28.57494,77.225501,Market Area
727,City Stay - Gurgaon Golf Course Road,Neha Verma,Gurgaon Golf Course Road,Entire home/apt,4000,7,109,0.25,365,28.459513,77.095125,Developed Residential
728,Private Room near Mahipalpur,Nisha Saini,Mahipalpur,Private room,1500,7,36,0.33,198,28.554044,77.129471,Dense/Chawl-type Area
729,Budget Stay around Noida Sector 62,Deepak Malhotra,Noida Sector 62,Entire home/apt,2750,2,14,0.87,183,28.625955,77.375185,Corporate/Developed Area
730,Comfortable Home in Saket,Aditya Verma,Saket,Shared room,1900,1,24,0.43,114,28.531898,77.200261,Developed Residential
731,Modern Stay near Gurgaon Cyber City,Riya Agarwal,Gurgaon Cyber City,Private room,3400,2,31,0.24,112,28.487047,77.093223,Corporate/Developed Area
732,Premium Stay - Mehrauli,Shreya Mehta,Mehrauli,Private room,1300,1,15,0.39,103,28.53063,77.194118,Dense/Chawl-type Area
733,Premium Stay - Noida Sector 18,Sanjay Gupta,Noida Sector 18,Entire home/apt,2600,1,12,0.53,20,28.579594,77.321236,Market Area
734,Comfortable Home in Connaught Place,Aditya Gupta,Connaught Place,Entire home/apt,4000,1,33,0.47,221,28.634348,77.220946,Market Area
735,Cozy Vikaspuri Studio,Manish Kapoor,Vikaspuri,Private room,1150,2,21,1.19,227,28.639808,77.069781,Developed Residential
736,Comfortable Home in Noida Sector 62,Priya Kapoor,Noida Sector 62,Private room,1300,3,22,0.25,82,28.62209,77.372847,Corporate/Developed Area
737,Comfortable Home in Paharganj,Karan Gupta,Paharganj,Private room,1200,1,20,1.04,234,28.643414,77.205849,Dense/Chawl-type Area
738,Peaceful Retreat near Lajpat Nagar,Riya Jain,Lajpat Nagar,Hotel room,3500,3,18,0.14,172,28.576836,77.238586,Market Area
739,City Stay - South Extension,Sanjay Kapoor,South Extension,Private room,3150,7,22,0.04,249,28.572255,77.223135,Market Area
740,Peaceful Retreat near Uttam Nagar,Neha Kumar,Uttam Nagar,Private room,1150,1,60,0.32,255,28.62674,77.066281,Dense/Chawl-type Area
741,Comfortable Home in Mahipalpur,Megha Kumar,Mahipalpur,Private room,1250,4,8,0.32,336,28.549654,77.131288,Dense/Chawl-type Area
742,Premium Stay - Gurgaon DLF Phase 2,Karan Bansal,Gurgaon DLF Phase 2,Entire home/apt,4000,1,59,0.15,268,28.469709,77.099781,Market Area
743,Comfortable Home in Noida Sector 75,Neha Kapoor,Noida Sector 75,Shared room,700,1,57,0.18,203,28.566513,77.38643,Developed Residential
744,Comfortable Home in Mahipalpur,Aditya Bansal,Mahipalpur,Entire home/apt,2050,2,14,0.27,71,28.549774,77.121628,Dense/Chawl-type Area
745,Family Home in Mahipalpur,Ankit Agarwal,Mahipalpur,Private room,1300,1,15,0.42,365,28.565553,77.129547,Dense/Chawl-type Area
746,Family Home in Janakpuri,Simran Chauhan,Janakpuri,Entire home/apt,2750,7,16,0.89,243,28.624348,77.091367,Developed Residential
747,Cozy Chattarpur Studio,Rohit Mishra,Chattarpur,Entire home/apt,2450,1,13,0.79,146,28.497912,77.171366,Green & Peaceful
748,Family Home in Ghaziabad Vaishali,Neha Sharma,Ghaziabad Vaishali,Private room,1450,1,19,0.04,237,28.647234,77.334865,Market Area
749,Peaceful Retreat near Noida Sector 75,Arjun Agarwal,Noida Sector 75,Private room,1250,1,29,1.46,5,28.569172,77.400512,Developed Residential
750,Family Home in Noida Sector 137,Aditya Malhotra,Noida Sector 137,Entire home/apt,2200,5,23,0.71,283,28.504928,77.405135,Developed Residential
751,Premium Stay - Green Park,Amit Mehta,Green Park,Entire home/apt,2600,1,20,1.81,365,28.560231,77.210521,Green & Peaceful
752,City Stay - Paharganj,Karan Agarwal,Paharganj,Private room,1400,1,6,0.8,128,28.645167,77.218543,Dense/Chawl-type Area
753,Budget Stay around Lajpat Nagar,Varun Singh,Lajpat Nagar,Private room,2400,3,1,0.74,221,28.570407,77.242861,Market Area
754,Modern Stay near Noida Sector 137,Karan Mehta,Noida Sector 137,Entire home/apt,2050,14,27,0.7,365,28.508642,77.3975,Developed Residential
755,Private Room near Connaught Place,Rohit Gupta,Connaught Place,Entire home/apt,4000,2,16,0.33,262,28.63126,77.22147,Market Area
756,Private Room near Uttam Nagar,Manish Mehta,Uttam Nagar,Private room,1300,1,115,0.45,224,28.621196,77.051421,Dense/Chawl-type Area
757,Family Home in Connaught Place,Pooja Chauhan,Connaught Place,Private room,3200,5,81,0.43,59,28.624728,77.222535,Market Area
758,Bright Apartment in Green Park,Rahul Chauhan,Green Park,Entire home/apt,4000,1,10,0.5,156,28.562432,77.195592,Green & Peaceful
759,Comfortable Home in Gurgaon DLF Phase 2,Sanjay Malhotra,Gurgaon DLF Phase 2,Private room,2200,1,18,1.26,5,28.479815,77.092628,Market Area
760,Premium Stay - Hauz Khas,Sanjay Kapoor,Hauz Khas,Private room,1950,1,35,0.31,66,28.549208,77.205442,Green & Peaceful
761,Peaceful Retreat near Aerocity,Priya Chauhan,Aerocity,Shared room,2150,1,44,0.5,133,28.554088,77.092682,Developed Residential
762,City Stay - Paharganj,Shreya Verma,Paharganj,Entire home/apt,1950,2,11,0.31,86,28.650551,77.212736,Dense/Chawl-type Area
763,Comfortable Home in Hauz Khas,Shreya Singh,Hauz Khas,Private room,2350,2,15,0.31,220,28.55837,77.192222,Green & Peaceful
764,City Stay - Chattarpur,Priya Sharma,Chattarpur,Entire home/apt,3000,1,35,0.67,96,28.496362,77.17737,Green & Peaceful
765,Family Home in Aerocity,Nisha Mishra,Aerocity,Entire home/apt,4000,1,14,0.91,271,28.549458,77.093267,Developed Residential
766,Comfortable Home in Lajpat Nagar,Manish Singh,Lajpat Nagar,Entire home/apt,3250,1,35,0.48,8,28.573372,77.239985,Market Area
767,Family Home in Janakpuri,Riya Jain,Janakpuri,Entire home/apt,2050,1,11,0.41,250,28.620446,77.094695,Developed Residential
768,Comfortable Home in Janakpuri,Riya Singh,Janakpuri,Entire home/apt,2500,3,100,0.75,117,28.615722,77.084896,Developed Residential
769,Private Room near Hauz Khas,Varun Kapoor,Hauz Khas,Entire home/apt,4000,1,14,0.21,138,28.544145,77.203297,Green & Peaceful
770,City Stay - Gurgaon DLF Phase 2,Varun Jain,Gurgaon DLF Phase 2,Private room,2300,3,18,0.61,151,28.476832,77.094787,Market Area
771,Modern Stay near Gurgaon DLF Phase 2,Varun Sharma,Gurgaon DLF Phase 2,Private room,3400,2,68,0.09,247,28.485104,77.101351,Market Area
772,Private Room near Noida Sector 18,Nisha Kapoor,Noida Sector 18,Entire home/apt,2550,1,27,0.68,135,28.575022,77.320565,Market Area
773,Family Home in Faridabad Sector 15,Vikas Singh,Faridabad Sector 15,Entire home/apt,1700,2,26,0.57,137,28.415971,77.316003,Developed Residential
774,Cozy Noida Sector 18 Studio,Sanjay Sharma,Noida Sector 18,Private room,1600,2,6,1.14,211,28.575073,77.324624,Market Area
775,Family Home in South Extension,Karan Mehta,South Extension,Private room,2500,1,35,0.06,365,28.571719,77.22096,Market Area
776,Premium Stay - Karol Bagh,Varun Kumar,Karol Bagh,Hotel room,2450,3,23,0.34,269,28.656357,77.18469,Market Area
777,Modern Stay near Noida Sector 62,Amit Mishra,Noida Sector 62,Entire home/apt,2750,3,33,0.49,71,28.619211,77.372785,Corporate/Developed Area
778,City Stay - Mahipalpur,Manish Gupta,Mahipalpur,Entire home/apt,2300,2,29,1.24,112,28.55923,77.133926,Dense/Chawl-type Area
779,Budget Stay around Noida Sector 18,Sanjay Yadav,Noida Sector 18,Private room,1700,14,68,0.16,168,28.576891,77.326648,Market Area
780,Budget Stay around Uttam Nagar,Sanjay Sharma,Uttam Nagar,Hotel room,2200,1,70,0.52,23,28.62813,77.066163,Dense/Chawl-type Area
781,Premium Stay - Dwarka,Rohit Bansal,Dwarka,Hotel room,2300,3,8,0.33,218,28.581098,77.040998,Developed Residential
782,Premium Stay - Vikaspuri,Pooja Chauhan,Vikaspuri,Entire home/apt,2000,1,86,0.2,17,28.643785,77.074327,Developed Residential
783,Budget Stay around Noida Sector 18,Karan Verma,Noida Sector 18,Entire home/apt,3250,1,21,0.53,158,28.572503,77.331775,Market Area
784,Premium Stay - Noida Sector 62,Deepak Mehta,Noida Sector 62,Entire home/apt,3250,1,12,0.31,308,28.62495,77.358901,Corporate/Developed Area
785,Family Home in Ghaziabad Indirapuram,Arjun Mishra,Ghaziabad Indirapuram,Entire home/apt,3100,1,30,0.29,356,28.649791,77.365651,Developed Residential
786,Comfortable Home in Karol Bagh,Simran Verma,Karol Bagh,Hotel room,2250,4,26,0.33,198,28.645505,77.195404,Market Area
787,Bright Apartment in Gurgaon Sector 47,Priya Malhotra,Gurgaon Sector 47,Hotel room,3350,1,12,0.19,5,28.431767,77.056325,Developed Residential
788,Bright Apartment in Paharganj,Riya Kapoor,Paharganj,Entire home/apt,2250,1,79,0.2,250,28.636131,77.209376,Dense/Chawl-type Area
789,Family Home in Janakpuri,Rahul Singh,Janakpuri,Private room,2400,2,18,0.57,79,28.620467,77.095513,Developed Residential
790,Premium Stay - Ghaziabad Vaishali,Deepak Malhotra,Ghaziabad Vaishali,Private room,1450,1,5,0.86,25,28.652778,77.337754,Market Area
791,Cozy Connaught Place Studio,Rohit Sharma,Connaught Place,Private room,3550,3,8,0.28,241,28.624457,77.223376,Market Area
792,Bright Apartment in Hauz Khas,Rahul Saini,Hauz Khas,Private room,2450,3,45,0.56,208,28.536849,77.197885,Green & Peaceful
793,Private Room near Aerocity,Varun Kapoor,Aerocity,Entire home/apt,4000,1,17,0.64,329,28.561727,77.076461,Developed Residential
794,Premium Stay - Noida Sector 137,Rahul Bansal,Noida Sector 137,Entire home/apt,2850,2,23,0.28,78,28.517568,77.410459,Developed Residential
795,Family Home in Karol Bagh,Rahul Chauhan,Karol Bagh,Private room,1600,2,90,0.34,67,28.654069,77.193169,Market Area
796,Budget Stay around Mahipalpur,Riya Gupta,Mahipalpur,Private room,1150,2,47,1.03,123,28.544878,77.125014,Dense/Chawl-type Area
797,City Stay - Faridabad Sector 15,Simran Saini,Faridabad Sector 15,Private room,1200,2,31,1.84,145,28.418722,77.313119,Developed Residential
798,Premium Stay - Vasant Kunj,Aditya Chauhan,Vasant Kunj,Entire home/apt,3900,1,40,0.56,115,28.529333,77.159101,Developed Residential
799,Private Room near Connaught Place,Deepak Kapoor,Connaught Place,Private room,2900,1,34,0.06,198,28.642836,77.218129,Market Area
800,Private Room near Greater Kailash,Aditya Kumar,Greater Kailash,Private room,2300,1,46,0.34,202,28.556981,77.23991,Developed Residential
801,Bright Apartment in Mahipalpur,Amit Chauhan,Mahipalpur,Hotel room,2150,1,16,1.89,236,28.543789,77.138917,Dense/Chawl-type Area
802,Family Home in Hauz Khas,Priya Malhotra,Hauz Khas,Private room,3450,5,98,0.1,314,28.549772,77.205449,Green & Peaceful
803,Cozy Vasant Kunj Studio,Karan Yadav,Vasant Kunj,Entire home/apt,3300,1,23,1.16,365,28.530367,77.143689,Developed Residential
804,City Stay - Ghaziabad Indirapuram,Simran Mehta,Ghaziabad Indirapuram,Entire home/apt,2000,1,31,0.02,208,28.634136,77.366793,Developed Residential
805,Peaceful Retreat near Greater Kailash,Aditya Bansal,Greater Kailash,Private room,2400,1,86,0.8,57,28.540579,77.237497,Developed Residential
806,Private Room near Noida Sector 62,Rohit Bansal,Noida Sector 62,Private room,2450,1,42,0.17,180,28.629224,77.365961,Corporate/Developed Area
807,Family Home in Gurgaon Sector 47,Ankit Kapoor,Gurgaon Sector 47,Entire home/apt,3800,1,8,0.47,164,28.425565,77.040772,Developed Residential
808,Peaceful Retreat near Hauz Khas,Nisha Gupta,Hauz Khas,Private room,2650,7,15,0.32,257,28.557035,77.20271,Green & Peaceful
809,Modern Stay near Greater Kailash,Rohit Bansal,Greater Kailash,Private room,1950,3,33,0.32,146,28.544231,77.225566,Developed Residential
810,Private Room near Noida Sector 75,Pooja Sharma,Noida Sector 75,Private room,1600,3,87,0.62,238,28.557643,77.388238,Developed Residential
811,Comfortable Home in Mehrauli,Riya Malhotra,Mehrauli,Entire home/apt,1900,7,45,0.27,105,28.529577,77.184879,Dense/Chawl-type Area
812,Peaceful Retreat near Ghaziabad Indirapuram,Manish Saini,Ghaziabad Indirapuram,Entire home/apt,2000,2,70,0.44,314,28.648346,77.370779,Developed Residential
813,Family Home in Paharganj,Manish Kapoor,Paharganj,Entire home/apt,2000,2,10,0.04,201,28.649713,77.219641,Dense/Chawl-type Area
814,Cozy Paharganj Studio,Varun Mishra,Paharganj,Entire home/apt,2350,1,53,0.37,188,28.639177,77.214439,Dense/Chawl-type Area
815,Peaceful Retreat near Saket,Rahul Kapoor,Saket,Private room,2000,1,73,0.13,173,28.529712,77.211874,Developed Residential
816,Private Room near Noida Sector 137,Megha Chauhan,Noida Sector 137,Entire home/apt,2000,5,35,0.36,274,28.508124,77.40638,Developed Residential
817,Bright Apartment in Aerocity,Deepak Malhotra,Aerocity,Hotel room,3150,1,18,0.22,308,28.554549,77.087766,Developed Residential
818,Premium Stay - Greater Kailash,Ankit Mehta,Greater Kailash,Private room,3400,1,17,0.8,99,28.55022,77.241331,Developed Residential
819,Bright Apartment in Karol Bagh,Riya Kapoor,Karol Bagh,Private room,1700,5,4,2.78,133,28.650718,77.187439,Market Area
820,Private Room near Defence Colony,Arjun Bansal,Defence Colony,Private room,3400,5,74,0.29,50,28.580274,77.231144,Green & Peaceful
821,City Stay - Rajendra Place,Pooja Singh,Rajendra Place,Hotel room,2850,2,33,0.11,269,28.647679,77.181624,Developed Residential
822,Peaceful Retreat near Noida Sector 137,Megha Kumar,Noida Sector 137,Entire home/apt,2150,1,126,0.7,208,28.524117,77.405237,Developed Residential
823,City Stay - Old Delhi,Karan Yadav,Old Delhi,Entire home/apt,2750,1,22,0.29,263,28.646843,77.225534,Dense/Chawl-type Area
824,Private Room near Noida Sector 18,Pooja Saini,Noida Sector 18,Private room,2100,1,40,0.39,190,28.566076,77.318073,Market Area
825,Bright Apartment in Karol Bagh,Riya Mehta,Karol Bagh,Private room,1700,1,49,0.63,163,28.664514,77.189221,Market Area
826,City Stay - Chattarpur,Megha Jain,Chattarpur,Private room,2050,2,80,0.15,133,28.515219,77.173364,Green & Peaceful
827,Family Home in Faridabad Sector 15,Karan Verma,Faridabad Sector 15,Private room,1700,7,27,1.15,206,28.406501,77.338064,Developed Residential
828,Budget Stay around Ghaziabad Vaishali,Megha Malhotra,Ghaziabad Vaishali,Shared room,1050,1,10,0.04,365,28.654209,77.341049,Market Area
829,Comfortable Home in Saket,Sanjay Yadav,Saket,Private room,2450,1,27,0.41,284,28.517994,77.202096,Developed Residential
830,City Stay - Green Park,Karan Sharma,Green Park,Private room,2700,1,37,0.7,234,28.553473,77.20665,Green & Peaceful
831,Private Room near Vikaspuri,Neha Chauhan,Vikaspuri,Entire home/apt,1850,1,14,1.01,281,28.620341,77.063976,Developed Residential
832,Private Room near Saket,Arjun Saini,Saket,Private room,2650,1,120,0.21,363,28.526243,77.208437,Developed Residential
833,Premium Stay - Mahipalpur,Pooja Singh,Mahipalpur,Private room,1750,1,88,0.28,283,28.553589,77.120455,Dense/Chawl-type Area
834,Premium Stay - Connaught Place,Arjun Jain,Connaught Place,Entire home/apt,4000,2,12,0.42,232,28.632631,77.220007,Market Area
835,Modern Stay near Noida Sector 75,Arjun Gupta,Noida Sector 75,Entire home/apt,2400,1,2,0.11,211,28.577978,77.38804,Developed Residential
836,Family Home in Green Park,Simran Saini,Green Park,Private room,2300,4,56,0.4,159,28.564365,77.210341,Green & Peaceful
837,Cozy Noida Sector 137 Studio,Vikas Singh,Noida Sector 137,Hotel room,1950,5,36,0.38,365,28.506019,77.39306,Developed Residential
838,Peaceful Retreat near Greater Kailash,Deepak Singh,Greater Kailash,Shared room,1750,3,43,0.28,263,28.546489,77.240623,Developed Residential
839,Budget Stay around Vikaspuri,Rohit Verma,Vikaspuri,Entire home/apt,3000,2,19,0.25,79,28.635385,77.075265,Developed Residential
840,Private Room near Gurgaon Sector 47,Riya Saini,Gurgaon Sector 47,Private room,2450,2,18,0.61,279,28.428623,77.041219,Developed Residential
841,Comfortable Home in Chattarpur,Priya Agarwal,Chattarpur,Private room,1500,5,35,0.56,216,28.497251,77.184781,Green & Peaceful
842,Comfortable Home in Vasant Kunj,Amit Kapoor,Vasant Kunj,Entire home/apt,3650,1,30,0.68,252,28.514816,77.157634,Developed Residential
843,Private Room near Ghaziabad Indirapuram,Manish Agarwal,Ghaziabad Indirapuram,Entire home/apt,2550,1,38,1.03,333,28.626811,77.383312,Developed Residential
844,Peaceful Retreat near Old Delhi,Varun Agarwal,Old Delhi,Entire home/apt,1450,5,128,0.11,282,28.650097,77.228164,Dense/Chawl-type Area
845,City Stay - Lajpat Nagar,Karan Chauhan,Lajpat Nagar,Entire home/apt,2650,3,40,0.89,263,28.567505,77.248283,Market Area
846,Modern Stay near Karol Bagh,Rohit Jain,Karol Bagh,Entire home/apt,2200,2,59,0.17,225,28.650368,77.20127,Market Area
847,Premium Stay - Paharganj,Aditya Singh,Paharganj,Entire home/apt,2100,2,37,0.19,130,28.646794,77.202467,Dense/Chawl-type Area
848,Comfortable Home in Ghaziabad Indirapuram,Rohit Jain,Ghaziabad Indirapuram,Private room,1500,7,57,0.14,237,28.645055,77.361271,Developed Residential
849,Comfortable Home in Rajendra Place,Manish Jain,Rajendra Place,Entire home/apt,2250,2,66,0.31,90,28.638604,77.177546,Developed Residential
850,Budget Stay around Vasant Kunj,Rohit Mishra,Vasant Kunj,Entire home/apt,4000,1,16,0.77,299,28.525764,77.157135,Developed Residential
851,City Stay - Hauz Khas,Varun Gupta,Hauz Khas,Entire home/apt,4000,2,119,0.79,259,28.545059,77.2077,Green & Peaceful
852,City Stay - Green Park,Rohit Sharma,Green Park,Entire home/apt,3200,3,54,0.24,180,28.546335,77.201871,Green & Peaceful
853,Modern Stay near Gurgaon Cyber City,Aditya Bansal,Gurgaon Cyber City,Entire home/apt,4000,1,69,0.19,205,28.498508,77.090427,Corporate/Developed Area
854,Private Room near Gurgaon Cyber City,Riya Kumar,Gurgaon Cyber City,Entire home/apt,4000,1,73,0.24,190,28.493934,77.083011,Corporate/Developed Area
855,Private Room near Connaught Place,Megha Kapoor,Connaught Place,Private room,2150,1,67,0.29,121,28.622844,77.21958,Market Area
856,Premium Stay - Uttam Nagar,Rahul Mishra,Uttam Nagar,Private room,1350,1,48,0.83,114,28.627845,77.063581,Dense/Chawl-type Area
857,Peaceful Retreat near Green Park,Shreya Kumar,Green Park,Hotel room,2100,1,33,1.63,212,28.566573,77.20339,Green & Peaceful
858,Comfortable Home in Paharganj,Priya Chauhan,Paharganj,Entire home/apt,2050,2,34,0.64,315,28.644312,77.219573,Dense/Chawl-type Area
859,City Stay - Chattarpur,Shreya Agarwal,Chattarpur,Entire home/apt,2800,4,63,0.52,5,28.50611,77.182383,Green & Peaceful
860,Bright Apartment in Chattarpur,Ankit Sharma,Chattarpur,Private room,1950,3,39,0.34,133,28.504146,77.169795,Green & Peaceful
861,Peaceful Retreat near Ghaziabad Vaishali,Karan Bansal,Ghaziabad Vaishali,Entire home/apt,2300,3,1,0.62,51,28.652778,77.337404,Market Area
862,Budget Stay around Rajendra Place,Ankit Bansal,Rajendra Place,Private room,1950,1,27,0.71,237,28.657032,77.176096,Developed Residential
863,Bright Apartment in Chattarpur,Manish Kapoor,Chattarpur,Private room,1850,1,21,0.96,168,28.501427,77.190516,Green & Peaceful
864,Modern Stay near Gurgaon DLF Phase 2,Neha Malhotra,Gurgaon DLF Phase 2,Private room,2800,2,16,0.14,259,28.479928,77.090132,Market Area
865,Private Room near Vikaspuri,Ankit Gupta,Vikaspuri,Entire home/apt,2500,1,95,0.2,270,28.648237,77.059413,Developed Residential
866,Peaceful Retreat near Noida Sector 75,Riya Jain,Noida Sector 75,Private room,1300,3,19,0.46,186,28.561326,77.381993,Developed Residential
867,Budget Stay around Connaught Place,Amit Kumar,Connaught Place,Private room,3100,1,18,1.36,131,28.628847,77.221764,Market Area
868,City Stay - Dwarka,Vikas Mehta,Dwarka,Private room,1950,1,24,1.55,290,28.595477,77.045174,Developed Residential
869,Family Home in Aerocity,Riya Kumar,Aerocity,Private room,2700,7,99,1.99,72,28.560519,77.085417,Developed Residential
870,City Stay - Paharganj,Aditya Sharma,Paharganj,Entire home/apt,2600,2,79,0.99,199,28.646045,77.215674,Dense/Chawl-type Area
871,Peaceful Retreat near Aerocity,Sanjay Saini,Aerocity,Private room,2400,2,35,0.85,236,28.555885,77.070648,Developed Residential
872,Modern Stay near Mahipalpur,Rohit Agarwal,Mahipalpur,Hotel room,1950,5,23,0.38,269,28.548593,77.134434,Dense/Chawl-type Area
873,Comfortable Home in Rajendra Place,Shreya Kumar,Rajendra Place,Private room,1750,4,9,1.34,149,28.642839,77.181444,Developed Residential
874,Premium Stay - Aerocity,Nisha Agarwal,Aerocity,Shared room,1950,3,88,0.18,339,28.554029,77.081284,Developed Residential
875,Modern Stay near Karol Bagh,Karan Saini,Karol Bagh,Entire home/apt,3050,14,49,0.73,218,28.657171,77.195626,Market Area
876,Family Home in Greater Kailash,Karan Chauhan,Greater Kailash,Private room,2650,2,2,0.36,274,28.550757,77.226717,Developed Residential
877,Comfortable Home in Karol Bagh,Vikas Singh,Karol Bagh,Entire home/apt,2650,14,26,1.26,64,28.656272,77.189401,Market Area
878,Private Room near Janakpuri,Varun Gupta,Janakpuri,Entire home/apt,2600,3,36,0.32,10,28.627186,77.091044,Developed Residential
879,Budget Stay around Gurgaon Golf Course Road,Simran Chauhan,Gurgaon Golf Course Road,Hotel room,4000,3,23,0.28,232,28.448463,77.101718,Developed Residential
880,Private Room near Uttam Nagar,Megha Jain,Uttam Nagar,Private room,1450,4,98,0.51,154,28.616708,77.069656,Dense/Chawl-type Area
881,Peaceful Retreat near Paharganj,Megha Yadav,Paharganj,Entire home/apt,2350,4,16,0.9,90,28.646152,77.216776,Dense/Chawl-type Area
882,Family Home in Mahipalpur,Vikas Agarwal,Mahipalpur,Hotel room,1700,3,23,1.72,53,28.556717,77.136152,Dense/Chawl-type Area
883,Private Room near Mehrauli,Neha Kapoor,Mehrauli,Hotel room,2050,1,78,1.05,252,28.528311,77.187901,Dense/Chawl-type Area
884,Bright Apartment in Green Park,Deepak Saini,Green Park,Entire home/apt,2700,2,37,0.47,365,28.56647,77.206233,Green & Peaceful
885,Family Home in Hauz Khas,Neha Jain,Hauz Khas,Private room,2500,5,43,0.54,143,28.556857,77.209806,Green & Peaceful
886,Premium Stay - Lajpat Nagar,Priya Sharma,Lajpat Nagar,Entire home/apt,2550,1,41,0.39,9,28.564424,77.235202,Market Area
887,Family Home in Vikaspuri,Deepak Singh,Vikaspuri,Private room,1300,1,55,0.62,134,28.635475,77.060637,Developed Residential
888,Comfortable Home in Mahipalpur,Megha Gupta,Mahipalpur,Entire home/apt,1850,1,29,0.38,280,28.550576,77.129813,Dense/Chawl-type Area
889,Premium Stay - Chattarpur,Riya Mishra,Chattarpur,Entire home/apt,3050,1,79,0.45,75,28.505371,77.181313,Green & Peaceful
890,Peaceful Retreat near Chattarpur,Shreya Verma,Chattarpur,Entire home/apt,2800,1,34,0.39,351,28.511887,77.172678,Green & Peaceful
891,Modern Stay near Janakpuri,Aditya Mehta,Janakpuri,Private room,1650,1,28,0.33,255,28.627172,77.078534,Developed Residential
892,Cozy Karol Bagh Studio,Deepak Mehta,Karol Bagh,Private room,1700,1,54,0.23,161,28.64554,77.191662,Market Area
893,Premium Stay - Saket,Shreya Gupta,Saket,Entire home/apt,4000,3,6,0.18,127,28.519973,77.194898,Developed Residential
894,Family Home in Gurgaon Cyber City,Manish Mehta,Gurgaon Cyber City,Private room,3250,3,3,0.43,178,28.488289,77.092857,Corporate/Developed Area
895,Private Room near Karol Bagh,Rohit Kapoor,Karol Bagh,Entire home/apt,2200,1,35,0.31,221,28.632552,77.195463,Market Area
896,Cozy Ghaziabad Vaishali Studio,Karan Saini,Ghaziabad Vaishali,Hotel room,2200,2,83,0.49,259,28.648128,77.341084,Market Area
897,Cozy Karol Bagh Studio,Nisha Kumar,Karol Bagh,Entire home/apt,2500,5,37,0.53,89,28.6531,77.189177,Market Area
898,Modern Stay near Karol Bagh,Pooja Bansal,Karol Bagh,Entire home/apt,2400,4,10,0.34,176,28.655402,77.18143,Market Area
899,Bright Apartment in Noida Sector 18,Rohit Malhotra,Noida Sector 18,Entire home/apt,3350,3,90,0.23,331,28.567423,77.335627,Market Area
900,Cozy Faridabad Sector 15 Studio,Neha Kapoor,Faridabad Sector 15,Entire home/apt,2150,1,18,1.38,173,28.40483,77.314115,Developed Residential
901,Private Room near Karol Bagh,Neha Jain,Karol Bagh,Private room,2100,1,62,0.43,214,28.654238,77.184555,Market Area
902,Budget Stay around Vikaspuri,Rohit Kumar,Vikaspuri,Private room,1650,2,15,0.13,219,28.636784,77.07588,Developed Residential
903,Comfortable Home in Noida Sector 62,Ankit Yadav,Noida Sector 62,Private room,1800,2,8,0.36,112,28.625903,77.359666,Corporate/Developed Area
904,Budget Stay around Mehrauli,Manish Chauhan,Mehrauli,Shared room,1250,2,17,1.11,215,28.526271,77.181423,Dense/Chawl-type Area
905,Budget Stay around Hauz Khas,Shreya Mishra,Hauz Khas,Private room,2650,7,9,0.45,332,28.545256,77.205912,Green & Peaceful
906,Premium Stay - Dwarka,Nisha Verma,Dwarka,Entire home/apt,2350,4,25,0.42,179,28.592515,77.047021,Developed Residential
907,Bright Apartment in Defence Colony,Rahul Agarwal,Defence Colony,Entire home/apt,4000,1,27,0.4,195,28.572825,77.233504,Green & Peaceful
908,Premium Stay - South Extension,Priya Gupta,South Extension,Private room,2150,1,105,0.25,116,28.575393,77.221895,Market Area
909,Comfortable Home in Paharganj,Nisha Kapoor,Paharganj,Private room,1700,2,24,0.13,194,28.654434,77.21215,Dense/Chawl-type Area
910,Cozy Karol Bagh Studio,Vikas Mishra,Karol Bagh,Private room,1700,2,17,0.46,237,28.655862,77.194036,Market Area
911,Private Room near Noida Sector 62,Amit Kumar,Noida Sector 62,Private room,1250,1,8,0.12,172,28.633132,77.369299,Corporate/Developed Area
912,Premium Stay - Paharganj,Megha Malhotra,Paharganj,Entire home/apt,2700,3,45,0.83,216,28.640426,77.210352,Dense/Chawl-type Area
913,Peaceful Retreat near Noida Sector 62,Nisha Mishra,Noida Sector 62,Private room,1800,2,69,0.33,358,28.631375,77.364401,Corporate/Developed Area
914,Bright Apartment in Rajendra Place,Vikas Mehta,Rajendra Place,Entire home/apt,3500,2,34,0.73,284,28.645589,77.18375,Developed Residential
915,Peaceful Retreat near Janakpuri,Rahul Kumar,Janakpuri,Private room,2000,4,6,0.27,146,28.626678,77.08779,Developed Residential
916,Budget Stay around Defence Colony,Priya Sharma,Defence Colony,Private room,2700,1,14,0.4,244,28.56676,77.232566,Green & Peaceful
917,Cozy Noida Sector 18 Studio,Simran Yadav,Noida Sector 18,Entire home/apt,3350,1,41,0.69,153,28.570188,77.330026,Market Area
918,Modern Stay near Old Delhi,Vikas Singh,Old Delhi,Shared room,950,1,54,0.31,174,28.653695,77.225079,Dense/Chawl-type Area
919,Cozy Noida Sector 62 Studio,Priya Bansal,Noida Sector 62,Hotel room,3000,3,78,0.27,195,28.624669,77.363604,Corporate/Developed Area
920,Cozy South Extension Studio,Shreya Bansal,South Extension,Hotel room,3550,1,17,0.97,220,28.561909,77.218187,Market Area
921,Cozy Green Park Studio,Vikas Saini,Green Park,Entire home/apt,3650,1,29,1.36,263,28.561579,77.199949,Green & Peaceful
922,Peaceful Retreat near Vikaspuri,Nisha Mehta,Vikaspuri,Private room,1100,2,37,0.42,115,28.643557,77.068339,Developed Residential
923,Cozy Karol Bagh Studio,Megha Singh,Karol Bagh,Entire home/apt,2250,3,69,0.05,228,28.656719,77.181993,Market Area
924,City Stay - Noida Sector 75,Rahul Kapoor,Noida Sector 75,Hotel room,1850,2,51,0.73,253,28.573408,77.386531,Developed Residential
925,Family Home in Noida Sector 137,Vikas Mishra,Noida Sector 137,Entire home/apt,2100,1,64,0.08,158,28.510238,77.394392,Developed Residential
926,Family Home in Ghaziabad Vaishali,Riya Bansal,Ghaziabad Vaishali,Private room,1500,1,13,1.06,344,28.65129,77.338175,Market Area
927,City Stay - Connaught Place,Riya Singh,Connaught Place,Private room,3000,5,31,0.14,241,28.625553,77.224679,Market Area
928,Premium Stay - Noida Sector 75,Rahul Agarwal,Noida Sector 75,Entire home/apt,1850,2,8,0.3,103,28.573055,77.384615,Developed Residential
929,City Stay - Noida Sector 75,Vikas Malhotra,Noida Sector 75,Private room,1450,2,3,1.27,116,28.572041,77.387518,Developed Residential
930,Premium Stay - Rajendra Place,Arjun Sharma,Rajendra Place,Private room,1350,2,83,0.87,32,28.638501,77.178523,Developed Residential
931,Comfortable Home in Noida Sector 75,Aditya Jain,Noida Sector 75,Private room,1350,1,37,0.44,289,28.568973,77.383213,Developed Residential
932,Private Room near Aerocity,Manish Kapoor,Aerocity,Entire home/apt,3600,1,56,0.34,164,28.55548,77.077622,Developed Residential
933,Budget Stay around Noida Sector 75,Rohit Chauhan,Noida Sector 75,Private room,1700,3,4,0.83,240,28.55806,77.400186,Developed Residential
934,Budget Stay around Uttam Nagar,Deepak Chauhan,Uttam Nagar,Private room,1050,4,8,0.14,198,28.621217,77.058411,Dense/Chawl-type Area
935,City Stay - Paharganj,Manish Gupta,Paharganj,Hotel room,1750,1,22,0.09,239,28.647829,77.211634,Dense/Chawl-type Area
936,Premium Stay - Uttam Nagar,Nisha Gupta,Uttam Nagar,Entire home/apt,1800,1,48,0.42,150,28.624197,77.065127,Dense/Chawl-type Area
937,Peaceful Retreat near Dwarka,Varun Singh,Dwarka,Entire home/apt,3350,1,45,0.45,189,28.588671,77.051797,Developed Residential
938,Comfortable Home in Ghaziabad Vaishali,Karan Mishra,Ghaziabad Vaishali,Entire home/apt,2450,1,93,1.04,150,28.64663,77.340854,Market Area
939,Cozy Greater Kailash Studio,Shreya Jain,Greater Kailash,Entire home/apt,4000,14,86,1.0,62,28.560456,77.231774,Developed Residential
940,Budget Stay around Noida Sector 75,Megha Malhotra,Noida Sector 75,Private room,1400,1,20,0.34,162,28.555611,77.396331,Developed Residential
941,Comfortable Home in Mahipalpur,Megha Kapoor,Mahipalpur,Entire home/apt,2050,1,11,0.22,239,28.55892,77.124859,Dense/Chawl-type Area
942,City Stay - Gurgaon Sector 47,Nisha Singh,Gurgaon Sector 47,Private room,1500,1,14,0.11,247,28.432321,77.041149,Developed Residential
943,Modern Stay near Noida Sector 62,Pooja Chauhan,Noida Sector 62,Entire home/apt,3000,1,22,0.07,185,28.622309,77.365628,Corporate/Developed Area
944,Bright Apartment in Lajpat Nagar,Shreya Mishra,Lajpat Nagar,Entire home/apt,3200,1,19,0.18,201,28.571052,77.240872,Market Area
945,Peaceful Retreat near Ghaziabad Indirapuram,Neha Kapoor,Ghaziabad Indirapuram,Private room,1150,2,13,0.48,181,28.643745,77.376327,Developed Residential
946,Budget Stay around Ghaziabad Vaishali,Rohit Kumar,Ghaziabad Vaishali,Private room,1350,1,60,0.95,192,28.654177,77.33402,Market Area
947,Cozy Defence Colony Studio,Simran Bansal,Defence Colony,Entire home/apt,4000,1,7,0.83,195,28.568443,77.228489,Green & Peaceful
948,Family Home in Hauz Khas,Neha Singh,Hauz Khas,Private room,2350,2,14,0.66,146,28.54711,77.204541,Green & Peaceful
949,Private Room near Ghaziabad Indirapuram,Megha Singh,Ghaziabad Indirapuram,Entire home/apt,1950,1,38,0.8,209,28.640113,77.377425,Developed Residential
950,Bright Apartment in Faridabad Sector 15,Pooja Mishra,Faridabad Sector 15,Hotel room,1900,4,24,0.24,223,28.417502,77.306642,Developed Residential
951,Cozy Noida Sector 62 Studio,Karan Jain,Noida Sector 62,Hotel room,2100,3,29,0.05,156,28.634183,77.360392,Corporate/Developed Area
952,Peaceful Retreat near Dwarka,Pooja Jain,Dwarka,Private room,1350,4,39,0.66,87,28.591128,77.053171,Developed Residential
953,Private Room near Gurgaon Golf Course Road,Priya Saini,Gurgaon Golf Course Road,Entire home/apt,4000,3,31,0.17,90,28.464327,77.104972,Developed Residential
954,Family Home in Dwarka,Vikas Saini,Dwarka,Private room,1450,2,27,0.59,334,28.591374,77.050363,Developed Residential
955,Peaceful Retreat near Connaught Place,Pooja Malhotra,Connaught Place,Hotel room,3650,2,59,0.92,181,28.628993,77.216952,Market Area
956,City Stay - Gurgaon Sector 47,Megha Chauhan,Gurgaon Sector 47,Private room,2100,1,36,0.85,68,28.434223,77.057031,Developed Residential
957,Premium Stay - Chattarpur,Nisha Mehta,Chattarpur,Entire home/apt,2350,1,45,0.82,322,28.50214,77.180788,Green & Peaceful
958,City Stay - Noida Sector 62,Sanjay Kumar,Noida Sector 62,Private room,1550,1,4,0.17,292,28.635452,77.364146,Corporate/Developed Area
959,Private Room near Gurgaon DLF Phase 2,Sanjay Kapoor,Gurgaon DLF Phase 2,Private room,2350,2,49,0.36,164,28.492051,77.087166,Market Area
960,Private Room near Chattarpur,Shreya Verma,Chattarpur,Entire home/apt,3150,1,76,0.22,234,28.512426,77.175552,Green & Peaceful
961,Peaceful Retreat near Lajpat Nagar,Riya Jain,Lajpat Nagar,Private room,1950,2,23,0.26,243,28.562627,77.233638,Market Area
962,Budget Stay around Hauz Khas,Sanjay Chauhan,Hauz Khas,Entire home/apt,4000,1,23,0.15,139,28.542248,77.206139,Green & Peaceful
963,Peaceful Retreat near Gurgaon Sector 47,Rohit Bansal,Gurgaon Sector 47,Private room,2400,1,61,0.33,323,28.435319,77.044619,Developed Residential
964,City Stay - Old Delhi,Rahul Sharma,Old Delhi,Entire home/apt,1800,1,35,0.91,299,28.662529,77.233306,Dense/Chawl-type Area
965,Family Home in Karol Bagh,Megha Jain,Karol Bagh,Private room,2400,1,35,0.72,162,28.653841,77.196792,Market Area
966,Budget Stay around Mehrauli,Aditya Saini,Mehrauli,Private room,1300,1,3,0.93,229,28.524528,77.182799,Dense/Chawl-type Area
967,Peaceful Retreat near Mahipalpur,Karan Gupta,Mahipalpur,Entire home/apt,1300,1,30,0.09,146,28.547356,77.118793,Dense/Chawl-type Area
968,Budget Stay around Vikaspuri,Riya Singh,Vikaspuri,Hotel room,2100,1,28,0.09,176,28.642249,77.06903,Developed Residential
969,Peaceful Retreat near Ghaziabad Vaishali,Aditya Mishra,Ghaziabad Vaishali,Private room,1400,3,37,1.29,262,28.637948,77.346829,Market Area
970,Bright Apartment in Faridabad Sector 15,Varun Kapoor,Faridabad Sector 15,Entire home/apt,1950,3,37,0.34,327,28.399365,77.311785,Developed Residential
971,Private Room near Paharganj,Arjun Yadav,Paharganj,Private room,1700,2,11,0.3,73,28.64936,77.217579,Dense/Chawl-type Area
972,Comfortable Home in Chattarpur,Varun Mehta,Chattarpur,Entire home/apt,2800,1,26,0.06,185,28.521182,77.173633,Green & Peaceful
973,Comfortable Home in Defence Colony,Sanjay Gupta,Defence Colony,Entire home/apt,4000,1,51,0.35,247,28.577248,77.240018,Green & Peaceful
974,Comfortable Home in Mahipalpur,Megha Mehta,Mahipalpur,Entire home/apt,2450,1,10,0.41,247,28.550353,77.122605,Dense/Chawl-type Area
975,Cozy South Extension Studio,Megha Agarwal,South Extension,Private room,2350,5,39,0.48,207,28.567871,77.221814,Market Area
976,Modern Stay near Defence Colony,Deepak Sharma,Defence Colony,Entire home/apt,4000,1,32,0.13,83,28.580746,77.230239,Green & Peaceful
977,Cozy Lajpat Nagar Studio,Rohit Yadav,Lajpat Nagar,Private room,2200,1,44,0.09,222,28.564551,77.245729,Market Area
978,Peaceful Retreat near Rajendra Place,Manish Gupta,Rajendra Place,Private room,2200,1,7,0.55,176,28.646641,77.175026,Developed Residential
979,Comfortable Home in Green Park,Neha Saini,Green Park,Entire home/apt,2950,5,14,0.5,176,28.557724,77.209806,Green & Peaceful
980,Premium Stay - Janakpuri,Amit Singh,Janakpuri,Private room,950,1,16,0.69,199,28.6243,77.088795,Developed Residential
981,Cozy Mahipalpur Studio,Shreya Chauhan,Mahipalpur,Private room,1200,2,70,0.08,224,28.533965,77.133689,Dense/Chawl-type Area
982,Family Home in Chattarpur,Simran Agarwal,Chattarpur,Hotel room,2350,7,42,1.22,240,28.505691,77.177252,Green & Peaceful
983,Private Room near Saket,Varun Agarwal,Saket,Private room,2650,2,47,0.82,80,28.514867,77.208995,Developed Residential
984,Premium Stay - Ghaziabad Vaishali,Amit Sharma,Ghaziabad Vaishali,Private room,1250,1,20,0.79,224,28.649686,77.339011,Market Area
985,Cozy Mahipalpur Studio,Megha Malhotra,Mahipalpur,Entire home/apt,2150,1,43,0.2,161,28.533886,77.122763,Dense/Chawl-type Area
986,City Stay - Chattarpur,Amit Kapoor,Chattarpur,Entire home/apt,2500,1,66,0.5,100,28.512149,77.182011,Green & Peaceful
987,Cozy Chattarpur Studio,Megha Kumar,Chattarpur,Entire home/apt,2350,1,82,0.3,182,28.503599,77.178025,Green & Peaceful
988,Budget Stay around Greater Kailash,Deepak Mishra,Greater Kailash,Private room,2450,1,8,0.7,259,28.543854,77.235691,Developed Residential
989,Modern Stay near Greater Kailash,Ankit Verma,Greater Kailash,Hotel room,3900,3,123,0.67,103,28.546579,77.242932,Developed Residential
990,Peaceful Retreat near Faridabad Sector 15,Deepak Gupta,Faridabad Sector 15,Entire home/apt,2400,1,34,0.42,228,28.402243,77.328076,Developed Residential
991,Premium Stay - Hauz Khas,Pooja Bansal,Hauz Khas,Private room,2050,1,45,0.39,173,28.560252,77.205478,Green & Peaceful
992,Bright Apartment in Gurgaon Cyber City,Arjun Mishra,Gurgaon Cyber City,Entire home/apt,4000,1,29,0.53,124,28.500608,77.09122,Corporate/Developed Area
993,Budget Stay around Old Delhi,Arjun Yadav,Old Delhi,Entire home/apt,2250,2,9,0.97,339,28.66462,77.2346,Dense/Chawl-type Area
994,Budget Stay around Aerocity,Neha Chauhan,Aerocity,Private room,2750,3,59,0.48,143,28.544386,77.090282,Developed Residential
995,Peaceful Retreat near Green Park,Shreya Bansal,Green Park,Private room,2100,3,26,0.75,257,28.554508,77.201951,Green & Peaceful
996,Modern Stay near Gurgaon Sector 47,Vikas Kumar,Gurgaon Sector 47,Hotel room,3450,2,42,0.21,192,28.425095,77.054809,Developed Residential
997,Budget Stay around Janakpuri,Rohit Verma,Janakpuri,Private room,1500,2,4,0.37,328,28.619989,77.091044,Developed Residential
998,Premium Stay - Green Park,Nisha Malhotra,Green Park,Entire home/apt,4000,2,25,1.18,277,28.553076,77.201294,Green & Peaceful
999,Cozy Paharganj Studio,Varun Sharma,Paharganj,Shared room,1150,2,47,0.46,135,28.649012,77.207597,Dense/Chawl-type Area
1000,Private Room near Noida Sector 18,Ankit Verma,Noida Sector 18,Entire home/apt,2800,2,90,0.13,175,28.573956,77.327463,Market Area
1001,Bright Apartment in Paharganj,Manish Agarwal,Paharganj,Entire home/apt,2050,1,4,1.22,223,28.654654,77.219026,Dense/Chawl-type Area
1002,Modern Stay near Uttam Nagar,Aditya Mishra,Uttam Nagar,Entire home/apt,1950,3,21,0.51,124,28.631183,77.060374,Dense/Chawl-type Area
1003,Cozy Mehrauli Studio,Deepak Jain,Mehrauli,Private room,1350,3,59,0.11,160,28.525802,77.189429,Dense/Chawl-type Area
1004,Family Home in Lajpat Nagar,Vikas Singh,Lajpat Nagar,Private room,2550,3,6,0.7,284,28.569173,77.241769,Market Area
1005,Cozy Ghaziabad Indirapuram Studio,Varun Kumar,Ghaziabad Indirapuram,Entire home/apt,1650,3,30,0.65,153,28.63545,77.368211,Developed Residential
1006,City Stay - Lajpat Nagar,Neha Agarwal,Lajpat Nagar,Private room,1600,1,36,0.85,299,28.56273,77.244021,Market Area
1007,Cozy Noida Sector 137 Studio,Megha Bansal,Noida Sector 137,Shared room,1000,3,38,0.05,265,28.520572,77.396162,Developed Residential
1008,Bright Apartment in Lajpat Nagar,Ankit Jain,Lajpat Nagar,Entire home/apt,2300,2,27,0.81,318,28.559512,77.242985,Market Area
1009,Family Home in Noida Sector 137,Amit Singh,Noida Sector 137,Entire home/apt,2400,1,23,0.92,248,28.512239,77.407301,Developed Residential
1010,Budget Stay around Connaught Place,Rahul Yadav,Connaught Place,Entire home/apt,3700,2,111,0.79,334,28.626218,77.209663,Market Area
1011,Comfortable Home in Paharganj,Neha Kumar,Paharganj,Private room,1500,1,29,1.35,166,28.641301,77.221434,Dense/Chawl-type Area
1012,Family Home in Green Park,Aditya Singh,Green Park,Hotel room,3350,2,7,0.17,195,28.562745,77.218221,Green & Peaceful
1013,Premium Stay - Karol Bagh,Nisha Agarwal,Karol Bagh,Private room,1600,1,25,0.49,133,28.644663,77.205719,Market Area
1014,Comfortable Home in Chattarpur,Riya Malhotra,Chattarpur,Private room,1650,1,35,0.38,93,28.506254,77.168163,Green & Peaceful
1015,Bright Apartment in Vikaspuri,Neha Kapoor,Vikaspuri,Hotel room,2000,1,14,0.34,91,28.627001,77.076108,Developed Residential
1016,Budget Stay around Ghaziabad Indirapuram,Rohit Verma,Ghaziabad Indirapuram,Entire home/apt,1750,1,54,0.29,189,28.634019,77.372028,Developed Residential
1017,Modern Stay near Noida Sector 137,Vikas Mishra,Noida Sector 137,Entire home/apt,2250,2,21,0.09,100,28.510264,77.408015,Developed Residential
1018,Family Home in Rajendra Place,Riya Bansal,Rajendra Place,Entire home/apt,3400,1,32,0.69,142,28.648917,77.17996,Developed Residential
1019,Bright Apartment in Mahipalpur,Simran Malhotra,Mahipalpur,Private room,1100,5,17,0.37,348,28.55551,77.120484,Dense/Chawl-type Area
1020,City Stay - Gurgaon Sector 47,Amit Agarwal,Gurgaon Sector 47,Private room,2400,2,12,0.43,227,28.427896,77.04786,Developed Residential
1021,Peaceful Retreat near Dwarka,Shreya Mehta,Dwarka,Entire home/apt,3250,7,14,0.35,173,28.595494,77.047635,Developed Residential
1022,Budget Stay around Janakpuri,Sanjay Kapoor,Janakpuri,Private room,1850,3,35,0.44,308,28.622014,77.085637,Developed Residential
1023,Family Home in Ghaziabad Indirapuram,Manish Gupta,Ghaziabad Indirapuram,Entire home/apt,1750,1,62,1.14,186,28.648478,77.363353,Developed Residential
1024,Family Home in Gurgaon Cyber City,Nisha Verma,Gurgaon Cyber City,Private room,2500,2,12,0.2,289,28.486059,77.089878,Corporate/Developed Area
1025,Peaceful Retreat near Noida Sector 137,Karan Yadav,Noida Sector 137,Entire home/apt,2750,2,27,0.24,159,28.517094,77.414731,Developed Residential
1026,City Stay - Uttam Nagar,Neha Verma,Uttam Nagar,Entire home/apt,1550,2,24,0.5,128,28.6275,77.059555,Dense/Chawl-type Area
1027,Comfortable Home in Ghaziabad Indirapuram,Rahul Malhotra,Ghaziabad Indirapuram,Entire home/apt,2200,5,21,0.43,261,28.640062,77.375582,Developed Residential
1028,Bright Apartment in Paharganj,Nisha Chauhan,Paharganj,Entire home/apt,2300,7,39,0.11,300,28.647203,77.198974,Dense/Chawl-type Area
1029,Cozy Faridabad Sector 15 Studio,Priya Verma,Faridabad Sector 15,Private room,1450,4,35,0.57,149,28.404393,77.311809,Developed Residential
1030,Bright Apartment in Karol Bagh,Karan Mehta,Karol Bagh,Entire home/apt,2050,1,45,1.68,179,28.6588,77.193294,Market Area
1031,Comfortable Home in Noida Sector 62,Arjun Verma,Noida Sector 62,Entire home/apt,2750,2,39,0.11,190,28.631283,77.365494,Corporate/Developed Area
1032,Budget Stay around Chattarpur,Neha Gupta,Chattarpur,Entire home/apt,2600,4,61,0.23,199,28.507295,77.184693,Green & Peaceful
1033,Premium Stay - Janakpuri,Shreya Kapoor,Janakpuri,Shared room,1250,2,68,0.34,218,28.624889,77.090897,Developed Residential
1034,Modern Stay near Noida Sector 62,Deepak Malhotra,Noida Sector 62,Hotel room,2800,1,30,0.11,85,28.624575,77.358599,Corporate/Developed Area
1035,Bright Apartment in Defence Colony,Amit Verma,Defence Colony,Shared room,1650,14,21,0.03,263,28.56856,77.236427,Green & Peaceful
1036,Family Home in Paharganj,Megha Verma,Paharganj,Shared room,1100,7,20,0.25,365,28.635562,77.200659,Dense/Chawl-type Area
1037,Bright Apartment in Dwarka,Simran Yadav,Dwarka,Hotel room,2450,1,23,0.48,228,28.584645,77.040331,Developed Residential
1038,City Stay - Mahipalpur,Nisha Sharma,Mahipalpur,Entire home/apt,2250,2,12,0.2,65,28.550784,77.125608,Dense/Chawl-type Area
1039,Modern Stay near Ghaziabad Indirapuram,Manish Malhotra,Ghaziabad Indirapuram,Private room,1650,1,58,0.38,191,28.641711,77.364209,Developed Residential
1040,Peaceful Retreat near Vikaspuri,Megha Jain,Vikaspuri,Private room,1350,1,17,0.54,79,28.623053,77.0773,Developed Residential
1041,Comfortable Home in Paharganj,Aditya Kapoor,Paharganj,Private room,1550,3,14,0.34,27,28.64491,77.204785,Dense/Chawl-type Area
1042,Comfortable Home in Noida Sector 62,Nisha Gupta,Noida Sector 62,Entire home/apt,2450,2,27,0.02,215,28.627021,77.363732,Corporate/Developed Area
1043,City Stay - Janakpuri,Arjun Kumar,Janakpuri,Private room,1800,2,32,0.44,203,28.61931,77.085047,Developed Residential
1044,Modern Stay near Ghaziabad Indirapuram,Varun Gupta,Ghaziabad Indirapuram,Entire home/apt,1600,2,23,0.16,24,28.642506,77.372076,Developed Residential
1045,City Stay - Karol Bagh,Ankit Malhotra,Karol Bagh,Entire home/apt,3300,1,17,0.41,149,28.657729,77.196364,Market Area
1046,Private Room near Mahipalpur,Manish Kumar,Mahipalpur,Entire home/apt,2150,2,9,0.04,137,28.54468,77.123926,Dense/Chawl-type Area
1047,City Stay - Defence Colony,Neha Chauhan,Defence Colony,Entire home/apt,3800,2,74,0.66,213,28.571536,77.232261,Green & Peaceful
1048,Private Room near Connaught Place,Vikas Saini,Connaught Place,Entire home/apt,4000,1,56,0.22,365,28.623474,77.220373,Market Area
1049,Peaceful Retreat near Janakpuri,Simran Bansal,Janakpuri,Hotel room,2050,1,65,0.16,213,28.616741,77.095598,Developed Residential
1050,Comfortable Home in Greater Kailash,Shreya Verma,Greater Kailash,Private room,2700,4,6,0.73,365,28.549135,77.242583,Developed Residential
1051,Budget Stay around Mehrauli,Karan Sharma,Mehrauli,Entire home/apt,2650,2,10,0.4,70,28.535487,77.189518,Dense/Chawl-type Area
1052,Family Home in Connaught Place,Riya Mishra,Connaught Place,Private room,3950,1,17,0.16,90,28.628122,77.211021,Market Area
1053,Bright Apartment in Dwarka,Nisha Yadav,Dwarka,Private room,2200,4,20,0.07,89,28.591602,77.044814,Developed Residential
1054,Budget Stay around Mahipalpur,Shreya Chauhan,Mahipalpur,Private room,1650,1,1,0.89,205,28.550926,77.134421,Dense/Chawl-type Area
1055,City Stay - Hauz Khas,Simran Gupta,Hauz Khas,Private room,2300,1,55,0.11,66,28.542846,77.202465,Green & Peaceful
1056,Peaceful Retreat near Noida Sector 62,Riya Bansal,Noida Sector 62,Private room,2100,1,30,0.21,365,28.634735,77.368838,Corporate/Developed Area
1057,Comfortable Home in Greater Kailash,Varun Chauhan,Greater Kailash,Entire home/apt,3800,2,98,0.12,244,28.542171,77.233691,Developed Residential
1058,City Stay - Noida Sector 137,Nisha Chauhan,Noida Sector 137,Entire home/apt,2400,2,8,0.12,340,28.508947,77.397396,Developed Residential
1059,Peaceful Retreat near Uttam Nagar,Varun Bansal,Uttam Nagar,Private room,1150,1,23,0.41,284,28.627369,77.062197,Dense/Chawl-type Area
1060,City Stay - Mahipalpur,Riya Malhotra,Mahipalpur,Private room,1200,3,72,0.22,174,28.549897,77.117878,Dense/Chawl-type Area
1061,Modern Stay near Paharganj,Nisha Chauhan,Paharganj,Hotel room,2300,4,17,1.19,140,28.640063,77.217426,Dense/Chawl-type Area
1062,Family Home in Noida Sector 137,Aditya Singh,Noida Sector 137,Entire home/apt,2800,1,40,0.86,225,28.521189,77.403287,Developed Residential
1063,Premium Stay - Hauz Khas,Megha Gupta,Hauz Khas,Entire home/apt,4000,2,16,1.07,215,28.542312,77.198916,Green & Peaceful
1064,Private Room near Vikaspuri,Amit Saini,Vikaspuri,Entire home/apt,2100,1,2,0.23,365,28.633274,77.071358,Developed Residential
1065,City Stay - Gurgaon DLF Phase 2,Pooja Mehta,Gurgaon DLF Phase 2,Hotel room,4000,1,42,0.36,227,28.490555,77.093286,Market Area
1066,Budget Stay around Paharganj,Neha Mishra,Paharganj,Shared room,850,3,15,0.16,248,28.653226,77.214471,Dense/Chawl-type Area
1067,City Stay - Connaught Place,Varun Gupta,Connaught Place,Private room,3200,3,32,0.46,147,28.630742,77.218037,Market Area
1068,Comfortable Home in Chattarpur,Vikas Kumar,Chattarpur,Entire home/apt,2600,4,23,0.51,224,28.501005,77.175572,Green & Peaceful
1069,Budget Stay around Ghaziabad Indirapuram,Manish Yadav,Ghaziabad Indirapuram,Entire home/apt,1700,2,14,1.07,156,28.639196,77.3596,Developed Residential
1070,Family Home in Noida Sector 75,Neha Mehta,Noida Sector 75,Entire home/apt,2350,2,41,1.0,220,28.571127,77.376494,Developed Residential
1071,Budget Stay around Noida Sector 18,Varun Bansal,Noida Sector 18,Entire home/apt,2850,1,79,0.45,120,28.577866,77.315962,Market Area
1072,Budget Stay around Janakpuri,Megha Kapoor,Janakpuri,Entire home/apt,1900,2,23,0.41,211,28.622177,77.092294,Developed Residential
1073,Bright Apartment in Dwarka,Megha Sharma,Dwarka,Private room,1650,7,3,0.72,137,28.587494,77.04143,Developed Residential
1074,Modern Stay near Karol Bagh,Megha Bansal,Karol Bagh,Shared room,1000,1,68,0.39,71,28.66045,77.184698,Market Area
1075,Peaceful Retreat near Vasant Kunj,Priya Yadav,Vasant Kunj,Entire home/apt,4000,1,36,1.41,198,28.522657,77.157712,Developed Residential
1076,Family Home in Hauz Khas,Sanjay Gupta,Hauz Khas,Private room,2800,2,21,0.41,5,28.54853,77.19937,Green & Peaceful
1077,Budget Stay around Saket,Rohit Bansal,Saket,Private room,2650,3,45,1.32,293,28.537489,77.204403,Developed Residential
1078,Budget Stay around Janakpuri,Riya Yadav,Janakpuri,Private room,2000,2,57,0.27,365,28.62424,77.088249,Developed Residential
1079,Modern Stay near Paharganj,Priya Sharma,Paharganj,Entire home/apt,1950,2,58,0.96,197,28.648199,77.211154,Dense/Chawl-type Area
1080,Premium Stay - Noida Sector 75,Arjun Singh,Noida Sector 75,Entire home/apt,1750,5,64,0.6,189,28.568262,77.396337,Developed Residential
1081,Family Home in Gurgaon DLF Phase 2,Deepak Kapoor,Gurgaon DLF Phase 2,Entire home/apt,4000,1,33,0.26,203,28.482573,77.089514,Market Area
1082,Private Room near Greater Kailash,Aditya Singh,Greater Kailash,Hotel room,3050,1,16,0.93,288,28.543056,77.237615,Developed Residential
1083,Private Room near Janakpuri,Sanjay Malhotra,Janakpuri,Entire home/apt,2050,3,25,0.26,148,28.617881,77.094012,Developed Residential
1084,Premium Stay - Greater Kailash,Aditya Saini,Greater Kailash,Private room,2300,1,55,0.27,253,28.541322,77.231255,Developed Residential
1085,Cozy Ghaziabad Vaishali Studio,Rahul Chauhan,Ghaziabad Vaishali,Private room,1300,5,50,0.31,185,28.644755,77.340612,Market Area
1086,City Stay - Mehrauli,Varun Verma,Mehrauli,Hotel room,2550,1,62,0.17,125,28.52642,77.177607,Dense/Chawl-type Area
1087,Modern Stay near Connaught Place,Manish Jain,Connaught Place,Private room,2800,1,8,0.42,344,28.640243,77.219824,Market Area
1088,Comfortable Home in Lajpat Nagar,Priya Mishra,Lajpat Nagar,Private room,2050,3,53,0.39,266,28.571703,77.249202,Market Area
1089,Bright Apartment in Faridabad Sector 15,Sanjay Kumar,Faridabad Sector 15,Entire home/apt,1550,1,13,0.28,228,28.402467,77.322794,Developed Residential
1090,Peaceful Retreat near Aerocity,Shreya Yadav,Aerocity,Private room,3100,4,42,0.83,220,28.554521,77.087148,Developed Residential
1091,Bright Apartment in Noida Sector 18,Deepak Mehta,Noida Sector 18,Entire home/apt,2400,1,17,0.17,154,28.565666,77.320765,Market Area
1092,Private Room near Old Delhi,Varun Verma,Old Delhi,Private room,1200,1,30,1.31,51,28.651398,77.231892,Dense/Chawl-type Area
1093,Modern Stay near Hauz Khas,Shreya Chauhan,Hauz Khas,Private room,2100,2,25,1.37,75,28.548566,77.20769,Green & Peaceful
1094,Modern Stay near Gurgaon Golf Course Road,Karan Sharma,Gurgaon Golf Course Road,Entire home/apt,3550,1,34,0.6,134,28.452504,77.100616,Developed Residential
1095,Bright Apartment in Saket,Amit Mishra,Saket,Private room,2550,1,22,0.01,267,28.518098,77.200016,Developed Residential
1096,Comfortable Home in Noida Sector 137,Priya Agarwal,Noida Sector 137,Private room,1750,1,51,1.26,185,28.519063,77.406897,Developed Residential
1097,Comfortable Home in Paharganj,Vikas Kapoor,Paharganj,Entire home/apt,1550,2,38,0.11,232,28.643779,77.216811,Dense/Chawl-type Area
1098,Bright Apartment in Gurgaon Sector 47,Megha Gupta,Gurgaon Sector 47,Private room,1950,1,34,0.78,171,28.425227,77.046683,Developed Residential
1099,Private Room near Noida Sector 62,Megha Malhotra,Noida Sector 62,Private room,2100,1,22,0.67,294,28.628171,77.374892,Corporate/Developed Area
1100,Budget Stay around Noida Sector 18,Vikas Yadav,Noida Sector 18,Private room,1900,5,8,0.36,222,28.564054,77.315489,Market Area
1101,Budget Stay around Noida Sector 137,Ankit Gupta,Noida Sector 137,Entire home/apt,2750,14,9,0.62,308,28.512729,77.4022,Developed Residential
1102,Family Home in Greater Kailash,Nisha Sharma,Greater Kailash,Entire home/apt,3650,1,71,0.29,226,28.541009,77.245848,Developed Residential
1103,Family Home in Chattarpur,Pooja Mehta,Chattarpur,Private room,2050,7,63,0.49,356,28.515309,77.176587,Green & Peaceful
1104,Cozy Noida Sector 137 Studio,Manish Malhotra,Noida Sector 137,Private room,1600,1,8,0.36,187,28.508731,77.39909,Developed Residential
1105,City Stay - Ghaziabad Vaishali,Pooja Singh,Ghaziabad Vaishali,Entire home/apt,2350,1,16,0.36,307,28.633835,77.338691,Market Area
1106,Modern Stay near Gurgaon Sector 47,Neha Bansal,Gurgaon Sector 47,Entire home/apt,3750,2,17,0.37,275,28.430823,77.044003,Developed Residential
1107,Bright Apartment in Noida Sector 62,Megha Gupta,Noida Sector 62,Shared room,1250,1,16,0.26,282,28.629512,77.356579,Corporate/Developed Area
1108,Private Room near Connaught Place,Riya Singh,Connaught Place,Private room,2800,3,14,0.63,60,28.627315,77.206987,Market Area
1109,Private Room near Dwarka,Priya Kumar,Dwarka,Entire home/apt,2400,1,37,0.13,353,28.583677,77.048702,Developed Residential
1110,Bright Apartment in Noida Sector 62,Deepak Agarwal,Noida Sector 62,Private room,1650,14,76,0.44,255,28.629946,77.366879,Corporate/Developed Area
1111,Family Home in Ghaziabad Vaishali,Simran Malhotra,Ghaziabad Vaishali,Entire home/apt,2100,2,51,0.68,186,28.656325,77.349433,Market Area
1112,Modern Stay near Saket,Nisha Bansal,Saket,Entire home/apt,2900,3,39,0.25,152,28.51929,77.212397,Developed Residential
1113,Private Room near Hauz Khas,Sanjay Chauhan,Hauz Khas,Private room,2400,1,47,0.99,297,28.55129,77.203845,Green & Peaceful
1114,City Stay - Gurgaon Golf Course Road,Simran Gupta,Gurgaon Golf Course Road,Entire home/apt,4000,1,17,0.77,150,28.461675,77.106976,Developed Residential
1115,Modern Stay near Lajpat Nagar,Simran Bansal,Lajpat Nagar,Private room,1600,1,9,0.13,344,28.57595,77.236474,Market Area
1116,Modern Stay near Gurgaon Golf Course Road,Rahul Chauhan,Gurgaon Golf Course Road,Private room,3200,1,15,0.08,19,28.453269,77.106677,Developed Residential
1117,Modern Stay near Mehrauli,Vikas Kumar,Mehrauli,Entire home/apt,2700,1,108,0.04,365,28.533002,77.192745,Dense/Chawl-type Area
1118,Comfortable Home in Chattarpur,Ankit Chauhan,Chattarpur,Entire home/apt,3000,4,12,0.66,141,28.507572,77.180601,Green & Peaceful
1119,Budget Stay around Noida Sector 75,Deepak Malhotra,Noida Sector 75,Entire home/apt,2300,2,37,0.79,167,28.575273,77.385086,Developed Residential
1120,Family Home in Hauz Khas,Simran Gupta,Hauz Khas,Private room,2300,2,57,0.3,181,28.547323,77.205198,Green & Peaceful
1121,Comfortable Home in Janakpuri,Nisha Malhotra,Janakpuri,Entire home/apt,2650,1,31,0.23,193,28.626597,77.093344,Developed Residential
1122,Premium Stay - Janakpuri,Varun Agarwal,Janakpuri,Private room,1650,3,44,0.24,365,28.625751,77.085501,Developed Residential
1123,Comfortable Home in Paharganj,Ankit Kapoor,Paharganj,Entire home/apt,2150,3,61,0.35,205,28.639133,77.216935,Dense/Chawl-type Area
1124,Comfortable Home in Noida Sector 137,Varun Kumar,Noida Sector 137,Shared room,950,1,4,1.3,167,28.521784,77.404524,Developed Residential
1125,Private Room near Noida Sector 18,Ankit Chauhan,Noida Sector 18,Shared room,1300,1,29,1.08,180,28.574016,77.330611,Market Area
1126,Bright Apartment in South Extension,Simran Sharma,South Extension,Hotel room,3350,1,3,0.14,155,28.568312,77.211496,Market Area
1127,Comfortable Home in Noida Sector 18,Amit Mehta,Noida Sector 18,Private room,2050,2,58,1.58,157,28.573062,77.32893,Market Area
1128,Budget Stay around Vasant Kunj,Pooja Mishra,Vasant Kunj,Private room,2500,1,50,0.2,250,28.537312,77.155981,Developed Residential
1129,Private Room near Saket,Megha Kapoor,Saket,Entire home/apt,3250,1,16,0.2,365,28.520477,77.208903,Developed Residential
1130,Private Room near Green Park,Manish Agarwal,Green Park,Private room,2400,2,27,0.36,293,28.554678,77.203182,Green & Peaceful
1131,Private Room near Saket,Manish Saini,Saket,Entire home/apt,3400,1,21,0.52,208,28.512625,77.203756,Developed Residential
1132,Modern Stay near Lajpat Nagar,Varun Gupta,Lajpat Nagar,Entire home/apt,2400,1,24,0.06,173,28.566779,77.238101,Market Area
1133,Peaceful Retreat near Faridabad Sector 15,Aditya Sharma,Faridabad Sector 15,Entire home/apt,2200,1,44,0.6,270,28.413735,77.318064,Developed Residential
1134,City Stay - Noida Sector 62,Karan Sharma,Noida Sector 62,Private room,1400,1,69,0.06,272,28.629096,77.366953,Corporate/Developed Area
1135,City Stay - Noida Sector 18,Vikas Kapoor,Noida Sector 18,Private room,1550,1,12,0.53,136,28.575539,77.326296,Market Area
1136,Private Room near Hauz Khas,Ankit Yadav,Hauz Khas,Private room,2200,3,29,1.08,247,28.557707,77.201612,Green & Peaceful
1137,Private Room near Vikaspuri,Aditya Saini,Vikaspuri,Entire home/apt,2850,3,84,0.46,264,28.636548,77.065132,Developed Residential
1138,Modern Stay near Gurgaon Sector 47,Megha Kapoor,Gurgaon Sector 47,Private room,2300,1,19,1.15,120,28.420762,77.051522,Developed Residential
1139,City Stay - Connaught Place,Aditya Verma,Connaught Place,Entire home/apt,4000,1,25,0.43,297,28.630879,77.209035,Market Area
1140,Bright Apartment in Ghaziabad Vaishali,Megha Mishra,Ghaziabad Vaishali,Entire home/apt,1900,1,20,0.22,279,28.652631,77.337318,Market Area
1141,Cozy Janakpuri Studio,Megha Mishra,Janakpuri,Entire home/apt,2650,5,14,0.23,201,28.620637,77.086845,Developed Residential
1142,Peaceful Retreat near Green Park,Shreya Kapoor,Green Park,Private room,2100,1,59,0.31,222,28.5573,77.214253,Green & Peaceful
1143,Peaceful Retreat near Karol Bagh,Manish Verma,Karol Bagh,Entire home/apt,2350,2,44,0.54,201,28.648332,77.188886,Market Area
1144,Cozy Ghaziabad Indirapuram Studio,Karan Mishra,Ghaziabad Indirapuram,Private room,1600,7,22,0.54,203,28.633264,77.374585,Developed Residential
1145,Bright Apartment in Karol Bagh,Shreya Kumar,Karol Bagh,Private room,1650,7,25,0.58,45,28.64415,77.189577,Market Area
1146,Modern Stay near Dwarka,Neha Mehta,Dwarka,Hotel room,2900,1,93,0.41,255,28.589857,77.038836,Developed Residential
1147,Family Home in Vikaspuri,Vikas Singh,Vikaspuri,Entire home/apt,1850,1,4,0.15,365,28.642975,77.065549,Developed Residential
1148,Family Home in Gurgaon Sector 47,Sanjay Mishra,Gurgaon Sector 47,Private room,2150,1,31,0.42,136,28.421524,77.04303,Developed Residential
1149,Family Home in Faridabad Sector 15,Manish Gupta,Faridabad Sector 15,Private room,1150,1,87,1.04,215,28.402034,77.318217,Developed Residential
1150,Peaceful Retreat near Vasant Kunj,Rahul Yadav,Vasant Kunj,Private room,2200,1,19,0.58,88,28.525859,77.165787,Developed Residential
1151,Cozy Old Delhi Studio,Pooja Yadav,Old Delhi,Private room,1150,1,17,0.68,244,28.657668,77.245778,Dense/Chawl-type Area
1152,Premium Stay - Gurgaon Cyber City,Aditya Chauhan,Gurgaon Cyber City,Entire home/apt,4000,3,63,0.33,252,28.49476,77.098198,Corporate/Developed Area
1153,Premium Stay - Noida Sector 137,Arjun Bansal,Noida Sector 137,Entire home/apt,2650,2,25,0.12,118,28.510196,77.408434,Developed Residential
1154,City Stay - Mahipalpur,Ankit Chauhan,Mahipalpur,Private room,1200,1,15,0.66,365,28.552556,77.137219,Dense/Chawl-type Area
1155,City Stay - Gurgaon DLF Phase 2,Karan Bansal,Gurgaon DLF Phase 2,Entire home/apt,4000,4,63,0.53,64,28.478599,77.107433,Market Area
1156,Modern Stay near Noida Sector 62,Deepak Jain,Noida Sector 62,Private room,1450,14,54,0.24,308,28.62771,77.358204,Corporate/Developed Area
1157,Budget Stay around Saket,Rahul Yadav,Saket,Private room,1900,2,96,0.51,181,28.521335,77.215163,Developed Residential
1158,Comfortable Home in Noida Sector 75,Rohit Kumar,Noida Sector 75,Private room,1600,1,25,0.99,164,28.571332,77.3955,Developed Residential
1159,Comfortable Home in Lajpat Nagar,Rahul Singh,Lajpat Nagar,Entire home/apt,2800,1,12,1.12,49,28.58284,77.239759,Market Area
1160,Peaceful Retreat near Janakpuri,Riya Mishra,Janakpuri,Entire home/apt,2400,2,73,0.07,234,28.620801,77.08931,Developed Residential
1161,Comfortable Home in Dwarka,Nisha Mehta,Dwarka,Hotel room,2800,7,46,0.18,171,28.597518,77.047305,Developed Residential
1162,City Stay - Noida Sector 18,Aditya Agarwal,Noida Sector 18,Entire home/apt,3550,1,6,0.02,216,28.562331,77.311727,Market Area
1163,Private Room near Gurgaon DLF Phase 2,Manish Malhotra,Gurgaon DLF Phase 2,Private room,3300,2,65,0.51,185,28.483651,77.098203,Market Area
1164,Modern Stay near South Extension,Neha Agarwal,South Extension,Entire home/apt,3800,4,30,0.99,120,28.574016,77.219608,Market Area
1165,City Stay - Noida Sector 75,Nisha Kapoor,Noida Sector 75,Shared room,950,7,38,0.92,230,28.578071,77.376256,Developed Residential
1166,Private Room near Uttam Nagar,Sanjay Mehta,Uttam Nagar,Private room,950,1,20,0.82,37,28.626905,77.068052,Dense/Chawl-type Area
1167,Cozy Ghaziabad Vaishali Studio,Riya Bansal,Ghaziabad Vaishali,Entire home/apt,2700,2,5,0.44,9,28.644199,77.3391,Market Area
1168,Private Room near Connaught Place,Neha Saini,Connaught Place,Entire home/apt,4000,1,16,0.08,298,28.640201,77.215394,Market Area
1169,Modern Stay near Dwarka,Sanjay Mishra,Dwarka,Private room,2150,1,19,1.48,157,28.586018,77.042222,Developed Residential
1170,Peaceful Retreat near Vasant Kunj,Megha Malhotra,Vasant Kunj,Private room,1800,3,19,1.07,313,28.522444,77.163497,Developed Residential
1171,Peaceful Retreat near South Extension,Manish Mishra,South Extension,Private room,2800,4,120,0.45,260,28.558572,77.221926,Market Area
1172,Bright Apartment in Gurgaon Golf Course Road,Varun Kumar,Gurgaon Golf Course Road,Entire home/apt,4000,2,12,0.36,33,28.451588,77.105117,Developed Residential
1173,Premium Stay - Vikaspuri,Karan Chauhan,Vikaspuri,Entire home/apt,2500,7,20,0.67,293,28.636844,77.065363,Developed Residential
1174,Family Home in Ghaziabad Vaishali,Aditya Gupta,Ghaziabad Vaishali,Shared room,900,2,13,0.41,211,28.644466,77.332583,Market Area
1175,Bright Apartment in Lajpat Nagar,Varun Yadav,Lajpat Nagar,Entire home/apt,2850,1,61,0.71,233,28.557766,77.247178,Market Area
1176,Modern Stay near Paharganj,Rohit Sharma,Paharganj,Entire home/apt,2750,3,83,0.21,300,28.663205,77.214081,Dense/Chawl-type Area
1177,Modern Stay near Rajendra Place,Shreya Sharma,Rajendra Place,Entire home/apt,2750,1,32,0.14,260,28.644803,77.185818,Developed Residential
1178,Private Room near Old Delhi,Ankit Mehta,Old Delhi,Entire home/apt,1750,1,23,0.06,5,28.649382,77.23339,Dense/Chawl-type Area
1179,Peaceful Retreat near Gurgaon DLF Phase 2,Amit Malhotra,Gurgaon DLF Phase 2,Entire home/apt,4000,5,53,0.08,347,28.482695,77.097918,Market Area
1180,City Stay - Defence Colony,Rahul Jain,Defence Colony,Entire home/apt,4000,1,88,0.09,201,28.573033,77.227727,Green & Peaceful
1181,City Stay - Dwarka,Ankit Mishra,Dwarka,Entire home/apt,3200,1,61,0.34,353,28.596386,77.052873,Developed Residential
1182,Bright Apartment in Noida Sector 62,Neha Agarwal,Noida Sector 62,Hotel room,1850,1,45,0.15,252,28.620291,77.369832,Corporate/Developed Area
1183,Bright Apartment in Old Delhi,Arjun Verma,Old Delhi,Private room,1100,1,35,0.62,52,28.662799,77.231435,Dense/Chawl-type Area
1184,Budget Stay around Noida Sector 62,Ankit Sharma,Noida Sector 62,Private room,1500,2,51,0.34,224,28.633198,77.35704,Corporate/Developed Area
1185,Peaceful Retreat near Old Delhi,Karan Saini,Old Delhi,Entire home/apt,2050,1,36,1.08,246,28.662768,77.231499,Dense/Chawl-type Area
1186,Modern Stay near Karol Bagh,Manish Agarwal,Karol Bagh,Private room,2050,2,62,0.03,132,28.653421,77.193414,Market Area
1187,Peaceful Retreat near Greater Kailash,Priya Sharma,Greater Kailash,Shared room,2200,1,27,0.32,60,28.546827,77.236586,Developed Residential
1188,Comfortable Home in Mahipalpur,Varun Verma,Mahipalpur,Entire home/apt,1750,7,41,0.68,78,28.549043,77.133567,Dense/Chawl-type Area
1189,Premium Stay - Green Park,Aditya Singh,Green Park,Entire home/apt,3600,2,16,0.18,178,28.561113,77.199832,Green & Peaceful
1190,Cozy Connaught Place Studio,Shreya Sharma,Connaught Place,Entire home/apt,4000,1,128,0.04,196,28.627362,77.216381,Market Area
1191,Modern Stay near Lajpat Nagar,Riya Mishra,Lajpat Nagar,Private room,1850,2,16,0.8,284,28.570758,77.249165,Market Area
1192,Comfortable Home in Noida Sector 137,Manish Saini,Noida Sector 137,Entire home/apt,2900,1,117,0.12,246,28.511049,77.418064,Developed Residential
1193,Peaceful Retreat near Noida Sector 75,Varun Verma,Noida Sector 75,Entire home/apt,2300,1,39,0.81,150,28.578195,77.384811,Developed Residential
1194,Modern Stay near Faridabad Sector 15,Nisha Verma,Faridabad Sector 15,Private room,1300,4,17,0.44,64,28.412364,77.309095,Developed Residential
1195,Bright Apartment in Aerocity,Priya Chauhan,Aerocity,Entire home/apt,4000,2,0,0.0,126,28.551754,77.092309,Developed Residential
1196,Budget Stay around Lajpat Nagar,Karan Gupta,Lajpat Nagar,Entire home/apt,3150,3,38,0.4,224,28.556648,77.24643,Market Area
1197,Comfortable Home in Dwarka,Rahul Agarwal,Dwarka,Entire home/apt,2450,2,43,0.17,127,28.599051,77.04335,Developed Residential
1198,Family Home in Noida Sector 137,Neha Kapoor,Noida Sector 137,Entire home/apt,3250,2,53,0.42,72,28.517856,77.409324,Developed Residential
1199,Comfortable Home in Saket,Amit Bansal,Saket,Entire home/apt,3650,4,62,1.44,155,28.515693,77.204163,Developed Residential
1200,Peaceful Retreat near Noida Sector 62,Shreya Chauhan,Noida Sector 62,Shared room,950,1,55,0.52,5,28.622536,77.355433,Corporate/Developed Area
1201,Budget Stay around Hauz Khas,Rahul Jain,Hauz Khas,Hotel room,4000,2,51,0.42,146,28.554125,77.196221,Green & Peaceful
1202,Private Room near Hauz Khas,Simran Agarwal,Hauz Khas,Private room,2800,1,54,1.11,252,28.546224,77.208418,Green & Peaceful
1203,Modern Stay near Noida Sector 62,Pooja Verma,Noida Sector 62,Private room,2050,2,7,0.9,193,28.626527,77.372733,Corporate/Developed Area
1204,Modern Stay near Paharganj,Rahul Yadav,Paharganj,Private room,1250,1,8,1.16,364,28.630736,77.218195,Dense/Chawl-type Area
1205,Budget Stay around Noida Sector 137,Aditya Saini,Noida Sector 137,Private room,1750,14,67,0.29,307,28.510039,77.40399,Developed Residential
1206,Bright Apartment in Uttam Nagar,Sanjay Malhotra,Uttam Nagar,Entire home/apt,1750,14,6,0.39,221,28.6197,77.059894,Dense/Chawl-type Area
1207,City Stay - Hauz Khas,Rahul Singh,Hauz Khas,Entire home/apt,4000,4,47,1.26,232,28.540381,77.193832,Green & Peaceful
1208,Premium Stay - Faridabad Sector 15,Neha Singh,Faridabad Sector 15,Private room,1300,1,35,0.74,183,28.398521,77.319087,Developed Residential
1209,Family Home in Paharganj,Simran Bansal,Paharganj,Entire home/apt,2050,1,58,0.66,260,28.636936,77.212956,Dense/Chawl-type Area
1210,Cozy Uttam Nagar Studio,Karan Yadav,Uttam Nagar,Shared room,650,1,48,1.21,273,28.621987,77.064316,Dense/Chawl-type Area
1211,Premium Stay - Paharganj,Karan Singh,Paharganj,Entire home/apt,2150,2,28,1.71,251,28.64938,77.210263,Dense/Chawl-type Area
1212,Peaceful Retreat near Noida Sector 137,Simran Kapoor,Noida Sector 137,Entire home/apt,2500,1,9,0.75,153,28.519114,77.393503,Developed Residential
1213,Cozy Noida Sector 18 Studio,Nisha Kumar,Noida Sector 18,Private room,1650,2,11,0.59,200,28.571246,77.32053,Market Area
1214,Budget Stay around Mehrauli,Vikas Mehta,Mehrauli,Entire home/apt,2850,3,66,0.5,145,28.527224,77.182914,Dense/Chawl-type Area
1215,Private Room near Connaught Place,Priya Singh,Connaught Place,Entire home/apt,3000,2,54,0.17,142,28.632523,77.214209,Market Area
1216,Premium Stay - Vikaspuri,Simran Verma,Vikaspuri,Hotel room,2200,2,22,1.44,209,28.63063,77.064016,Developed Residential
1217,Bright Apartment in Connaught Place,Amit Chauhan,Connaught Place,Private room,4000,1,2,0.19,205,28.633318,77.216073,Market Area
1218,Family Home in Noida Sector 75,Rahul Malhotra,Noida Sector 75,Entire home/apt,1950,2,9,0.51,286,28.564777,77.393679,Developed Residential
1219,Premium Stay - Uttam Nagar,Manish Chauhan,Uttam Nagar,Private room,1100,4,17,0.51,236,28.634073,77.057142,Dense/Chawl-type Area
1220,Private Room near Vikaspuri,Ankit Yadav,Vikaspuri,Private room,1550,3,42,0.56,203,28.649896,77.071376,Developed Residential
1221,Family Home in Karol Bagh,Neha Sharma,Karol Bagh,Entire home/apt,2050,3,23,0.41,209,28.652163,77.194049,Market Area
1222,City Stay - Mahipalpur,Neha Sharma,Mahipalpur,Private room,1300,3,22,0.02,234,28.550115,77.127366,Dense/Chawl-type Area
1223,Cozy Greater Kailash Studio,Pooja Sharma,Greater Kailash,Entire home/apt,4000,1,140,0.21,300,28.546643,77.23148,Developed Residential
1224,City Stay - Noida Sector 18,Nisha Kapoor,Noida Sector 18,Private room,2000,2,14,0.45,181,28.568242,77.324289,Market Area
1225,Budget Stay around Uttam Nagar,Deepak Yadav,Uttam Nagar,Private room,1150,2,4,0.22,282,28.631058,77.057367,Dense/Chawl-type Area
1226,Budget Stay around Hauz Khas,Manish Saini,Hauz Khas,Private room,2750,2,18,0.33,210,28.554779,77.204008,Green & Peaceful
1227,Premium Stay - South Extension,Neha Agarwal,South Extension,Entire home/apt,3500,1,2,0.5,223,28.574762,77.218407,Market Area
1228,Comfortable Home in Lajpat Nagar,Megha Bansal,Lajpat Nagar,Private room,1950,2,71,0.7,81,28.56499,77.237448,Market Area
1229,City Stay - Chattarpur,Arjun Verma,Chattarpur,Entire home/apt,2850,1,72,1.35,172,28.502182,77.170328,Green & Peaceful
1230,Peaceful Retreat near Connaught Place,Neha Kapoor,Connaught Place,Hotel room,4000,2,18,0.82,312,28.638464,77.229106,Market Area
1231,Bright Apartment in Gurgaon Golf Course Road,Rahul Kapoor,Gurgaon Golf Course Road,Entire home/apt,4000,1,23,0.78,316,28.458028,77.103737,Developed Residential
1232,Modern Stay near Rajendra Place,Nisha Bansal,Rajendra Place,Entire home/apt,3200,2,27,0.17,121,28.652167,77.178344,Developed Residential
1233,Budget Stay around Defence Colony,Karan Saini,Defence Colony,Private room,2600,3,8,0.65,249,28.577139,77.226747,Green & Peaceful
1234,Peaceful Retreat near Vasant Kunj,Vikas Sharma,Vasant Kunj,Private room,2000,14,7,0.08,117,28.510286,77.156816,Developed Residential
1235,Budget Stay around Mahipalpur,Neha Jain,Mahipalpur,Private room,1200,2,33,1.3,297,28.545301,77.134621,Dense/Chawl-type Area
1236,Family Home in Vikaspuri,Priya Mehta,Vikaspuri,Shared room,1050,1,19,0.8,278,28.639769,77.068826,Developed Residential
1237,City Stay - Lajpat Nagar,Simran Sharma,Lajpat Nagar,Private room,1650,1,33,0.63,278,28.556258,77.243075,Market Area
1238,Cozy Saket Studio,Ankit Verma,Saket,Entire home/apt,2650,1,5,0.2,213,28.532413,77.201948,Developed Residential
1239,Cozy Paharganj Studio,Rahul Saini,Paharganj,Entire home/apt,2900,1,28,0.79,270,28.645514,77.198848,Dense/Chawl-type Area
1240,Bright Apartment in Paharganj,Ankit Mehta,Paharganj,Entire home/apt,1900,1,76,0.63,226,28.653872,77.212077,Dense/Chawl-type Area
1241,City Stay - Uttam Nagar,Deepak Kapoor,Uttam Nagar,Entire home/apt,2050,1,27,0.12,287,28.62668,77.054268,Dense/Chawl-type Area
1242,Comfortable Home in Greater Kailash,Ankit Chauhan,Greater Kailash,Entire home/apt,4000,2,10,0.22,76,28.550856,77.236724,Developed Residential
1243,Modern Stay near Faridabad Sector 15,Arjun Saini,Faridabad Sector 15,Private room,1300,1,53,0.56,143,28.418608,77.310614,Developed Residential
1244,Budget Stay around Karol Bagh,Amit Chauhan,Karol Bagh,Entire home/apt,2100,7,8,0.09,186,28.648853,77.187684,Market Area
1245,Modern Stay near Paharganj,Arjun Kapoor,Paharganj,Private room,1050,2,30,0.17,189,28.64229,77.211277,Dense/Chawl-type Area
1246,Family Home in Green Park,Arjun Saini,Green Park,Private room,2100,2,87,0.56,241,28.558175,77.203567,Green & Peaceful
1247,Private Room near Mehrauli,Neha Mehta,Mehrauli,Private room,1500,3,28,0.15,192,28.529876,77.186377,Dense/Chawl-type Area
1248,Cozy Old Delhi Studio,Deepak Chauhan,Old Delhi,Hotel room,1750,7,63,0.29,192,28.661716,77.236475,Dense/Chawl-type Area
1249,Family Home in Saket,Varun Mishra,Saket,Entire home/apt,3900,1,12,0.21,111,28.521853,77.206378,Developed Residential
1250,Comfortable Home in Old Delhi,Ankit Chauhan,Old Delhi,Entire home/apt,1950,1,38,0.11,94,28.659114,77.244642,Dense/Chawl-type Area
1251,Modern Stay near Rajendra Place,Arjun Yadav,Rajendra Place,Shared room,1150,1,20,0.21,267,28.643027,77.164917,Developed Residential
1252,Modern Stay near Ghaziabad Indirapuram,Aditya Agarwal,Ghaziabad Indirapuram,Entire home/apt,2650,2,32,1.38,116,28.634279,77.3666,Developed Residential
1253,Premium Stay - Aerocity,Vikas Saini,Aerocity,Entire home/apt,4000,7,25,0.24,132,28.559267,77.088031,Developed Residential
1254,Cozy Defence Colony Studio,Amit Sharma,Defence Colony,Private room,2200,2,18,0.57,227,28.569992,77.222129,Green & Peaceful
1255,Private Room near Hauz Khas,Vikas Sharma,Hauz Khas,Private room,2450,1,32,0.41,182,28.548976,77.197951,Green & Peaceful
1256,Comfortable Home in Hauz Khas,Sanjay Malhotra,Hauz Khas,Entire home/apt,3500,4,16,0.71,54,28.551313,77.190147,Green & Peaceful
1257,Cozy Vasant Kunj Studio,Ankit Jain,Vasant Kunj,Private room,2850,7,30,0.12,96,28.528042,77.162229,Developed Residential
1258,Budget Stay around Old Delhi,Megha Yadav,Old Delhi,Private room,1250,3,17,0.85,90,28.651263,77.249817,Dense/Chawl-type Area
1259,Peaceful Retreat near Paharganj,Vikas Chauhan,Paharganj,Private room,1400,3,56,1.09,193,28.647494,77.207169,Dense/Chawl-type Area
1260,Bright Apartment in Noida Sector 75,Manish Jain,Noida Sector 75,Shared room,1050,1,73,0.19,245,28.567417,77.393096,Developed Residential
1261,Modern Stay near Hauz Khas,Arjun Mishra,Hauz Khas,Private room,2500,3,44,0.53,159,28.549229,77.195807,Green & Peaceful
1262,Modern Stay near Dwarka,Aditya Chauhan,Dwarka,Entire home/apt,2650,1,5,0.56,207,28.603676,77.045383,Developed Residential
1263,Cozy Defence Colony Studio,Deepak Agarwal,Defence Colony,Entire home/apt,4000,3,85,0.68,170,28.57508,77.229133,Green & Peaceful
1264,Premium Stay - Karol Bagh,Ankit Singh,Karol Bagh,Private room,1150,3,61,0.18,181,28.659556,77.182503,Market Area
1265,Modern Stay near Ghaziabad Indirapuram,Rohit Malhotra,Ghaziabad Indirapuram,Entire home/apt,2750,3,43,1.16,266,28.63682,77.378496,Developed Residential
1266,City Stay - Faridabad Sector 15,Shreya Mishra,Faridabad Sector 15,Entire home/apt,1900,1,27,0.39,198,28.411913,77.308066,Developed Residential
1267,Modern Stay near Ghaziabad Vaishali,Karan Chauhan,Ghaziabad Vaishali,Private room,1450,1,35,0.07,238,28.65053,77.346161,Market Area
1268,Cozy Noida Sector 75 Studio,Megha Mehta,Noida Sector 75,Private room,1550,2,36,0.89,179,28.553237,77.388159,Developed Residential
1269,City Stay - Old Delhi,Sanjay Singh,Old Delhi,Private room,1150,2,35,0.23,310,28.654201,77.225309,Dense/Chawl-type Area
1270,City Stay - Vasant Kunj,Aditya Yadav,Vasant Kunj,Entire home/apt,2800,1,12,0.14,276,28.544205,77.1627,Developed Residential
1271,Private Room near Noida Sector 137,Simran Singh,Noida Sector 137,Entire home/apt,2250,3,61,0.4,67,28.517013,77.405955,Developed Residential
1272,Private Room near Defence Colony,Sanjay Bansal,Defence Colony,Entire home/apt,4000,7,31,0.51,181,28.577488,77.229266,Green & Peaceful
1273,Premium Stay - Faridabad Sector 15,Pooja Saini,Faridabad Sector 15,Private room,950,2,49,0.3,187,28.410063,77.309445,Developed Residential
1274,Cozy Vikaspuri Studio,Vikas Gupta,Vikaspuri,Private room,1150,4,3,0.43,229,28.638876,77.067431,Developed Residential
1275,Peaceful Retreat near Noida Sector 62,Manish Sharma,Noida Sector 62,Hotel room,1850,2,132,0.06,167,28.62012,77.371633,Corporate/Developed Area
1276,Cozy Noida Sector 137 Studio,Megha Chauhan,Noida Sector 137,Private room,1700,1,119,1.53,235,28.521788,77.408876,Developed Residential
1277,Budget Stay around Gurgaon DLF Phase 2,Riya Sharma,Gurgaon DLF Phase 2,Private room,2550,2,41,0.41,242,28.475915,77.093787,Market Area
1278,Peaceful Retreat near Connaught Place,Karan Verma,Connaught Place,Private room,3350,1,24,0.56,297,28.625504,77.210932,Market Area
1279,Budget Stay around Ghaziabad Indirapuram,Deepak Singh,Ghaziabad Indirapuram,Entire home/apt,2200,3,155,0.45,5,28.650642,77.380569,Developed Residential
1280,Comfortable Home in Mahipalpur,Varun Sharma,Mahipalpur,Entire home/apt,1750,1,14,0.37,159,28.55906,77.121581,Dense/Chawl-type Area
1281,Cozy Gurgaon DLF Phase 2 Studio,Arjun Verma,Gurgaon DLF Phase 2,Hotel room,3800,2,10,1.1,223,28.483854,77.092726,Market Area
1282,Premium Stay - South Extension,Vikas Jain,South Extension,Private room,2650,1,7,0.87,79,28.5677,77.217364,Market Area
1283,Bright Apartment in Hauz Khas,Manish Saini,Hauz Khas,Entire home/apt,3900,1,43,0.59,231,28.548309,77.213043,Green & Peaceful
1284,Modern Stay near Karol Bagh,Shreya Saini,Karol Bagh,Private room,1650,1,75,0.09,169,28.645358,77.20157,Market Area
1285,Premium Stay - Noida Sector 137,Aditya Verma,Noida Sector 137,Entire home/apt,1900,1,32,0.09,255,28.505273,77.403857,Developed Residential
1286,Budget Stay around South Extension,Rahul Agarwal,South Extension,Entire home/apt,4000,3,81,0.77,199,28.56971,77.223267,Market Area
1287,Family Home in Paharganj,Neha Bansal,Paharganj,Entire home/apt,1550,3,59,0.83,107,28.645822,77.213813,Dense/Chawl-type Area
1288,Comfortable Home in Hauz Khas,Rohit Malhotra,Hauz Khas,Hotel room,3250,2,4,0.93,266,28.546814,77.199624,Green & Peaceful
1289,City Stay - Paharganj,Vikas Kumar,Paharganj,Private room,1400,1,17,0.4,50,28.634183,77.212614,Dense/Chawl-type Area
1290,Budget Stay around Dwarka,Riya Jain,Dwarka,Hotel room,1950,1,52,0.13,328,28.587108,77.03949,Developed Residential
1291,Private Room near Vikaspuri,Riya Chauhan,Vikaspuri,Entire home/apt,2050,2,83,0.59,136,28.634249,77.075659,Developed Residential
1292,Modern Stay near Connaught Place,Arjun Singh,Connaught Place,Private room,2850,3,42,1.24,345,28.635822,77.224512,Market Area
1293,Family Home in Aerocity,Pooja Gupta,Aerocity,Entire home/apt,3700,3,119,0.53,365,28.547353,77.090149,Developed Residential
1294,Modern Stay near Noida Sector 18,Priya Gupta,Noida Sector 18,Entire home/apt,2600,1,79,0.96,59,28.561404,77.321972,Market Area
1295,Private Room near Mahipalpur,Ankit Mehta,Mahipalpur,Entire home/apt,1900,7,39,0.53,183,28.550189,77.135879,Dense/Chawl-type Area
1296,Modern Stay near Aerocity,Riya Malhotra,Aerocity,Private room,3250,1,24,0.58,201,28.550114,77.087186,Developed Residential
1297,Peaceful Retreat near Vasant Kunj,Megha Chauhan,Vasant Kunj,Entire home/apt,3050,2,14,0.09,181,28.520961,77.165801,Developed Residential
1298,Private Room near Paharganj,Shreya Kumar,Paharganj,Private room,950,1,3,0.13,235,28.644842,77.210858,Dense/Chawl-type Area
1299,Modern Stay near Mehrauli,Arjun Mishra,Mehrauli,Entire home/apt,2050,1,15,0.32,307,28.518513,77.177988,Dense/Chawl-type Area
1300,City Stay - Vasant Kunj,Neha Gupta,Vasant Kunj,Entire home/apt,4000,2,9,0.25,365,28.518653,77.164503,Developed Residential
1301,Peaceful Retreat near Dwarka,Simran Sharma,Dwarka,Private room,1700,5,19,0.57,220,28.599517,77.05842,Developed Residential
1302,Modern Stay near Karol Bagh,Riya Gupta,Karol Bagh,Private room,1900,1,6,0.95,317,28.660017,77.199521,Market Area
1303,Budget Stay around Noida Sector 18,Vikas Chauhan,Noida Sector 18,Entire home/apt,2400,2,40,1.33,119,28.570682,77.323762,Market Area
1304,City Stay - Lajpat Nagar,Deepak Sharma,Lajpat Nagar,Hotel room,2150,7,75,0.1,279,28.572699,77.24887,Market Area
1305,Comfortable Home in Noida Sector 137,Arjun Mishra,Noida Sector 137,Private room,1500,2,12,0.26,271,28.516761,77.405042,Developed Residential
1306,Private Room near Gurgaon Cyber City,Amit Malhotra,Gurgaon Cyber City,Private room,2650,2,21,1.02,78,28.485948,77.092322,Corporate/Developed Area
1307,Premium Stay - Karol Bagh,Megha Saini,Karol Bagh,Private room,1950,1,45,0.14,353,28.647325,77.191295,Market Area
1308,Private Room near South Extension,Vikas Verma,South Extension,Private room,2500,2,2,0.57,213,28.565098,77.213534,Market Area
1309,Comfortable Home in Connaught Place,Priya Yadav,Connaught Place,Entire home/apt,4000,7,79,0.57,365,28.627873,77.227167,Market Area
1310,Cozy Janakpuri Studio,Priya Sharma,Janakpuri,Entire home/apt,2400,1,26,2.17,328,28.622253,77.086491,Developed Residential
1311,Peaceful Retreat near Noida Sector 62,Vikas Gupta,Noida Sector 62,Private room,1550,1,31,1.07,190,28.629896,77.362419,Corporate/Developed Area
1312,Modern Stay near Hauz Khas,Nisha Chauhan,Hauz Khas,Entire home/apt,3350,1,179,0.65,87,28.553333,77.202449,Green & Peaceful
1313,City Stay - Noida Sector 137,Aditya Bansal,Noida Sector 137,Private room,1250,1,57,0.11,365,28.513124,77.404706,Developed Residential
1314,Modern Stay near Paharganj,Neha Sharma,Paharganj,Hotel room,1700,5,38,0.2,107,28.641295,77.231244,Dense/Chawl-type Area
1315,Private Room near Gurgaon Cyber City,Pooja Jain,Gurgaon Cyber City,Entire home/apt,4000,3,47,0.37,365,28.504474,77.092039,Corporate/Developed Area
1316,Bright Apartment in Greater Kailash,Rahul Verma,Greater Kailash,Shared room,1700,2,42,0.41,8,28.543809,77.23339,Developed Residential
1317,Private Room near Mehrauli,Priya Sharma,Mehrauli,Entire home/apt,2050,2,6,0.8,260,28.539217,77.19173,Dense/Chawl-type Area
1318,Family Home in Green Park,Rohit Gupta,Green Park,Entire home/apt,4000,5,43,1.09,221,28.56499,77.206228,Green & Peaceful
1319,Budget Stay around Gurgaon DLF Phase 2,Manish Mishra,Gurgaon DLF Phase 2,Shared room,1700,4,6,0.26,254,28.472643,77.098686,Market Area
1320,Budget Stay around Old Delhi,Varun Sharma,Old Delhi,Private room,1050,5,114,0.22,205,28.656891,77.22413,Dense/Chawl-type Area
1321,Bright Apartment in Noida Sector 18,Manish Gupta,Noida Sector 18,Entire home/apt,2400,3,36,1.13,287,28.58016,77.318697,Market Area
1322,Comfortable Home in Noida Sector 137,Pooja Jain,Noida Sector 137,Entire home/apt,2000,1,5,0.14,327,28.504585,77.401819,Developed Residential
1323,Private Room near Ghaziabad Vaishali,Arjun Kumar,Ghaziabad Vaishali,Private room,1500,1,34,0.88,234,28.650431,77.338622,Market Area
1324,Family Home in Ghaziabad Vaishali,Rahul Sharma,Ghaziabad Vaishali,Private room,1600,1,73,1.01,186,28.649203,77.336159,Market Area
1325,Peaceful Retreat near Dwarka,Simran Bansal,Dwarka,Private room,1650,1,7,0.49,220,28.587531,77.059185,Developed Residential
1326,Budget Stay around Hauz Khas,Karan Mehta,Hauz Khas,Private room,3000,4,17,0.6,257,28.553754,77.20874,Green & Peaceful
1327,Cozy Noida Sector 18 Studio,Megha Mehta,Noida Sector 18,Private room,2350,1,59,0.35,207,28.571193,77.323373,Market Area
1328,Budget Stay around Mehrauli,Neha Kumar,Mehrauli,Entire home/apt,1850,1,90,0.1,266,28.517851,77.189595,Dense/Chawl-type Area
1329,Peaceful Retreat near Hauz Khas,Rahul Malhotra,Hauz Khas,Private room,2600,2,15,0.53,207,28.53929,77.203659,Green & Peaceful
1330,Premium Stay - Vikaspuri,Deepak Singh,Vikaspuri,Private room,1600,1,33,0.62,251,28.652308,77.07602,Developed Residential
1331,Bright Apartment in Greater Kailash,Amit Malhotra,Greater Kailash,Entire home/apt,4000,7,22,0.76,335,28.542482,77.237433,Developed Residential
1332,Private Room near Green Park,Varun Kapoor,Green Park,Shared room,1600,1,35,0.59,203,28.556011,77.19422,Green & Peaceful
1333,Family Home in Ghaziabad Vaishali,Sanjay Jain,Ghaziabad Vaishali,Private room,1350,2,47,0.22,187,28.648428,77.342059,Market Area
1334,Budget Stay around Mehrauli,Deepak Chauhan,Mehrauli,Entire home/apt,2950,1,27,0.12,209,28.530905,77.183412,Dense/Chawl-type Area
1335,Cozy Lajpat Nagar Studio,Arjun Gupta,Lajpat Nagar,Entire home/apt,2050,4,42,0.39,86,28.567063,77.244624,Market Area
1336,Peaceful Retreat near Noida Sector 137,Riya Bansal,Noida Sector 137,Private room,1450,3,59,1.08,54,28.515225,77.403904,Developed Residential
1337,City Stay - Mehrauli,Amit Jain,Mehrauli,Private room,2050,3,9,0.77,312,28.528152,77.187994,Dense/Chawl-type Area
1338,Private Room near Noida Sector 62,Rohit Yadav,Noida Sector 62,Entire home/apt,2650,1,11,0.16,200,28.622369,77.35959,Corporate/Developed Area
1339,Family Home in Paharganj,Deepak Chauhan,Paharganj,Entire home/apt,2200,2,79,0.93,273,28.646772,77.218712,Dense/Chawl-type Area
1340,Modern Stay near Noida Sector 75,Vikas Gupta,Noida Sector 75,Entire home/apt,2400,1,36,0.57,118,28.569557,77.385257,Developed Residential
1341,Peaceful Retreat near Gurgaon Cyber City,Vikas Agarwal,Gurgaon Cyber City,Private room,2800,1,25,0.04,285,28.492371,77.092467,Corporate/Developed Area
1342,Cozy Connaught Place Studio,Arjun Kapoor,Connaught Place,Private room,3400,2,64,0.29,210,28.633537,77.235819,Market Area
1343,Budget Stay around South Extension,Vikas Bansal,South Extension,Private room,3050,1,105,1.53,225,28.562148,77.219786,Market Area
1344,Comfortable Home in Greater Kailash,Sanjay Jain,Greater Kailash,Private room,2400,7,22,0.52,229,28.556905,77.241442,Developed Residential
1345,Family Home in Gurgaon Sector 47,Ankit Singh,Gurgaon Sector 47,Private room,2300,1,127,0.93,151,28.426027,77.052323,Developed Residential
1346,Bright Apartment in Ghaziabad Indirapuram,Riya Yadav,Ghaziabad Indirapuram,Entire home/apt,1950,2,87,0.58,258,28.641215,77.372598,Developed Residential
1347,Bright Apartment in Ghaziabad Vaishali,Aditya Sharma,Ghaziabad Vaishali,Entire home/apt,2100,4,33,0.47,241,28.655047,77.335251,Market Area
1348,Comfortable Home in Gurgaon Sector 47,Aditya Bansal,Gurgaon Sector 47,Private room,2200,5,57,0.67,288,28.427537,77.037263,Developed Residential
1349,Private Room near Greater Kailash,Aditya Singh,Greater Kailash,Entire home/apt,4000,2,13,0.22,197,28.557542,77.231276,Developed Residential
1350,Comfortable Home in Connaught Place,Megha Kumar,Connaught Place,Entire home/apt,4000,3,16,0.76,365,28.6349,77.220527,Market Area
1351,Modern Stay near Gurgaon Cyber City,Varun Sharma,Gurgaon Cyber City,Hotel room,4000,2,66,0.6,144,28.487164,77.089116,Corporate/Developed Area
1352,Family Home in Rajendra Place,Rohit Singh,Rajendra Place,Hotel room,2050,2,17,1.0,102,28.64823,77.190635,Developed Residential
1353,Premium Stay - Vikaspuri,Vikas Sharma,Vikaspuri,Shared room,1050,5,32,0.45,155,28.62821,77.066627,Developed Residential
1354,Bright Apartment in Mehrauli,Varun Sharma,Mehrauli,Private room,2050,4,33,0.5,140,28.520546,77.189097,Dense/Chawl-type Area
1355,Comfortable Home in Connaught Place,Simran Singh,Connaught Place,Entire home/apt,3900,1,14,0.36,235,28.639913,77.213168,Market Area
1356,Comfortable Home in Paharganj,Riya Saini,Paharganj,Entire home/apt,2800,2,83,0.25,245,28.646207,77.209965,Dense/Chawl-type Area
1357,Cozy Paharganj Studio,Riya Sharma,Paharganj,Entire home/apt,2300,1,66,0.81,211,28.653,77.214879,Dense/Chawl-type Area
1358,Comfortable Home in Dwarka,Rahul Bansal,Dwarka,Entire home/apt,3600,3,83,0.75,315,28.600408,77.043119,Developed Residential
1359,Premium Stay - Ghaziabad Vaishali,Priya Mishra,Ghaziabad Vaishali,Entire home/apt,1700,1,43,0.71,255,28.651171,77.331666,Market Area
1360,Bright Apartment in Karol Bagh,Sanjay Verma,Karol Bagh,Entire home/apt,3200,1,42,0.7,275,28.65989,77.186957,Market Area
1361,Modern Stay near Paharganj,Nisha Bansal,Paharganj,Shared room,800,2,14,0.34,5,28.63143,77.215254,Dense/Chawl-type Area
1362,Bright Apartment in Aerocity,Riya Kumar,Aerocity,Entire home/apt,4000,1,35,0.08,81,28.550902,77.09034,Developed Residential
1363,Budget Stay around Old Delhi,Rahul Gupta,Old Delhi,Private room,1400,2,13,0.25,273,28.668529,77.238894,Dense/Chawl-type Area
1364,Bright Apartment in Noida Sector 75,Varun Agarwal,Noida Sector 75,Private room,1950,1,50,0.63,156,28.571775,77.379225,Developed Residential
1365,Premium Stay - Vikaspuri,Ankit Saini,Vikaspuri,Private room,2450,3,125,0.84,226,28.635877,77.070512,Developed Residential
1366,Bright Apartment in Dwarka,Simran Yadav,Dwarka,Private room,1300,3,43,0.75,344,28.587213,77.042149,Developed Residential
1367,Family Home in Hauz Khas,Vikas Agarwal,Hauz Khas,Private room,2900,1,53,0.22,365,28.544288,77.201877,Green & Peaceful
1368,City Stay - Gurgaon DLF Phase 2,Ankit Malhotra,Gurgaon DLF Phase 2,Private room,2250,1,45,0.17,133,28.48559,77.107803,Market Area
1369,Comfortable Home in Vasant Kunj,Karan Gupta,Vasant Kunj,Shared room,1550,7,19,0.24,146,28.529298,77.154478,Developed Residential
1370,Family Home in Paharganj,Amit Saini,Paharganj,Private room,1600,1,59,1.06,141,28.653893,77.212218,Dense/Chawl-type Area
1371,Family Home in Vasant Kunj,Nisha Mishra,Vasant Kunj,Private room,2050,14,84,0.15,245,28.530629,77.162934,Developed Residential
1372,Family Home in Greater Kailash,Rohit Gupta,Greater Kailash,Private room,2950,1,72,0.41,110,28.542978,77.235307,Developed Residential
1373,Family Home in Vasant Kunj,Riya Jain,Vasant Kunj,Entire home/apt,3500,1,59,0.74,224,28.523282,77.157672,Developed Residential
1374,Family Home in Saket,Vikas Agarwal,Saket,Entire home/apt,3350,1,34,1.42,63,28.524756,77.211047,Developed Residential
1375,Private Room near Mahipalpur,Priya Jain,Mahipalpur,Shared room,800,1,19,0.03,218,28.543262,77.129563,Dense/Chawl-type Area
1376,Modern Stay near Mehrauli,Rahul Chauhan,Mehrauli,Private room,1500,1,49,0.3,153,28.524133,77.181,Dense/Chawl-type Area
1377,Bright Apartment in Vikaspuri,Vikas Chauhan,Vikaspuri,Entire home/apt,2750,1,18,0.07,97,28.64291,77.068235,Developed Residential
1378,Modern Stay near Mahipalpur,Ankit Agarwal,Mahipalpur,Entire home/apt,2350,3,38,0.3,275,28.555904,77.12953,Dense/Chawl-type Area
1379,Cozy Ghaziabad Indirapuram Studio,Riya Mehta,Ghaziabad Indirapuram,Shared room,550,2,124,0.59,185,28.650514,77.376736,Developed Residential
1380,Peaceful Retreat near Dwarka,Arjun Singh,Dwarka,Private room,1800,1,25,0.47,130,28.596574,77.046425,Developed Residential
1381,City Stay - Old Delhi,Neha Chauhan,Old Delhi,Private room,950,4,101,1.44,245,28.65634,77.238163,Dense/Chawl-type Area
1382,Cozy Uttam Nagar Studio,Priya Saini,Uttam Nagar,Entire home/apt,1900,7,30,0.38,250,28.625948,77.073757,Dense/Chawl-type Area
1383,Private Room near Faridabad Sector 15,Rohit Malhotra,Faridabad Sector 15,Entire home/apt,2200,2,53,0.02,316,28.417807,77.313742,Developed Residential
1384,Budget Stay around Ghaziabad Indirapuram,Manish Gupta,Ghaziabad Indirapuram,Entire home/apt,1850,3,22,1.11,351,28.642423,77.368448,Developed Residential
1385,Budget Stay around Vikaspuri,Varun Jain,Vikaspuri,Private room,1450,3,38,0.45,220,28.646755,77.068756,Developed Residential
1386,Budget Stay around Hauz Khas,Sanjay Kapoor,Hauz Khas,Entire home/apt,3900,2,26,0.56,156,28.554378,77.19243,Green & Peaceful
1387,Private Room near Janakpuri,Priya Mishra,Janakpuri,Entire home/apt,1950,3,59,0.63,154,28.621312,77.087314,Developed Residential
1388,Peaceful Retreat near Noida Sector 62,Aditya Agarwal,Noida Sector 62,Private room,2100,1,8,0.42,183,28.611629,77.360022,Corporate/Developed Area
1389,Modern Stay near Karol Bagh,Ankit Mehta,Karol Bagh,Entire home/apt,3150,1,17,0.14,25,28.651954,77.188302,Market Area
1390,Cozy Ghaziabad Vaishali Studio,Rohit Kumar,Ghaziabad Vaishali,Hotel room,1250,2,7,0.87,235,28.629826,77.33743,Market Area
1391,Modern Stay near Uttam Nagar,Riya Kumar,Uttam Nagar,Entire home/apt,1600,1,31,0.26,282,28.619481,77.063227,Dense/Chawl-type Area
1392,Comfortable Home in Ghaziabad Vaishali,Neha Chauhan,Ghaziabad Vaishali,Private room,1550,1,22,0.15,130,28.646503,77.341721,Market Area
1393,Modern Stay near Gurgaon Cyber City,Nisha Gupta,Gurgaon Cyber City,Entire home/apt,4000,2,61,0.44,102,28.511416,77.092413,Corporate/Developed Area
1394,Modern Stay near Hauz Khas,Megha Jain,Hauz Khas,Private room,2200,2,42,0.26,229,28.549748,77.189213,Green & Peaceful
1395,Family Home in Gurgaon DLF Phase 2,Riya Bansal,Gurgaon DLF Phase 2,Private room,2700,7,12,0.63,279,28.474101,77.089936,Market Area
1396,Cozy Noida Sector 137 Studio,Varun Saini,Noida Sector 137,Entire home/apt,2350,1,17,0.86,236,28.512392,77.399755,Developed Residential
1397,Comfortable Home in Gurgaon DLF Phase 2,Manish Agarwal,Gurgaon DLF Phase 2,Entire home/apt,4000,2,44,0.1,85,28.483572,77.087565,Market Area
1398,Budget Stay around Noida Sector 137,Simran Jain,Noida Sector 137,Entire home/apt,2450,3,23,0.36,184,28.511525,77.419286,Developed Residential
1399,Modern Stay near Vikaspuri,Ankit Sharma,Vikaspuri,Entire home/apt,3150,1,25,0.04,149,28.635953,77.069618,Developed Residential
1400,Peaceful Retreat near Mahipalpur,Riya Singh,Mahipalpur,Private room,1250,14,28,0.33,118,28.552514,77.118755,Dense/Chawl-type Area
1401,Premium Stay - Karol Bagh,Manish Saini,Karol Bagh,Entire home/apt,3100,2,13,0.62,106,28.657921,77.180401,Market Area
1402,City Stay - Lajpat Nagar,Megha Kumar,Lajpat Nagar,Entire home/apt,3600,3,23,0.19,149,28.572491,77.246417,Market Area
1403,Modern Stay near Hauz Khas,Karan Singh,Hauz Khas,Entire home/apt,3650,2,36,0.25,173,28.544536,77.194466,Green & Peaceful
1404,Family Home in Noida Sector 137,Rohit Malhotra,Noida Sector 137,Private room,1900,5,16,1.84,109,28.505359,77.403775,Developed Residential
1405,Private Room near Gurgaon Cyber City,Megha Mishra,Gurgaon Cyber City,Entire home/apt,4000,1,23,0.75,63,28.508575,77.085972,Corporate/Developed Area
1406,Bright Apartment in Noida Sector 62,Rahul Sharma,Noida Sector 62,Entire home/apt,2450,2,53,0.58,146,28.624159,77.358416,Corporate/Developed Area
1407,Modern Stay near Uttam Nagar,Amit Malhotra,Uttam Nagar,Entire home/apt,1100,1,12,1.2,172,28.62353,77.066383,Dense/Chawl-type Area
1408,Family Home in Faridabad Sector 15,Karan Mishra,Faridabad Sector 15,Entire home/apt,1350,1,22,0.22,365,28.408949,77.318269,Developed Residential
1409,Modern Stay near Gurgaon Cyber City,Varun Singh,Gurgaon Cyber City,Entire home/apt,4000,1,34,0.6,159,28.493584,77.08606,Corporate/Developed Area
1410,Comfortable Home in Dwarka,Amit Singh,Dwarka,Entire home/apt,2950,1,96,0.01,177,28.591598,77.054336,Developed Residential
1411,Private Room near Uttam Nagar,Karan Verma,Uttam Nagar,Entire home/apt,1200,2,42,0.23,322,28.624963,77.068383,Dense/Chawl-type Area
1412,Budget Stay around Saket,Priya Kumar,Saket,Private room,1550,1,42,0.79,200,28.535415,77.196529,Developed Residential
1413,City Stay - Rajendra Place,Varun Mehta,Rajendra Place,Entire home/apt,2850,5,26,0.26,87,28.645462,77.175909,Developed Residential
1414,Premium Stay - Green Park,Neha Agarwal,Green Park,Hotel room,4000,1,56,0.96,175,28.575628,77.209836,Green & Peaceful
1415,Bright Apartment in Saket,Nisha Gupta,Saket,Private room,2550,2,73,0.57,286,28.53169,77.218005,Developed Residential
1416,Comfortable Home in Paharganj,Nisha Chauhan,Paharganj,Entire home/apt,2750,1,3,0.51,356,28.649956,77.211236,Dense/Chawl-type Area
1417,City Stay - Gurgaon Sector 47,Shreya Sharma,Gurgaon Sector 47,Entire home/apt,3550,1,27,0.64,244,28.421719,77.042648,Developed Residential
1418,City Stay - Green Park,Shreya Mehta,Green Park,Private room,2400,2,27,0.1,220,28.558425,77.214453,Green & Peaceful
1419,City Stay - Saket,Vikas Mishra,Saket,Private room,2500,2,15,0.63,278,28.528694,77.204241,Developed Residential
1420,Comfortable Home in Hauz Khas,Aditya Sharma,Hauz Khas,Private room,2800,3,87,0.88,257,28.545209,77.18554,Green & Peaceful
1421,Bright Apartment in Gurgaon Cyber City,Priya Verma,Gurgaon Cyber City,Private room,2550,7,8,0.66,108,28.498309,77.093355,Corporate/Developed Area
1422,Family Home in South Extension,Megha Malhotra,South Extension,Private room,2900,1,34,0.06,187,28.569045,77.220765,Market Area
1423,Cozy Noida Sector 137 Studio,Vikas Kapoor,Noida Sector 137,Entire home/apt,2550,3,45,1.25,292,28.525194,77.403065,Developed Residential
1424,Premium Stay - Gurgaon Golf Course Road,Nisha Mishra,Gurgaon Golf Course Road,Private room,3550,2,35,0.63,291,28.462383,77.102762,Developed Residential
1425,Private Room near Gurgaon Cyber City,Manish Kapoor,Gurgaon Cyber City,Entire home/apt,4000,1,41,0.2,194,28.504048,77.092068,Corporate/Developed Area
1426,Peaceful Retreat near South Extension,Aditya Jain,South Extension,Private room,2750,4,40,0.07,340,28.561598,77.226941,Market Area
1427,Modern Stay near Rajendra Place,Varun Kumar,Rajendra Place,Private room,1250,1,12,0.15,224,28.652116,77.19247,Developed Residential
1428,Cozy Green Park Studio,Nisha Jain,Green Park,Hotel room,3300,1,16,1.25,67,28.554919,77.195602,Green & Peaceful
1429,Premium Stay - Lajpat Nagar,Deepak Bansal,Lajpat Nagar,Private room,1450,1,35,0.53,245,28.571129,77.251627,Market Area
1430,Family Home in Paharganj,Aditya Agarwal,Paharganj,Entire home/apt,2900,2,25,0.49,5,28.648064,77.21517,Dense/Chawl-type Area
1431,Private Room near Noida Sector 75,Rahul Verma,Noida Sector 75,Entire home/apt,2300,1,56,0.34,193,28.562392,77.396177,Developed Residential
1432,Peaceful Retreat near Uttam Nagar,Ankit Gupta,Uttam Nagar,Private room,1150,1,40,0.23,31,28.628062,77.071653,Dense/Chawl-type Area
1433,Cozy Gurgaon Golf Course Road Studio,Pooja Gupta,Gurgaon Golf Course Road,Private room,3400,1,69,0.1,235,28.462364,77.101305,Developed Residential
1434,Budget Stay around Lajpat Nagar,Manish Verma,Lajpat Nagar,Entire home/apt,2600,2,7,0.25,172,28.563767,77.246295,Market Area
1435,Comfortable Home in Noida Sector 137,Pooja Mishra,Noida Sector 137,Entire home/apt,1950,1,54,1.28,237,28.510518,77.416684,Developed Residential
1436,Bright Apartment in Noida Sector 137,Simran Kumar,Noida Sector 137,Private room,1450,2,25,1.24,229,28.524638,77.409135,Developed Residential
1437,Budget Stay around Connaught Place,Neha Verma,Connaught Place,Private room,2450,2,87,0.35,232,28.636725,77.221161,Market Area
1438,Premium Stay - Gurgaon DLF Phase 2,Megha Malhotra,Gurgaon DLF Phase 2,Entire home/apt,4000,3,8,0.56,151,28.478489,77.094569,Market Area
1439,City Stay - Mehrauli,Riya Mishra,Mehrauli,Private room,1550,1,31,0.22,231,28.522931,77.183431,Dense/Chawl-type Area
1440,Cozy Lajpat Nagar Studio,Deepak Mehta,Lajpat Nagar,Entire home/apt,2750,4,120,0.29,128,28.562995,77.233322,Market Area
1441,Premium Stay - Mehrauli,Simran Bansal,Mehrauli,Entire home/apt,2450,3,54,0.18,207,28.522808,77.178687,Dense/Chawl-type Area
1442,Budget Stay around Uttam Nagar,Manish Verma,Uttam Nagar,Private room,1300,1,76,0.42,122,28.62039,77.065414,Dense/Chawl-type Area
1443,Family Home in Ghaziabad Vaishali,Rahul Gupta,Ghaziabad Vaishali,Private room,1050,2,15,0.28,221,28.651678,77.335159,Market Area
1444,Modern Stay near Uttam Nagar,Aditya Bansal,Uttam Nagar,Entire home/apt,1700,1,29,1.49,208,28.618642,77.056661,Dense/Chawl-type Area
1445,Modern Stay near Noida Sector 75,Priya Bansal,Noida Sector 75,Private room,1450,3,18,0.2,124,28.560928,77.391112,Developed Residential
1446,Premium Stay - Defence Colony,Karan Mishra,Defence Colony,Private room,2800,1,92,0.63,194,28.569582,77.223493,Green & Peaceful
1447,Budget Stay around Dwarka,Sanjay Jain,Dwarka,Private room,2150,3,28,0.62,263,28.595334,77.044068,Developed Residential
1448,Private Room near Gurgaon DLF Phase 2,Arjun Malhotra,Gurgaon DLF Phase 2,Shared room,1700,1,18,0.2,178,28.473126,77.088548,Market Area
1449,Private Room near Noida Sector 62,Aditya Bansal,Noida Sector 62,Private room,2000,7,85,1.47,296,28.627248,77.36823,Corporate/Developed Area
1450,City Stay - Paharganj,Rohit Gupta,Paharganj,Private room,1300,3,32,0.36,61,28.634988,77.221136,Dense/Chawl-type Area
1451,Family Home in Connaught Place,Nisha Gupta,Connaught Place,Private room,3000,2,33,0.29,298,28.634621,77.21663,Market Area
1452,Budget Stay around Ghaziabad Vaishali,Simran Agarwal,Ghaziabad Vaishali,Hotel room,2200,3,21,0.2,218,28.642711,77.343195,Market Area
1453,Bright Apartment in Paharganj,Rohit Malhotra,Paharganj,Private room,1100,1,7,0.8,286,28.652727,77.203317,Dense/Chawl-type Area
1454,Private Room near Rajendra Place,Vikas Sharma,Rajendra Place,Private room,1500,7,26,0.22,246,28.633934,77.176481,Developed Residential
1455,Bright Apartment in Rajendra Place,Arjun Jain,Rajendra Place,Entire home/apt,3850,1,54,0.26,144,28.641614,77.158023,Developed Residential
1456,City Stay - Saket,Amit Chauhan,Saket,Private room,1950,1,41,0.17,220,28.525061,77.196858,Developed Residential
1457,Private Room near Noida Sector 62,Karan Kumar,Noida Sector 62,Entire home/apt,3100,2,28,0.74,65,28.628987,77.367941,Corporate/Developed Area
1458,Peaceful Retreat near Dwarka,Priya Mishra,Dwarka,Private room,1550,3,13,1.89,216,28.594428,77.04125,Developed Residential
1459,Private Room near Paharganj,Rahul Kumar,Paharganj,Private room,1850,3,8,0.19,212,28.633614,77.226468,Dense/Chawl-type Area
1460,Budget Stay around Noida Sector 137,Riya Kumar,Noida Sector 137,Shared room,850,3,72,0.22,91,28.511189,77.392953,Developed Residential
1461,Modern Stay near Ghaziabad Vaishali,Simran Agarwal,Ghaziabad Vaishali,Entire home/apt,2250,1,40,0.33,215,28.637097,77.335879,Market Area
1462,Peaceful Retreat near Gurgaon Cyber City,Pooja Mehta,Gurgaon Cyber City,Private room,3500,3,13,2.11,202,28.492571,77.10082,Corporate/Developed Area
1463,Private Room near Karol Bagh,Manish Saini,Karol Bagh,Private room,1650,2,75,1.43,285,28.655126,77.197957,Market Area
1464,Bright Apartment in Saket,Deepak Mishra,Saket,Entire home/apt,4000,2,58,0.29,119,28.519873,77.209596,Developed Residential
1465,Comfortable Home in Gurgaon Cyber City,Rohit Kapoor,Gurgaon Cyber City,Private room,2450,1,29,0.23,237,28.490842,77.092459,Corporate/Developed Area
1466,Premium Stay - Gurgaon Cyber City,Neha Kumar,Gurgaon Cyber City,Private room,2600,1,50,1.06,152,28.489444,77.081609,Corporate/Developed Area
1467,Premium Stay - Dwarka,Nisha Gupta,Dwarka,Entire home/apt,2150,2,72,0.82,210,28.582989,77.055911,Developed Residential
1468,Comfortable Home in Gurgaon DLF Phase 2,Aditya Sharma,Gurgaon DLF Phase 2,Private room,3000,1,31,1.34,336,28.483475,77.095899,Market Area
1469,Peaceful Retreat near Gurgaon Golf Course Road,Pooja Jain,Gurgaon Golf Course Road,Entire home/apt,4000,1,38,0.16,304,28.457453,77.113825,Developed Residential
1470,Cozy Noida Sector 62 Studio,Rohit Singh,Noida Sector 62,Private room,1800,2,44,0.42,326,28.620072,77.365042,Corporate/Developed Area
1471,Bright Apartment in Mahipalpur,Shreya Sharma,Mahipalpur,Entire home/apt,2300,2,53,0.68,341,28.552982,77.114487,Dense/Chawl-type Area
1472,Bright Apartment in Saket,Pooja Kumar,Saket,Private room,2750,1,28,0.94,264,28.529081,77.215389,Developed Residential
1473,Budget Stay around Greater Kailash,Shreya Kapoor,Greater Kailash,Entire home/apt,4000,1,19,0.77,9,28.550001,77.249911,Developed Residential
1474,Cozy Rajendra Place Studio,Priya Agarwal,Rajendra Place,Entire home/apt,2650,1,60,0.93,166,28.641256,77.17833,Developed Residential
1475,Private Room near Paharganj,Vikas Chauhan,Paharganj,Entire home/apt,2700,3,28,0.56,365,28.646298,77.212117,Dense/Chawl-type Area
1476,Comfortable Home in Ghaziabad Indirapuram,Simran Mehta,Ghaziabad Indirapuram,Private room,1400,4,6,0.74,222,28.640305,77.376887,Developed Residential
1477,Premium Stay - Chattarpur,Varun Bansal,Chattarpur,Shared room,1150,1,11,0.29,34,28.508806,77.177166,Green & Peaceful
1478,Comfortable Home in South Extension,Sanjay Chauhan,South Extension,Entire home/apt,3550,1,106,0.9,28,28.564011,77.221155,Market Area
1479,Modern Stay near Uttam Nagar,Arjun Saini,Uttam Nagar,Entire home/apt,1750,3,41,1.01,35,28.628087,77.060242,Dense/Chawl-type Area
1480,Budget Stay around Gurgaon DLF Phase 2,Karan Sharma,Gurgaon DLF Phase 2,Private room,2900,4,7,0.39,234,28.484835,77.095816,Market Area
1481,Family Home in Vikaspuri,Rohit Gupta,Vikaspuri,Private room,1500,3,103,0.77,206,28.640536,77.068392,Developed Residential
1482,Peaceful Retreat near Karol Bagh,Pooja Mishra,Karol Bagh,Entire home/apt,3100,3,45,0.48,122,28.651305,77.187193,Market Area
1483,Peaceful Retreat near Vasant Kunj,Vikas Agarwal,Vasant Kunj,Entire home/apt,3250,7,22,0.06,347,28.529662,77.162856,Developed Residential
1484,Budget Stay around Dwarka,Arjun Agarwal,Dwarka,Entire home/apt,2800,5,62,0.47,220,28.598079,77.051334,Developed Residential
1485,Cozy Gurgaon DLF Phase 2 Studio,Deepak Sharma,Gurgaon DLF Phase 2,Private room,2800,14,13,0.06,155,28.475498,77.099529,Market Area
1486,Comfortable Home in Vasant Kunj,Varun Jain,Vasant Kunj,Private room,2150,1,14,0.26,230,28.535005,77.150597,Developed Residential
1487,Cozy Connaught Place Studio,Ankit Bansal,Connaught Place,Private room,2500,3,81,0.34,149,28.650343,77.215802,Market Area
1488,Family Home in Mehrauli,Vikas Kumar,Mehrauli,Private room,1850,1,111,0.39,5,28.52251,77.18542,Dense/Chawl-type Area
1489,City Stay - Karol Bagh,Karan Saini,Karol Bagh,Private room,1650,1,92,1.17,301,28.658025,77.18762,Market Area
1490,Budget Stay around Old Delhi,Manish Jain,Old Delhi,Hotel room,1500,2,30,0.21,83,28.653287,77.231964,Dense/Chawl-type Area
1491,City Stay - Vikaspuri,Sanjay Mehta,Vikaspuri,Entire home/apt,2250,3,59,0.81,294,28.637661,77.066989,Developed Residential
1492,City Stay - Mahipalpur,Pooja Mehta,Mahipalpur,Entire home/apt,2250,1,28,0.48,185,28.551741,77.129003,Dense/Chawl-type Area
1493,Family Home in Saket,Deepak Mishra,Saket,Shared room,1200,5,61,0.3,319,28.51864,77.208792,Developed Residential
1494,Modern Stay near Uttam Nagar,Nisha Bansal,Uttam Nagar,Entire home/apt,1350,1,24,0.09,365,28.62886,77.058378,Dense/Chawl-type Area
1495,Bright Apartment in Gurgaon Cyber City,Amit Kapoor,Gurgaon Cyber City,Entire home/apt,4000,3,60,0.39,216,28.502423,77.096873,Corporate/Developed Area
1496,Family Home in Noida Sector 75,Megha Agarwal,Noida Sector 75,Entire home/apt,2100,1,28,0.46,294,28.563938,77.380374,Developed Residential
1497,City Stay - Noida Sector 18,Simran Kumar,Noida Sector 18,Entire home/apt,3150,2,27,0.2,243,28.57572,77.331677,Market Area
1498,Modern Stay near Paharganj,Priya Mehta,Paharganj,Entire home/apt,1850,1,26,0.75,217,28.638516,77.21677,Dense/Chawl-type Area
1499,Bright Apartment in Uttam Nagar,Riya Kumar,Uttam Nagar,Entire home/apt,1900,1,34,1.35,132,28.618024,77.072333,Dense/Chawl-type Area
1500,City Stay - Lajpat Nagar,Arjun Kumar,Lajpat Nagar,Private room,1550,1,32,0.06,124,28.567547,77.247441,Market Area
1501,Premium Stay - Faridabad Sector 15,Pooja Gupta,Faridabad Sector 15,Private room,1250,4,54,0.25,198,28.403141,77.31645,Developed Residential
1502,Cozy Lajpat Nagar Studio,Vikas Jain,Lajpat Nagar,Entire home/apt,2750,1,2,1.34,208,28.562857,77.244965,Market Area
1503,Bright Apartment in Noida Sector 137,Simran Malhotra,Noida Sector 137,Private room,1400,1,41,0.84,87,28.515831,77.400401,Developed Residential
1504,Cozy Ghaziabad Indirapuram Studio,Rahul Saini,Ghaziabad Indirapuram,Entire home/apt,1650,2,68,0.36,198,28.64108,77.385137,Developed Residential
1505,City Stay - Paharganj,Varun Kumar,Paharganj,Private room,1100,2,8,0.53,82,28.646867,77.220087,Dense/Chawl-type Area
1506,Budget Stay around Ghaziabad Indirapuram,Manish Malhotra,Ghaziabad Indirapuram,Entire home/apt,2450,1,8,0.88,60,28.646833,77.377912,Developed Residential
1507,Family Home in Janakpuri,Rohit Bansal,Janakpuri,Entire home/apt,2200,5,13,0.45,282,28.619979,77.084558,Developed Residential
1508,Peaceful Retreat near Ghaziabad Vaishali,Pooja Chauhan,Ghaziabad Vaishali,Entire home/apt,2000,1,18,0.23,365,28.650368,77.33729,Market Area
1509,Private Room near Gurgaon DLF Phase 2,Megha Agarwal,Gurgaon DLF Phase 2,Entire home/apt,3700,3,27,0.36,236,28.477192,77.089121,Market Area
1510,City Stay - Dwarka,Sanjay Kapoor,Dwarka,Entire home/apt,2850,4,106,0.56,328,28.599193,77.051903,Developed Residential
1511,Premium Stay - Faridabad Sector 15,Ankit Mishra,Faridabad Sector 15,Private room,1400,7,10,0.64,17,28.417946,77.315348,Developed Residential
1512,Modern Stay near Ghaziabad Vaishali,Ankit Kumar,Ghaziabad Vaishali,Hotel room,2200,1,29,0.11,274,28.656834,77.330168,Market Area
1513,City Stay - Lajpat Nagar,Varun Gupta,Lajpat Nagar,Entire home/apt,2950,2,8,0.2,332,28.572001,77.231947,Market Area
1514,Comfortable Home in Gurgaon Golf Course Road,Megha Yadav,Gurgaon Golf Course Road,Private room,2550,5,34,0.72,216,28.46254,77.097595,Developed Residential
1515,Modern Stay near Mehrauli,Riya Agarwal,Mehrauli,Private room,1900,1,64,0.31,180,28.518626,77.190068,Dense/Chawl-type Area
1516,Peaceful Retreat near Gurgaon Sector 47,Vikas Chauhan,Gurgaon Sector 47,Private room,2800,14,11,0.02,194,28.425291,77.046787,Developed Residential
1517,Bright Apartment in Vikaspuri,Karan Malhotra,Vikaspuri,Private room,1400,3,52,1.11,291,28.643254,77.069953,Developed Residential
1518,Family Home in Janakpuri,Sanjay Kumar,Janakpuri,Entire home/apt,2000,4,58,0.89,239,28.631915,77.082494,Developed Residential
1519,Modern Stay near Noida Sector 137,Karan Mehta,Noida Sector 137,Private room,1350,4,6,0.53,204,28.514975,77.404408,Developed Residential
1520,Family Home in Hauz Khas,Varun Sharma,Hauz Khas,Entire home/apt,4000,7,33,0.33,286,28.550564,77.213641,Green & Peaceful
1521,Modern Stay near Janakpuri,Aditya Bansal,Janakpuri,Private room,1600,4,73,0.68,97,28.625286,77.098311,Developed Residential
1522,Peaceful Retreat near Faridabad Sector 15,Varun Jain,Faridabad Sector 15,Entire home/apt,2200,1,27,0.22,250,28.410624,77.314159,Developed Residential
1523,Budget Stay around Green Park,Deepak Verma,Green Park,Private room,2300,3,11,1.11,196,28.559267,77.201026,Green & Peaceful
1524,Budget Stay around Gurgaon Cyber City,Deepak Kumar,Gurgaon Cyber City,Private room,3550,2,44,1.21,186,28.495209,77.089625,Corporate/Developed Area
1525,Comfortable Home in Noida Sector 75,Rohit Mishra,Noida Sector 75,Private room,1800,2,39,0.31,233,28.572045,77.393298,Developed Residential
1526,Bright Apartment in Connaught Place,Rahul Singh,Connaught Place,Entire home/apt,4000,2,107,0.22,289,28.631906,77.20548,Market Area
1527,Private Room near Connaught Place,Manish Bansal,Connaught Place,Private room,2900,1,17,0.06,148,28.634876,77.210832,Market Area
1528,Comfortable Home in Ghaziabad Indirapuram,Rahul Chauhan,Ghaziabad Indirapuram,Private room,850,1,21,1.24,98,28.639482,77.367355,Developed Residential
1529,Bright Apartment in Karol Bagh,Neha Mehta,Karol Bagh,Entire home/apt,2450,1,90,0.45,302,28.648609,77.187332,Market Area
1530,Cozy Vasant Kunj Studio,Ankit Chauhan,Vasant Kunj,Entire home/apt,3500,1,57,1.28,69,28.531774,77.145913,Developed Residential
1531,City Stay - Vasant Kunj,Amit Mehta,Vasant Kunj,Entire home/apt,3300,3,17,0.96,236,28.523049,77.163545,Developed Residential
1532,Comfortable Home in Paharganj,Pooja Yadav,Paharganj,Entire home/apt,2050,1,13,0.77,166,28.646806,77.207819,Dense/Chawl-type Area
1533,Comfortable Home in Faridabad Sector 15,Aditya Yadav,Faridabad Sector 15,Entire home/apt,1950,1,8,0.19,47,28.419777,77.312162,Developed Residential
1534,Modern Stay near Lajpat Nagar,Varun Yadav,Lajpat Nagar,Entire home/apt,2350,1,93,0.5,217,28.570032,77.253778,Market Area
1535,Budget Stay around Chattarpur,Rahul Bansal,Chattarpur,Hotel room,3250,2,60,0.77,233,28.495233,77.168272,Green & Peaceful
1536,Budget Stay around Gurgaon Golf Course Road,Manish Malhotra,Gurgaon Golf Course Road,Private room,2350,5,58,0.24,266,28.441913,77.111839,Developed Residential
1537,Cozy Gurgaon Sector 47 Studio,Varun Malhotra,Gurgaon Sector 47,Entire home/apt,3100,1,36,0.63,87,28.430352,77.046799,Developed Residential
1538,Peaceful Retreat near Vikaspuri,Rohit Kapoor,Vikaspuri,Entire home/apt,2200,7,67,0.29,223,28.630646,77.061985,Developed Residential
1539,Bright Apartment in Saket,Sanjay Sharma,Saket,Entire home/apt,3300,5,12,0.3,225,28.526926,77.206504,Developed Residential
1540,Cozy Noida Sector 62 Studio,Deepak Singh,Noida Sector 62,Entire home/apt,2400,2,50,0.13,142,28.636946,77.364507,Corporate/Developed Area
1541,Peaceful Retreat near Dwarka,Amit Agarwal,Dwarka,Entire home/apt,3000,5,48,0.82,283,28.590344,77.034066,Developed Residential
1542,Bright Apartment in Faridabad Sector 15,Vikas Saini,Faridabad Sector 15,Entire home/apt,2250,1,71,0.62,181,28.41391,77.322899,Developed Residential
1543,Modern Stay near Green Park,Karan Gupta,Green Park,Entire home/apt,4000,1,83,0.22,292,28.555589,77.209713,Green & Peaceful
1544,Family Home in Dwarka,Nisha Kapoor,Dwarka,Entire home/apt,3000,3,18,0.18,307,28.600038,77.040726,Developed Residential
1545,Modern Stay near Noida Sector 137,Karan Gupta,Noida Sector 137,Private room,1450,1,8,0.59,134,28.50928,77.405458,Developed Residential
1546,City Stay - Old Delhi,Rohit Kumar,Old Delhi,Private room,1450,7,10,0.54,103,28.66097,77.243664,Dense/Chawl-type Area
1547,Premium Stay - Karol Bagh,Shreya Saini,Karol Bagh,Private room,1750,4,46,0.43,337,28.641529,77.188212,Market Area
1548,Bright Apartment in Saket,Simran Kapoor,Saket,Entire home/apt,4000,4,43,0.82,173,28.516216,77.208749,Developed Residential
1549,Comfortable Home in Hauz Khas,Manish Jain,Hauz Khas,Hotel room,4000,4,54,0.09,5,28.550693,77.207095,Green & Peaceful
1550,Private Room near Paharganj,Riya Jain,Paharganj,Entire home/apt,2050,1,29,0.27,334,28.651181,77.216637,Dense/Chawl-type Area
1551,Peaceful Retreat near Mahipalpur,Sanjay Yadav,Mahipalpur,Private room,1050,1,39,0.46,128,28.548394,77.117396,Dense/Chawl-type Area
1552,Budget Stay around Saket,Ankit Jain,Saket,Private room,2550,1,13,0.36,38,28.526266,77.189462,Developed Residential
1553,Peaceful Retreat near Chattarpur,Amit Singh,Chattarpur,Private room,1700,1,31,1.79,11,28.498823,77.195307,Green & Peaceful
1554,Cozy Mahipalpur Studio,Rahul Singh,Mahipalpur,Private room,1300,1,4,0.12,236,28.552756,77.130806,Dense/Chawl-type Area
1555,Comfortable Home in Ghaziabad Vaishali,Aditya Kapoor,Ghaziabad Vaishali,Private room,1600,7,40,0.45,365,28.650885,77.345855,Market Area
1556,Cozy Faridabad Sector 15 Studio,Priya Chauhan,Faridabad Sector 15,Shared room,650,1,11,0.09,141,28.416664,77.318877,Developed Residential
1557,City Stay - Paharganj,Nisha Jain,Paharganj,Private room,1850,1,15,0.53,208,28.642735,77.202831,Dense/Chawl-type Area
1558,Cozy Greater Kailash Studio,Megha Bansal,Greater Kailash,Shared room,2200,2,33,0.16,322,28.551567,77.23336,Developed Residential
1559,Modern Stay near Noida Sector 75,Simran Sharma,Noida Sector 75,Entire home/apt,2700,7,31,0.2,262,28.57578,77.389291,Developed Residential
1560,Modern Stay near Old Delhi,Amit Sharma,Old Delhi,Entire home/apt,1850,14,24,0.7,313,28.653034,77.216939,Dense/Chawl-type Area
1561,Budget Stay around Ghaziabad Indirapuram,Manish Mehta,Ghaziabad Indirapuram,Private room,1400,2,9,0.84,295,28.644126,77.37297,Developed Residential
1562,City Stay - Ghaziabad Vaishali,Priya Kapoor,Ghaziabad Vaishali,Entire home/apt,1750,1,1,0.53,207,28.650131,77.342026,Market Area
1563,Comfortable Home in Gurgaon Cyber City,Varun Saini,Gurgaon Cyber City,Entire home/apt,4000,1,14,0.07,38,28.496386,77.09492,Corporate/Developed Area
1564,Cozy Ghaziabad Indirapuram Studio,Pooja Saini,Ghaziabad Indirapuram,Entire home/apt,2500,14,56,0.87,318,28.650164,77.368107,Developed Residential
1565,Modern Stay near Connaught Place,Karan Malhotra,Connaught Place,Entire home/apt,4000,1,26,0.36,279,28.636871,77.218926,Market Area
1566,Family Home in Dwarka,Deepak Kumar,Dwarka,Hotel room,1950,3,72,0.53,146,28.593862,77.04796,Developed Residential
1567,Comfortable Home in Chattarpur,Simran Saini,Chattarpur,Private room,1650,5,11,0.23,31,28.501829,77.179256,Green & Peaceful
1568,Modern Stay near Gurgaon DLF Phase 2,Manish Mishra,Gurgaon DLF Phase 2,Private room,2800,1,13,1.19,96,28.476077,77.088655,Market Area
1569,Family Home in Janakpuri,Deepak Saini,Janakpuri,Private room,1250,1,49,0.48,128,28.626605,77.092695,Developed Residential
1570,Modern Stay near Aerocity,Priya Kumar,Aerocity,Private room,3200,3,11,0.29,335,28.540288,77.079328,Developed Residential
1571,Peaceful Retreat near Old Delhi,Priya Mehta,Old Delhi,Private room,1150,2,35,0.67,183,28.662128,77.253082,Dense/Chawl-type Area
1572,City Stay - South Extension,Simran Singh,South Extension,Private room,2600,5,13,0.89,299,28.565245,77.226156,Market Area
1573,Bright Apartment in Gurgaon Sector 47,Deepak Singh,Gurgaon Sector 47,Private room,2350,1,24,0.37,317,28.427841,77.036922,Developed Residential
1574,Comfortable Home in Noida Sector 137,Manish Kumar,Noida Sector 137,Entire home/apt,1900,3,91,0.62,196,28.512777,77.39745,Developed Residential
1575,Private Room near Gurgaon Golf Course Road,Rohit Kapoor,Gurgaon Golf Course Road,Entire home/apt,4000,1,26,0.58,143,28.456821,77.09951,Developed Residential
1576,Private Room near Saket,Pooja Saini,Saket,Entire home/apt,4000,3,25,0.09,257,28.517472,77.199406,Developed Residential
1577,Cozy Mahipalpur Studio,Riya Singh,Mahipalpur,Private room,1100,1,23,0.52,178,28.544284,77.137857,Dense/Chawl-type Area
1578,Modern Stay near Greater Kailash,Amit Agarwal,Greater Kailash,Private room,2050,5,45,0.72,132,28.54718,77.237124,Developed Residential
1579,Family Home in Noida Sector 75,Priya Mishra,Noida Sector 75,Entire home/apt,2450,5,7,0.61,346,28.56482,77.386583,Developed Residential
1580,Modern Stay near Noida Sector 137,Varun Gupta,Noida Sector 137,Private room,2000,3,5,0.39,279,28.507439,77.415874,Developed Residential
1581,Modern Stay near Vikaspuri,Deepak Verma,Vikaspuri,Entire home/apt,2200,3,9,0.11,202,28.635497,77.078225,Developed Residential
1582,Peaceful Retreat near Mahipalpur,Arjun Agarwal,Mahipalpur,Private room,1500,1,17,0.23,365,28.553986,77.134572,Dense/Chawl-type Area
1583,City Stay - Karol Bagh,Shreya Kumar,Karol Bagh,Private room,1250,2,103,0.39,175,28.645736,77.192641,Market Area
1584,Modern Stay near Noida Sector 75,Shreya Sharma,Noida Sector 75,Private room,1400,7,124,1.61,204,28.557544,77.39444,Developed Residential
1585,Cozy Rajendra Place Studio,Ankit Mishra,Rajendra Place,Entire home/apt,3500,7,12,1.8,310,28.639362,77.1792,Developed Residential
1586,Bright Apartment in Chattarpur,Karan Chauhan,Chattarpur,Private room,1700,4,29,0.22,152,28.51211,77.171424,Green & Peaceful
1587,Modern Stay near Lajpat Nagar,Manish Saini,Lajpat Nagar,Private room,2250,2,82,0.42,56,28.571553,77.235576,Market Area
1588,Cozy Aerocity Studio,Priya Mishra,Aerocity,Entire home/apt,4000,1,15,0.68,218,28.551198,77.091438,Developed Residential
1589,Comfortable Home in Chattarpur,Amit Mishra,Chattarpur,Entire home/apt,2750,4,23,0.15,264,28.50755,77.174982,Green & Peaceful
1590,Bright Apartment in Vasant Kunj,Ankit Chauhan,Vasant Kunj,Entire home/apt,3750,1,35,0.26,317,28.521531,77.152225,Developed Residential
1591,City Stay - Noida Sector 18,Shreya Bansal,Noida Sector 18,Hotel room,2700,1,25,0.88,137,28.563244,77.328406,Market Area
1592,Bright Apartment in Vasant Kunj,Neha Chauhan,Vasant Kunj,Entire home/apt,3100,4,9,0.31,353,28.526481,77.163894,Developed Residential
1593,Budget Stay around Noida Sector 18,Ankit Verma,Noida Sector 18,Private room,1550,1,22,0.91,156,28.567755,77.331005,Market Area
1594,City Stay - Chattarpur,Nisha Mehta,Chattarpur,Private room,1450,2,50,0.29,320,28.512864,77.172493,Green & Peaceful
1595,Private Room near Connaught Place,Nisha Saini,Connaught Place,Entire home/apt,4000,7,37,1.09,207,28.636231,77.216946,Market Area
1596,Comfortable Home in Greater Kailash,Manish Agarwal,Greater Kailash,Entire home/apt,3100,2,72,1.06,171,28.543355,77.232578,Developed Residential
1597,Cozy Connaught Place Studio,Priya Gupta,Connaught Place,Private room,3000,1,56,0.27,57,28.635428,77.220091,Market Area
1598,Budget Stay around Dwarka,Ankit Verma,Dwarka,Shared room,950,3,21,0.28,281,28.592759,77.043236,Developed Residential
1599,Family Home in Gurgaon Cyber City,Aditya Mehta,Gurgaon Cyber City,Entire home/apt,4000,4,6,0.19,114,28.499221,77.094966,Corporate/Developed Area
1600,Family Home in Saket,Shreya Gupta,Saket,Hotel room,3150,1,15,0.16,364,28.533198,77.210398,Developed Residential
1601,Bright Apartment in Gurgaon Sector 47,Nisha Yadav,Gurgaon Sector 47,Entire home/apt,2950,3,77,0.22,161,28.418172,77.032169,Developed Residential
1602,Comfortable Home in Defence Colony,Simran Sharma,Defence Colony,Hotel room,4000,2,13,0.11,327,28.571664,77.221815,Green & Peaceful
1603,Private Room near Faridabad Sector 15,Varun Jain,Faridabad Sector 15,Entire home/apt,1800,1,28,0.44,334,28.406534,77.306182,Developed Residential
1604,Budget Stay around Janakpuri,Priya Jain,Janakpuri,Private room,1200,4,63,0.26,115,28.61357,77.07989,Developed Residential
1605,Modern Stay near Ghaziabad Indirapuram,Shreya Sharma,Ghaziabad Indirapuram,Private room,1550,5,28,0.31,110,28.640003,77.377991,Developed Residential
1606,Bright Apartment in Uttam Nagar,Arjun Agarwal,Uttam Nagar,Private room,1000,1,35,0.53,218,28.628738,77.060972,Dense/Chawl-type Area
1607,Premium Stay - Vasant Kunj,Amit Saini,Vasant Kunj,Private room,2900,2,144,0.45,120,28.514385,77.16034,Developed Residential
1608,Family Home in Janakpuri,Aditya Saini,Janakpuri,Shared room,1200,2,18,0.44,188,28.626682,77.095028,Developed Residential
1609,Bright Apartment in Vikaspuri,Vikas Agarwal,Vikaspuri,Private room,1400,1,24,0.58,117,28.632117,77.063372,Developed Residential
1610,Family Home in Mahipalpur,Deepak Kapoor,Mahipalpur,Entire home/apt,2300,1,59,0.44,331,28.555649,77.13761,Dense/Chawl-type Area
1611,Peaceful Retreat near Saket,Priya Malhotra,Saket,Private room,2900,1,71,0.01,172,28.52116,77.206338,Developed Residential
1612,Budget Stay around Saket,Varun Chauhan,Saket,Entire home/apt,4000,1,82,0.34,149,28.517733,77.206285,Developed Residential
1613,Premium Stay - Noida Sector 62,Rahul Mishra,Noida Sector 62,Entire home/apt,3250,1,58,0.75,353,28.631024,77.364303,Corporate/Developed Area
1614,Cozy Hauz Khas Studio,Simran Sharma,Hauz Khas,Private room,2650,1,21,1.42,149,28.546235,77.19671,Green & Peaceful
1615,Private Room near Aerocity,Ankit Kapoor,Aerocity,Entire home/apt,4000,1,98,0.05,202,28.556897,77.08096,Developed Residential
1616,Comfortable Home in Noida Sector 18,Varun Mishra,Noida Sector 18,Entire home/apt,3050,1,56,0.1,169,28.567534,77.327247,Market Area
1617,Private Room near Connaught Place,Neha Yadav,Connaught Place,Entire home/apt,4000,1,80,0.46,173,28.626679,77.233219,Market Area
1618,Bright Apartment in Green Park,Riya Singh,Green Park,Private room,3000,1,21,1.22,224,28.570239,77.210456,Green & Peaceful
1619,Premium Stay - Connaught Place,Arjun Sharma,Connaught Place,Entire home/apt,4000,1,12,0.71,217,28.635509,77.223265,Market Area
1620,Budget Stay around Old Delhi,Vikas Kapoor,Old Delhi,Private room,1150,1,51,0.93,193,28.662091,77.229948,Dense/Chawl-type Area
1621,Peaceful Retreat near Dwarka,Nisha Mishra,Dwarka,Private room,1700,2,73,0.32,89,28.589416,77.051112,Developed Residential
1622,Private Room near Ghaziabad Vaishali,Neha Mehta,Ghaziabad Vaishali,Private room,1900,1,14,0.63,304,28.654504,77.339009,Market Area
1623,Modern Stay near Uttam Nagar,Aditya Mehta,Uttam Nagar,Entire home/apt,1550,7,17,0.38,5,28.633586,77.070144,Dense/Chawl-type Area
1624,Bright Apartment in Paharganj,Varun Mehta,Paharganj,Entire home/apt,2400,4,65,0.34,110,28.650148,77.210836,Dense/Chawl-type Area
1625,Cozy Greater Kailash Studio,Priya Mehta,Greater Kailash,Entire home/apt,3800,1,28,0.88,347,28.541576,77.234803,Developed Residential
1626,Budget Stay around Gurgaon Cyber City,Priya Malhotra,Gurgaon Cyber City,Private room,2950,1,10,0.55,365,28.50825,77.084721,Corporate/Developed Area
1627,Premium Stay - Paharganj,Rohit Kapoor,Paharganj,Entire home/apt,2800,1,5,0.31,109,28.641881,77.212396,Dense/Chawl-type Area
1628,Modern Stay near Chattarpur,Amit Mishra,Chattarpur,Entire home/apt,4000,1,7,0.47,242,28.505101,77.169302,Green & Peaceful
1629,City Stay - Chattarpur,Simran Bansal,Chattarpur,Private room,2300,14,62,0.56,225,28.508014,77.184023,Green & Peaceful
1630,Peaceful Retreat near Noida Sector 137,Deepak Kapoor,Noida Sector 137,Private room,1000,1,54,0.36,118,28.521318,77.404306,Developed Residential
1631,Bright Apartment in Connaught Place,Shreya Chauhan,Connaught Place,Hotel room,4000,1,48,0.72,205,28.616094,77.208181,Market Area
1632,Peaceful Retreat near Connaught Place,Rohit Mishra,Connaught Place,Private room,2650,1,30,0.55,300,28.632248,77.219071,Market Area
1633,Premium Stay - Faridabad Sector 15,Shreya Chauhan,Faridabad Sector 15,Entire home/apt,1800,2,9,0.05,253,28.40139,77.31793,Developed Residential
1634,Private Room near Janakpuri,Simran Bansal,Janakpuri,Shared room,1050,1,73,1.38,186,28.624731,77.094383,Developed Residential
1635,Private Room near Saket,Sanjay Saini,Saket,Entire home/apt,3750,1,14,1.5,167,28.527507,77.202562,Developed Residential
1636,Peaceful Retreat near Mahipalpur,Priya Verma,Mahipalpur,Entire home/apt,2600,1,32,0.08,296,28.557462,77.122843,Dense/Chawl-type Area
1637,Bright Apartment in Vikaspuri,Amit Chauhan,Vikaspuri,Private room,1500,1,24,1.86,114,28.635866,77.068706,Developed Residential
1638,Premium Stay - Mehrauli,Karan Kapoor,Mehrauli,Private room,2150,1,33,1.0,214,28.530673,77.182909,Dense/Chawl-type Area
1639,Modern Stay near Connaught Place,Sanjay Saini,Connaught Place,Entire home/apt,3600,3,20,0.47,221,28.62246,77.212291,Market Area
1640,Comfortable Home in Vikaspuri,Rohit Jain,Vikaspuri,Entire home/apt,1950,7,27,0.76,238,28.6423,77.067524,Developed Residential
1641,Budget Stay around Karol Bagh,Varun Gupta,Karol Bagh,Hotel room,1700,1,128,0.49,187,28.651615,77.193635,Market Area
1642,Family Home in Mehrauli,Priya Kumar,Mehrauli,Hotel room,2050,1,67,0.09,182,28.530086,77.188459,Dense/Chawl-type Area
1643,Modern Stay near Lajpat Nagar,Pooja Singh,Lajpat Nagar,Shared room,1400,1,55,0.25,327,28.567786,77.244238,Market Area
1644,Private Room near Gurgaon Cyber City,Nisha Singh,Gurgaon Cyber City,Private room,2450,7,51,1.03,365,28.494525,77.095699,Corporate/Developed Area
1645,Bright Apartment in Janakpuri,Pooja Saini,Janakpuri,Entire home/apt,2850,7,11,0.8,183,28.627439,77.092899,Developed Residential
1646,Budget Stay around Janakpuri,Priya Yadav,Janakpuri,Private room,1250,3,12,0.3,259,28.626223,77.091018,Developed Residential
1647,Family Home in Gurgaon Golf Course Road,Rohit Jain,Gurgaon Golf Course Road,Entire home/apt,4000,14,20,0.25,238,28.473238,77.099101,Developed Residential
1648,Private Room near Connaught Place,Priya Yadav,Connaught Place,Private room,3050,1,32,0.74,191,28.64244,77.217184,Market Area
1649,Family Home in Ghaziabad Vaishali,Shreya Agarwal,Ghaziabad Vaishali,Private room,2150,1,25,0.66,177,28.652304,77.340847,Market Area
1650,Private Room near Noida Sector 18,Deepak Gupta,Noida Sector 18,Entire home/apt,3000,3,37,1.11,93,28.569896,77.322764,Market Area
1651,Cozy Rajendra Place Studio,Amit Kapoor,Rajendra Place,Entire home/apt,3250,3,89,0.4,266,28.642446,77.180488,Developed Residential
1652,Budget Stay around Paharganj,Megha Jain,Paharganj,Private room,1200,1,18,0.17,326,28.6391,77.203849,Dense/Chawl-type Area
1653,Premium Stay - Noida Sector 62,Aditya Mehta,Noida Sector 62,Private room,1750,1,6,0.68,163,28.630157,77.365123,Corporate/Developed Area
1654,Family Home in South Extension,Ankit Saini,South Extension,Private room,1950,1,52,0.59,254,28.568801,77.21717,Market Area
1655,Comfortable Home in South Extension,Ankit Saini,South Extension,Private room,3650,2,11,1.04,221,28.561307,77.204441,Market Area
1656,Family Home in Chattarpur,Priya Malhotra,Chattarpur,Entire home/apt,3550,2,108,0.9,55,28.505663,77.174438,Green & Peaceful
1657,Bright Apartment in Hauz Khas,Simran Jain,Hauz Khas,Entire home/apt,3550,1,37,0.23,299,28.546189,77.19882,Green & Peaceful
1658,Budget Stay around Faridabad Sector 15,Deepak Jain,Faridabad Sector 15,Private room,1700,2,22,0.39,70,28.408695,77.313631,Developed Residential
1659,Peaceful Retreat near Uttam Nagar,Manish Bansal,Uttam Nagar,Private room,1050,2,17,0.6,123,28.624772,77.057588,Dense/Chawl-type Area
1660,Bright Apartment in Noida Sector 137,Arjun Malhotra,Noida Sector 137,Entire home/apt,2100,1,38,1.15,172,28.506481,77.415636,Developed Residential
1661,Comfortable Home in Vasant Kunj,Karan Mehta,Vasant Kunj,Private room,2400,4,45,0.24,265,28.5364,77.153198,Developed Residential
1662,Family Home in Gurgaon Cyber City,Rahul Malhotra,Gurgaon Cyber City,Entire home/apt,4000,1,41,0.53,101,28.489544,77.098576,Corporate/Developed Area
1663,Premium Stay - Gurgaon DLF Phase 2,Deepak Kumar,Gurgaon DLF Phase 2,Hotel room,4000,5,11,0.15,272,28.490678,77.099336,Market Area
1664,Premium Stay - Faridabad Sector 15,Riya Saini,Faridabad Sector 15,Entire home/apt,1750,2,44,0.09,184,28.412608,77.318519,Developed Residential
1665,Peaceful Retreat near Janakpuri,Pooja Singh,Janakpuri,Entire home/apt,2150,1,99,0.16,100,28.620059,77.087831,Developed Residential
1666,City Stay - Mehrauli,Simran Saini,Mehrauli,Hotel room,1800,2,7,0.27,254,28.529365,77.191128,Dense/Chawl-type Area
1667,Comfortable Home in Greater Kailash,Sanjay Jain,Greater Kailash,Entire home/apt,4000,2,39,0.55,152,28.558504,77.227463,Developed Residential
1668,Premium Stay - Gurgaon Cyber City,Ankit Kapoor,Gurgaon Cyber City,Private room,2550,2,39,0.96,126,28.488174,77.09388,Corporate/Developed Area
1669,Modern Stay near Ghaziabad Vaishali,Riya Saini,Ghaziabad Vaishali,Entire home/apt,2000,1,118,0.73,286,28.643984,77.329339,Market Area
1670,Private Room near Noida Sector 62,Sanjay Kapoor,Noida Sector 62,Entire home/apt,3000,7,32,0.3,167,28.61727,77.366363,Corporate/Developed Area
1671,Budget Stay around Greater Kailash,Aditya Bansal,Greater Kailash,Entire home/apt,4000,7,4,0.71,187,28.558461,77.232972,Developed Residential
1672,Budget Stay around Greater Kailash,Megha Kumar,Greater Kailash,Private room,2650,2,46,1.05,365,28.54927,77.235376,Developed Residential
1673,Modern Stay near Vikaspuri,Amit Kapoor,Vikaspuri,Entire home/apt,2000,3,14,0.28,281,28.634221,77.078772,Developed Residential
1674,Comfortable Home in Defence Colony,Amit Malhotra,Defence Colony,Entire home/apt,4000,1,37,0.24,285,28.563518,77.219362,Green & Peaceful
1675,Cozy Karol Bagh Studio,Rohit Agarwal,Karol Bagh,Private room,1750,3,46,0.34,226,28.657667,77.191576,Market Area
1676,Comfortable Home in Faridabad Sector 15,Pooja Kumar,Faridabad Sector 15,Private room,1550,1,51,0.22,320,28.402535,77.309464,Developed Residential
1677,City Stay - Ghaziabad Vaishali,Karan Agarwal,Ghaziabad Vaishali,Private room,1600,5,33,0.37,283,28.653266,77.331974,Market Area
1678,Cozy Old Delhi Studio,Rahul Mishra,Old Delhi,Private room,1250,1,17,1.85,330,28.662586,77.23471,Dense/Chawl-type Area
1679,Premium Stay - Faridabad Sector 15,Karan Singh,Faridabad Sector 15,Private room,1000,2,39,0.23,128,28.405279,77.326973,Developed Residential
1680,Private Room near Green Park,Rohit Chauhan,Green Park,Private room,1750,1,53,0.03,152,28.563744,77.212654,Green & Peaceful
1681,Premium Stay - Mehrauli,Priya Bansal,Mehrauli,Private room,1600,2,15,0.79,327,28.527619,77.181392,Dense/Chawl-type Area
1682,Premium Stay - Greater Kailash,Vikas Saini,Greater Kailash,Private room,1850,4,66,0.08,215,28.550928,77.239958,Developed Residential
1683,Premium Stay - Saket,Nisha Singh,Saket,Private room,2400,3,106,0.54,225,28.525099,77.210982,Developed Residential
1684,Cozy Connaught Place Studio,Karan Saini,Connaught Place,Private room,2750,3,35,0.15,365,28.629456,77.219435,Market Area
1685,Budget Stay around Mehrauli,Nisha Malhotra,Mehrauli,Entire home/apt,2200,2,57,0.38,72,28.517752,77.187453,Dense/Chawl-type Area
1686,Cozy Noida Sector 18 Studio,Riya Kapoor,Noida Sector 18,Entire home/apt,2350,1,15,0.42,22,28.570591,77.324107,Market Area
1687,City Stay - Noida Sector 75,Amit Saini,Noida Sector 75,Private room,1800,1,47,0.88,340,28.575125,77.394139,Developed Residential
1688,Private Room near Uttam Nagar,Pooja Bansal,Uttam Nagar,Private room,1250,2,43,0.36,155,28.633791,77.066778,Dense/Chawl-type Area
1689,Bright Apartment in Janakpuri,Vikas Jain,Janakpuri,Private room,1600,1,23,0.06,258,28.623768,77.08879,Developed Residential
1690,Family Home in Green Park,Aditya Kapoor,Green Park,Private room,2600,1,71,0.74,288,28.566016,77.207697,Green & Peaceful
1691,Peaceful Retreat near Lajpat Nagar,Pooja Yadav,Lajpat Nagar,Shared room,1150,1,36,0.38,256,28.565701,77.249782,Market Area
1692,Comfortable Home in Paharganj,Karan Mehta,Paharganj,Entire home/apt,2650,4,22,0.14,168,28.642849,77.211847,Dense/Chawl-type Area
1693,Comfortable Home in Janakpuri,Neha Gupta,Janakpuri,Entire home/apt,2350,2,21,1.1,217,28.628454,77.087542,Developed Residential
1694,Budget Stay around Noida Sector 18,Deepak Verma,Noida Sector 18,Private room,1800,2,61,0.69,16,28.575796,77.316448,Market Area
1695,City Stay - Karol Bagh,Rohit Malhotra,Karol Bagh,Entire home/apt,2750,1,61,0.29,177,28.643962,77.199367,Market Area
1696,Comfortable Home in South Extension,Megha Kumar,South Extension,Private room,3150,4,21,0.5,5,28.562185,77.214629,Market Area
1697,City Stay - Ghaziabad Indirapuram,Ankit Bansal,Ghaziabad Indirapuram,Private room,1450,1,11,0.51,301,28.651845,77.373376,Developed Residential
1698,Private Room near Green Park,Amit Chauhan,Green Park,Private room,1950,2,56,0.56,172,28.560593,77.214159,Green & Peaceful
1699,Comfortable Home in Mehrauli,Rahul Sharma,Mehrauli,Entire home/apt,2400,3,42,0.61,117,28.524188,77.188013,Dense/Chawl-type Area
1700,Cozy Janakpuri Studio,Riya Bansal,Janakpuri,Private room,1450,1,37,0.5,250,28.626195,77.084774,Developed Residential
1701,City Stay - Chattarpur,Simran Mishra,Chattarpur,Entire home/apt,2950,1,7,0.67,165,28.507335,77.181993,Green & Peaceful
1702,Family Home in Vasant Kunj,Varun Yadav,Vasant Kunj,Private room,2750,1,25,0.44,162,28.518691,77.160842,Developed Residential
1703,Modern Stay near Green Park,Megha Chauhan,Green Park,Private room,2150,7,11,0.73,360,28.56558,77.193908,Green & Peaceful
1704,Peaceful Retreat near Noida Sector 137,Riya Kapoor,Noida Sector 137,Entire home/apt,2600,2,61,0.69,156,28.507747,77.397073,Developed Residential
1705,Modern Stay near Ghaziabad Indirapuram,Ankit Kapoor,Ghaziabad Indirapuram,Private room,1650,1,9,0.28,177,28.645518,77.378505,Developed Residential
1706,Budget Stay around Gurgaon Sector 47,Deepak Gupta,Gurgaon Sector 47,Shared room,1300,1,71,0.4,142,28.432277,77.043649,Developed Residential
1707,Budget Stay around Rajendra Place,Megha Kapoor,Rajendra Place,Private room,1350,2,12,0.27,365,28.642539,77.179582,Developed Residential
1708,Peaceful Retreat near Green Park,Neha Chauhan,Green Park,Private room,2600,14,47,0.43,319,28.55179,77.203929,Green & Peaceful
1709,Bright Apartment in Hauz Khas,Pooja Agarwal,Hauz Khas,Entire home/apt,3700,1,45,0.17,191,28.549878,77.196471,Green & Peaceful
1710,City Stay - Gurgaon Sector 47,Riya Chauhan,Gurgaon Sector 47,Entire home/apt,3850,1,49,0.39,252,28.435325,77.033723,Developed Residential
1711,Family Home in Faridabad Sector 15,Pooja Yadav,Faridabad Sector 15,Hotel room,1550,2,85,0.34,202,28.409001,77.319929,Developed Residential
1712,Premium Stay - Lajpat Nagar,Deepak Mehta,Lajpat Nagar,Entire home/apt,3250,14,26,0.62,364,28.578663,77.245365,Market Area
1713,Bright Apartment in Karol Bagh,Amit Verma,Karol Bagh,Private room,1550,4,19,0.28,208,28.647138,77.200716,Market Area
1714,Family Home in Vikaspuri,Shreya Singh,Vikaspuri,Entire home/apt,2650,1,29,0.3,156,28.633809,77.063166,Developed Residential
1715,Cozy Hauz Khas Studio,Simran Singh,Hauz Khas,Private room,2150,2,36,0.26,314,28.543219,77.193026,Green & Peaceful
1716,Modern Stay near Dwarka,Riya Malhotra,Dwarka,Private room,1500,1,59,0.2,362,28.576217,77.043818,Developed Residential
1717,Premium Stay - Noida Sector 62,Nisha Kumar,Noida Sector 62,Private room,2000,4,16,0.29,221,28.617747,77.370213,Corporate/Developed Area
1718,Premium Stay - Gurgaon Golf Course Road,Karan Sharma,Gurgaon Golf Course Road,Shared room,2050,2,17,1.03,357,28.459735,77.104762,Developed Residential
1719,Premium Stay - Faridabad Sector 15,Sanjay Kapoor,Faridabad Sector 15,Private room,1200,1,12,0.33,365,28.403894,77.317425,Developed Residential
1720,Cozy Mahipalpur Studio,Shreya Mehta,Mahipalpur,Private room,1950,5,75,0.37,97,28.553346,77.131508,Dense/Chawl-type Area
1721,Peaceful Retreat near Lajpat Nagar,Karan Jain,Lajpat Nagar,Hotel room,2750,3,62,0.48,123,28.566694,77.249978,Market Area
1722,Modern Stay near Mahipalpur,Riya Kapoor,Mahipalpur,Private room,1100,1,15,0.08,255,28.549571,77.127276,Dense/Chawl-type Area
1723,Premium Stay - Karol Bagh,Priya Gupta,Karol Bagh,Private room,1650,2,36,0.37,335,28.645534,77.196873,Market Area
1724,Modern Stay near Green Park,Megha Sharma,Green Park,Shared room,1150,3,28,0.22,267,28.560776,77.203876,Green & Peaceful
1725,Peaceful Retreat near Noida Sector 62,Pooja Agarwal,Noida Sector 62,Entire home/apt,2950,1,52,1.82,290,28.633721,77.366056,Corporate/Developed Area
1726,Modern Stay near Vikaspuri,Manish Mishra,Vikaspuri,Shared room,750,5,41,0.39,132,28.645031,77.072989,Developed Residential
1727,Budget Stay around Ghaziabad Vaishali,Pooja Kapoor,Ghaziabad Vaishali,Entire home/apt,1950,2,58,0.37,226,28.646996,77.331208,Market Area
1728,Comfortable Home in Vikaspuri,Neha Saini,Vikaspuri,Private room,1550,5,26,1.48,150,28.630152,77.059228,Developed Residential
1729,Bright Apartment in Connaught Place,Amit Mehta,Connaught Place,Entire home/apt,4000,3,22,1.14,145,28.640196,77.216021,Market Area
1730,Modern Stay near Uttam Nagar,Rohit Verma,Uttam Nagar,Private room,1200,2,39,0.27,212,28.632258,77.066818,Dense/Chawl-type Area
1731,City Stay - Karol Bagh,Rohit Gupta,Karol Bagh,Hotel room,2600,1,14,0.24,293,28.667388,77.201947,Market Area
1732,Family Home in Noida Sector 18,Megha Verma,Noida Sector 18,Hotel room,2750,2,18,0.48,228,28.568552,77.319431,Market Area
1733,City Stay - Janakpuri,Vikas Jain,Janakpuri,Private room,1950,1,61,0.37,186,28.618196,77.091991,Developed Residential
1734,Private Room near Rajendra Place,Manish Malhotra,Rajendra Place,Shared room,900,1,44,1.57,56,28.634205,77.174576,Developed Residential
1735,Bright Apartment in Mahipalpur,Nisha Malhotra,Mahipalpur,Private room,1500,4,17,0.28,123,28.546526,77.133859,Dense/Chawl-type Area
1736,Modern Stay near Karol Bagh,Amit Malhotra,Karol Bagh,Entire home/apt,2400,5,63,0.03,234,28.645996,77.203325,Market Area
1737,Family Home in Noida Sector 137,Megha Sharma,Noida Sector 137,Private room,950,3,43,0.73,165,28.524332,77.413531,Developed Residential
1738,Family Home in Gurgaon Cyber City,Neha Yadav,Gurgaon Cyber City,Entire home/apt,4000,1,17,0.45,135,28.492421,77.082398,Corporate/Developed Area
1739,Modern Stay near Ghaziabad Indirapuram,Rohit Saini,Ghaziabad Indirapuram,Entire home/apt,2200,3,30,0.76,274,28.625877,77.3711,Developed Residential
1740,Premium Stay - Noida Sector 62,Sanjay Jain,Noida Sector 62,Entire home/apt,2000,1,9,0.26,158,28.627106,77.369927,Corporate/Developed Area
1741,City Stay - Mehrauli,Priya Kumar,Mehrauli,Entire home/apt,1950,2,12,1.84,134,28.527721,77.195428,Dense/Chawl-type Area
1742,City Stay - Old Delhi,Simran Verma,Old Delhi,Private room,1050,2,25,0.28,70,28.644773,77.234126,Dense/Chawl-type Area
1743,Budget Stay around Old Delhi,Shreya Malhotra,Old Delhi,Entire home/apt,1550,1,77,0.03,178,28.654344,77.23741,Dense/Chawl-type Area
1744,Comfortable Home in Karol Bagh,Amit Mehta,Karol Bagh,Entire home/apt,2650,1,47,0.21,122,28.646627,77.19267,Market Area
1745,Comfortable Home in Paharganj,Megha Singh,Paharganj,Private room,1300,1,28,0.64,298,28.635752,77.208548,Dense/Chawl-type Area
1746,Premium Stay - Janakpuri,Nisha Yadav,Janakpuri,Private room,1150,1,27,0.84,122,28.613245,77.095416,Developed Residential
1747,Comfortable Home in Gurgaon Sector 47,Karan Agarwal,Gurgaon Sector 47,Private room,2450,1,1,0.14,158,28.430793,77.038056,Developed Residential
1748,Bright Apartment in Noida Sector 137,Karan Agarwal,Noida Sector 137,Shared room,850,3,47,0.52,246,28.514959,77.400192,Developed Residential
1749,Premium Stay - Noida Sector 18,Amit Kapoor,Noida Sector 18,Private room,2000,3,21,0.19,181,28.57247,77.332674,Market Area
1750,Cozy Lajpat Nagar Studio,Rahul Verma,Lajpat Nagar,Entire home/apt,3150,2,109,0.15,187,28.580895,77.24848,Market Area
1751,Family Home in Ghaziabad Indirapuram,Amit Bansal,Ghaziabad Indirapuram,Hotel room,1450,14,51,1.16,8,28.640729,77.377015,Developed Residential
1752,Premium Stay - Noida Sector 62,Nisha Kapoor,Noida Sector 62,Private room,1900,4,58,0.14,204,28.629906,77.360954,Corporate/Developed Area
1753,Peaceful Retreat near Gurgaon Cyber City,Neha Kumar,Gurgaon Cyber City,Entire home/apt,4000,3,56,0.22,341,28.495262,77.089839,Corporate/Developed Area
1754,Budget Stay around Karol Bagh,Sanjay Singh,Karol Bagh,Private room,1650,14,11,0.28,364,28.650536,77.182071,Market Area
1755,Comfortable Home in Faridabad Sector 15,Deepak Gupta,Faridabad Sector 15,Entire home/apt,2250,2,113,0.31,205,28.406506,77.320203,Developed Residential
1756,Family Home in Karol Bagh,Ankit Singh,Karol Bagh,Private room,1300,2,5,0.37,99,28.649098,77.192248,Market Area
1757,Modern Stay near Ghaziabad Indirapuram,Arjun Singh,Ghaziabad Indirapuram,Shared room,900,1,44,0.87,37,28.641783,77.372289,Developed Residential
1758,Family Home in Mahipalpur,Ankit Agarwal,Mahipalpur,Private room,1150,5,38,0.99,201,28.551935,77.126889,Dense/Chawl-type Area
1759,Premium Stay - Noida Sector 137,Rohit Mishra,Noida Sector 137,Entire home/apt,1900,7,26,0.68,103,28.514013,77.403712,Developed Residential
1760,Premium Stay - Old Delhi,Shreya Agarwal,Old Delhi,Entire home/apt,1250,5,28,0.46,227,28.656509,77.228321,Dense/Chawl-type Area
1761,Modern Stay near Vasant Kunj,Neha Kumar,Vasant Kunj,Entire home/apt,3900,2,9,1.24,217,28.525632,77.163634,Developed Residential
1762,Peaceful Retreat near Ghaziabad Vaishali,Arjun Verma,Ghaziabad Vaishali,Entire home/apt,2550,1,16,0.54,352,28.657917,77.3273,Market Area
1763,Bright Apartment in Dwarka,Aditya Mehta,Dwarka,Private room,1700,1,28,0.41,229,28.597804,77.037028,Developed Residential
1764,Peaceful Retreat near Gurgaon Golf Course Road,Sanjay Gupta,Gurgaon Golf Course Road,Shared room,1850,1,49,0.18,146,28.449582,77.106239,Developed Residential
1765,Family Home in Gurgaon DLF Phase 2,Priya Kumar,Gurgaon DLF Phase 2,Private room,2500,1,37,0.66,248,28.482831,77.097464,Market Area
1766,Peaceful Retreat near Hauz Khas,Neha Jain,Hauz Khas,Private room,2450,7,77,0.1,231,28.55544,77.196698,Green & Peaceful
1767,Private Room near Vasant Kunj,Riya Mehta,Vasant Kunj,Entire home/apt,4000,2,49,0.16,212,28.523131,77.161029,Developed Residential
1768,City Stay - Gurgaon Cyber City,Riya Bansal,Gurgaon Cyber City,Private room,3050,5,9,0.93,365,28.491364,77.088243,Corporate/Developed Area
1769,Family Home in Karol Bagh,Aditya Gupta,Karol Bagh,Entire home/apt,2700,1,24,0.84,147,28.654629,77.187776,Market Area
1770,Bright Apartment in Paharganj,Aditya Chauhan,Paharganj,Hotel room,1400,4,68,0.42,272,28.640495,77.207207,Dense/Chawl-type Area
1771,Cozy Chattarpur Studio,Manish Gupta,Chattarpur,Entire home/apt,2750,3,38,0.26,140,28.509278,77.178835,Green & Peaceful
1772,Peaceful Retreat near Vikaspuri,Riya Singh,Vikaspuri,Private room,1450,3,77,0.15,173,28.640576,77.076966,Developed Residential
1773,Bright Apartment in Noida Sector 62,Manish Kumar,Noida Sector 62,Shared room,1050,7,119,0.23,356,28.624313,77.373083,Corporate/Developed Area
1774,Bright Apartment in Gurgaon Sector 47,Rahul Agarwal,Gurgaon Sector 47,Entire home/apt,3600,2,6,0.02,237,28.432242,77.053502,Developed Residential
1775,Private Room near Green Park,Varun Mehta,Green Park,Entire home/apt,3900,1,23,0.12,292,28.567018,77.199775,Green & Peaceful
1776,City Stay - Old Delhi,Sanjay Yadav,Old Delhi,Private room,1550,1,47,1.59,272,28.64764,77.229115,Dense/Chawl-type Area
1777,Modern Stay near Faridabad Sector 15,Varun Kapoor,Faridabad Sector 15,Private room,1250,1,37,0.69,282,28.414353,77.313471,Developed Residential
1778,Family Home in Janakpuri,Ankit Agarwal,Janakpuri,Hotel room,1700,2,44,0.07,207,28.624554,77.082267,Developed Residential
1779,City Stay - Aerocity,Neha Mishra,Aerocity,Entire home/apt,4000,1,34,0.37,257,28.551168,77.086374,Developed Residential
1780,Premium Stay - Mehrauli,Rahul Jain,Mehrauli,Entire home/apt,3400,1,3,0.21,365,28.534741,77.168505,Dense/Chawl-type Area
1781,Modern Stay near Noida Sector 62,Pooja Kumar,Noida Sector 62,Private room,1550,2,23,1.43,214,28.624566,77.367896,Corporate/Developed Area
1782,Cozy Gurgaon Sector 47 Studio,Neha Jain,Gurgaon Sector 47,Private room,2150,7,11,0.65,42,28.415187,77.043078,Developed Residential
1783,Cozy Chattarpur Studio,Deepak Agarwal,Chattarpur,Private room,1950,1,41,0.29,55,28.497694,77.173753,Green & Peaceful
1784,Budget Stay around Lajpat Nagar,Aditya Bansal,Lajpat Nagar,Private room,2000,3,40,0.77,187,28.573636,77.248721,Market Area
1785,Cozy Faridabad Sector 15 Studio,Aditya Singh,Faridabad Sector 15,Private room,1450,1,2,0.2,136,28.404004,77.312705,Developed Residential
1786,Premium Stay - Defence Colony,Megha Kumar,Defence Colony,Entire home/apt,4000,2,107,0.84,256,28.571108,77.228064,Green & Peaceful
1787,Comfortable Home in Saket,Megha Mehta,Saket,Private room,2250,1,9,0.46,162,28.520323,77.208343,Developed Residential
1788,Peaceful Retreat near Mahipalpur,Sanjay Malhotra,Mahipalpur,Private room,900,5,14,0.06,111,28.555122,77.133965,Dense/Chawl-type Area
1789,City Stay - Faridabad Sector 15,Aditya Saini,Faridabad Sector 15,Entire home/apt,2400,5,57,0.36,206,28.395464,77.327066,Developed Residential
1790,Premium Stay - Rajendra Place,Rahul Mehta,Rajendra Place,Entire home/apt,2700,4,53,0.43,138,28.640195,77.174303,Developed Residential
1791,Budget Stay around Mehrauli,Deepak Verma,Mehrauli,Entire home/apt,2300,2,35,0.54,148,28.534023,77.19089,Dense/Chawl-type Area
1792,Cozy Noida Sector 137 Studio,Sanjay Kapoor,Noida Sector 137,Entire home/apt,2150,1,17,0.87,365,28.515117,77.405506,Developed Residential
1793,Family Home in Dwarka,Vikas Mishra,Dwarka,Entire home/apt,3100,1,26,1.2,5,28.580677,77.043602,Developed Residential
1794,Premium Stay - Saket,Ankit Yadav,Saket,Private room,3200,5,47,0.19,304,28.526591,77.211549,Developed Residential
1795,Comfortable Home in Gurgaon DLF Phase 2,Rahul Mehta,Gurgaon DLF Phase 2,Entire home/apt,3550,1,17,0.55,258,28.473675,77.097945,Market Area
1796,Family Home in Noida Sector 18,Ankit Bansal,Noida Sector 18,Private room,2300,1,23,0.61,280,28.561566,77.33337,Market Area
1797,Private Room near Uttam Nagar,Rahul Saini,Uttam Nagar,Entire home/apt,1500,1,15,1.8,143,28.622049,77.074336,Dense/Chawl-type Area
1798,Peaceful Retreat near Janakpuri,Sanjay Sharma,Janakpuri,Private room,1650,1,121,0.13,286,28.62965,77.089483,Developed Residential
1799,Modern Stay near Gurgaon Golf Course Road,Varun Singh,Gurgaon Golf Course Road,Hotel room,3750,3,36,0.67,330,28.465153,77.106146,Developed Residential
1800,Peaceful Retreat near Gurgaon DLF Phase 2,Arjun Chauhan,Gurgaon DLF Phase 2,Entire home/apt,3300,3,66,0.13,302,28.474918,77.097753,Market Area
1801,Peaceful Retreat near Uttam Nagar,Rohit Agarwal,Uttam Nagar,Shared room,600,5,71,0.38,136,28.621418,77.073209,Dense/Chawl-type Area
1802,Bright Apartment in Mahipalpur,Deepak Jain,Mahipalpur,Private room,1700,4,20,0.37,165,28.541411,77.127535,Dense/Chawl-type Area
1803,Private Room near Old Delhi,Nisha Mehta,Old Delhi,Private room,1700,1,31,0.5,261,28.657955,77.229826,Dense/Chawl-type Area
1804,Bright Apartment in Saket,Rohit Sharma,Saket,Entire home/apt,4000,1,4,0.91,171,28.52052,77.199859,Developed Residential
1805,Premium Stay - Noida Sector 62,Priya Saini,Noida Sector 62,Entire home/apt,3750,1,47,0.08,192,28.626004,77.362675,Corporate/Developed Area
1806,City Stay - Mehrauli,Arjun Mishra,Mehrauli,Hotel room,2650,1,44,0.63,315,28.530181,77.171515,Dense/Chawl-type Area
1807,Family Home in Noida Sector 62,Aditya Kapoor,Noida Sector 62,Entire home/apt,3450,7,54,0.9,108,28.631758,77.368314,Corporate/Developed Area
1808,Budget Stay around Noida Sector 137,Ankit Malhotra,Noida Sector 137,Entire home/apt,2350,1,27,1.06,169,28.512184,77.400249,Developed Residential
1809,Modern Stay near Greater Kailash,Sanjay Bansal,Greater Kailash,Private room,2800,1,49,0.25,124,28.546354,77.239534,Developed Residential
1810,Budget Stay around Mehrauli,Deepak Kumar,Mehrauli,Shared room,1100,14,29,0.88,140,28.529295,77.181327,Dense/Chawl-type Area
1811,Budget Stay around Karol Bagh,Vikas Kapoor,Karol Bagh,Entire home/apt,3150,1,60,0.26,81,28.657128,77.198232,Market Area
1812,Bright Apartment in Hauz Khas,Sanjay Mishra,Hauz Khas,Entire home/apt,3400,1,13,0.48,185,28.544368,77.201011,Green & Peaceful
1813,Private Room near Noida Sector 137,Varun Yadav,Noida Sector 137,Hotel room,2250,4,13,0.35,13,28.518136,77.404044,Developed Residential
1814,Premium Stay - Gurgaon Golf Course Road,Simran Sharma,Gurgaon Golf Course Road,Entire home/apt,4000,1,57,0.49,287,28.459807,77.093651,Developed Residential
1815,Comfortable Home in Janakpuri,Rahul Mehta,Janakpuri,Entire home/apt,2200,1,37,0.61,123,28.630362,77.084599,Developed Residential
1816,Premium Stay - Old Delhi,Vikas Verma,Old Delhi,Private room,1850,3,36,1.11,253,28.663272,77.220694,Dense/Chawl-type Area
1817,Comfortable Home in Greater Kailash,Arjun Singh,Greater Kailash,Entire home/apt,4000,2,24,0.43,169,28.559482,77.234586,Developed Residential
1818,Bright Apartment in Rajendra Place,Ankit Gupta,Rajendra Place,Entire home/apt,2350,3,59,1.39,100,28.646053,77.18333,Developed Residential
1819,Modern Stay near Paharganj,Simran Saini,Paharganj,Entire home/apt,2350,4,23,0.46,129,28.650352,77.221129,Dense/Chawl-type Area
1820,Bright Apartment in Gurgaon DLF Phase 2,Vikas Malhotra,Gurgaon DLF Phase 2,Entire home/apt,3800,1,19,0.34,145,28.476498,77.093633,Market Area
1821,Private Room near Lajpat Nagar,Priya Mehta,Lajpat Nagar,Hotel room,2100,4,38,0.34,248,28.573599,77.243374,Market Area
1822,Family Home in Noida Sector 75,Varun Singh,Noida Sector 75,Private room,1450,7,7,0.35,345,28.578405,77.385357,Developed Residential
1823,Budget Stay around Noida Sector 62,Ankit Agarwal,Noida Sector 62,Private room,1250,1,25,0.93,146,28.631895,77.366418,Corporate/Developed Area
1824,Cozy Lajpat Nagar Studio,Amit Singh,Lajpat Nagar,Private room,1650,3,62,0.27,291,28.574142,77.238025,Market Area
1825,Family Home in Rajendra Place,Rahul Bansal,Rajendra Place,Private room,1500,1,25,0.96,238,28.641566,77.173574,Developed Residential
1826,Premium Stay - Gurgaon Golf Course Road,Ankit Gupta,Gurgaon Golf Course Road,Entire home/apt,4000,1,15,1.13,124,28.46083,77.095957,Developed Residential
1827,Family Home in Old Delhi,Rohit Jain,Old Delhi,Hotel room,2000,3,13,0.43,293,28.65355,77.228125,Dense/Chawl-type Area
1828,Comfortable Home in Vikaspuri,Rahul Sharma,Vikaspuri,Entire home/apt,1550,2,32,0.05,119,28.633863,77.065812,Developed Residential
1829,Comfortable Home in Ghaziabad Indirapuram,Arjun Jain,Ghaziabad Indirapuram,Entire home/apt,2250,1,15,1.05,156,28.651532,77.369014,Developed Residential
1830,Family Home in Karol Bagh,Deepak Malhotra,Karol Bagh,Private room,1400,2,54,0.55,179,28.65514,77.189963,Market Area
1831,Cozy Greater Kailash Studio,Aditya Agarwal,Greater Kailash,Private room,3050,1,29,0.16,174,28.546216,77.239423,Developed Residential
1832,Peaceful Retreat near Noida Sector 75,Karan Verma,Noida Sector 75,Private room,1250,1,84,0.56,261,28.563487,77.395159,Developed Residential
1833,Private Room near Aerocity,Shreya Bansal,Aerocity,Entire home/apt,4000,7,42,0.36,266,28.554416,77.090356,Developed Residential
1834,Peaceful Retreat near Aerocity,Varun Gupta,Aerocity,Private room,2750,4,31,0.83,123,28.548972,77.082401,Developed Residential
1835,Comfortable Home in Connaught Place,Manish Bansal,Connaught Place,Hotel room,3600,2,38,0.42,158,28.632468,77.213468,Market Area
1836,Comfortable Home in Saket,Aditya Mishra,Saket,Entire home/apt,3750,5,71,1.13,80,28.53495,77.209241,Developed Residential
1837,Premium Stay - Saket,Simran Agarwal,Saket,Entire home/apt,3150,3,75,1.24,309,28.529619,77.209616,Developed Residential
1838,Bright Apartment in Ghaziabad Vaishali,Arjun Gupta,Ghaziabad Vaishali,Entire home/apt,2300,4,59,2.79,221,28.650479,77.335853,Market Area
1839,Family Home in Paharganj,Shreya Bansal,Paharganj,Entire home/apt,2350,1,3,0.99,154,28.64313,77.203911,Dense/Chawl-type Area
1840,Budget Stay around Hauz Khas,Neha Singh,Hauz Khas,Entire home/apt,4000,2,50,0.19,212,28.548621,77.195274,Green & Peaceful
1841,Modern Stay near Noida Sector 62,Nisha Gupta,Noida Sector 62,Private room,1750,5,32,0.57,290,28.621378,77.367638,Corporate/Developed Area
1842,Premium Stay - Chattarpur,Amit Singh,Chattarpur,Entire home/apt,3050,1,8,0.42,330,28.506787,77.165593,Green & Peaceful
1843,Budget Stay around Mahipalpur,Deepak Agarwal,Mahipalpur,Private room,1350,1,12,0.6,219,28.553791,77.133705,Dense/Chawl-type Area
1844,Modern Stay near Ghaziabad Vaishali,Rahul Bansal,Ghaziabad Vaishali,Private room,1600,2,16,0.39,216,28.64958,77.339237,Market Area
1845,Family Home in Defence Colony,Ankit Mehta,Defence Colony,Entire home/apt,3900,5,97,0.43,126,28.574952,77.228281,Green & Peaceful
1846,Premium Stay - Uttam Nagar,Simran Sharma,Uttam Nagar,Hotel room,1400,4,39,0.99,161,28.626763,77.059621,Dense/Chawl-type Area
1847,Modern Stay near Mahipalpur,Deepak Yadav,Mahipalpur,Private room,1600,1,53,0.7,148,28.545299,77.129787,Dense/Chawl-type Area
1848,Comfortable Home in Paharganj,Neha Mehta,Paharganj,Private room,1350,1,126,0.22,295,28.642833,77.2099,Dense/Chawl-type Area
1849,Cozy Karol Bagh Studio,Simran Kapoor,Karol Bagh,Private room,1600,1,103,1.33,161,28.641161,77.198606,Market Area
1850,Budget Stay around Uttam Nagar,Manish Kapoor,Uttam Nagar,Private room,950,4,29,0.8,232,28.634827,77.064409,Dense/Chawl-type Area
1851,Cozy Gurgaon DLF Phase 2 Studio,Sanjay Mishra,Gurgaon DLF Phase 2,Hotel room,4000,3,50,1.52,203,28.466107,77.092671,Market Area
1852,Peaceful Retreat near Dwarka,Deepak Malhotra,Dwarka,Private room,1600,1,61,0.51,199,28.586598,77.036639,Developed Residential
1853,Budget Stay around Connaught Place,Varun Yadav,Connaught Place,Private room,3850,1,15,0.21,291,28.633557,77.209929,Market Area
1854,Family Home in Ghaziabad Vaishali,Sanjay Bansal,Ghaziabad Vaishali,Shared room,1150,1,46,0.47,160,28.653929,77.332545,Market Area
1855,Comfortable Home in South Extension,Priya Malhotra,South Extension,Private room,2300,2,20,0.33,303,28.576313,77.212471,Market Area
1856,Peaceful Retreat near Ghaziabad Vaishali,Arjun Mehta,Ghaziabad Vaishali,Entire home/apt,1900,1,68,0.42,241,28.647826,77.340975,Market Area
1857,Family Home in Paharganj,Neha Kumar,Paharganj,Private room,1200,14,33,1.72,103,28.649429,77.21295,Dense/Chawl-type Area
1858,City Stay - Noida Sector 137,Megha Malhotra,Noida Sector 137,Entire home/apt,3100,1,40,2.22,217,28.513725,77.40462,Developed Residential
1859,Cozy Connaught Place Studio,Pooja Sharma,Connaught Place,Private room,2450,4,12,0.72,204,28.628289,77.226843,Market Area
1860,Modern Stay near Hauz Khas,Aditya Kapoor,Hauz Khas,Private room,2150,2,40,0.37,69,28.552232,77.202812,Green & Peaceful
1861,Budget Stay around Gurgaon Sector 47,Deepak Sharma,Gurgaon Sector 47,Entire home/apt,3450,2,18,0.42,254,28.421423,77.044794,Developed Residential
1862,Bright Apartment in Rajendra Place,Pooja Saini,Rajendra Place,Private room,1750,14,46,0.22,148,28.639611,77.177765,Developed Residential
1863,Modern Stay near Karol Bagh,Manish Chauhan,Karol Bagh,Hotel room,2700,1,56,0.69,175,28.665304,77.184183,Market Area
1864,Family Home in Dwarka,Rahul Malhotra,Dwarka,Private room,1550,3,8,0.31,197,28.592576,77.047868,Developed Residential
1865,Premium Stay - Noida Sector 75,Arjun Kumar,Noida Sector 75,Private room,1550,3,131,0.44,234,28.566809,77.378025,Developed Residential
1866,Bright Apartment in Noida Sector 75,Manish Bansal,Noida Sector 75,Entire home/apt,1850,1,65,0.42,143,28.562995,77.397538,Developed Residential
1867,Budget Stay around South Extension,Simran Kumar,South Extension,Private room,3150,3,31,0.61,172,28.567938,77.221034,Market Area
1868,Premium Stay - Ghaziabad Indirapuram,Pooja Malhotra,Ghaziabad Indirapuram,Hotel room,1950,2,31,0.23,270,28.642605,77.36653,Developed Residential
1869,Comfortable Home in Lajpat Nagar,Megha Mehta,Lajpat Nagar,Entire home/apt,2800,2,56,0.37,144,28.565853,77.247464,Market Area
1870,Premium Stay - Paharganj,Sanjay Kapoor,Paharganj,Private room,1550,7,52,1.07,171,28.639056,77.206521,Dense/Chawl-type Area
1871,City Stay - Vasant Kunj,Varun Kumar,Vasant Kunj,Entire home/apt,4000,1,40,0.21,206,28.523368,77.157526,Developed Residential
1872,Budget Stay around Mehrauli,Aditya Chauhan,Mehrauli,Entire home/apt,2150,14,14,0.8,102,28.530162,77.183797,Dense/Chawl-type Area
1873,Modern Stay near Connaught Place,Rahul Mishra,Connaught Place,Entire home/apt,4000,1,5,0.8,108,28.644741,77.206581,Market Area
1874,Comfortable Home in Mahipalpur,Vikas Mehta,Mahipalpur,Entire home/apt,2200,1,57,0.26,365,28.541296,77.129744,Dense/Chawl-type Area
1875,Premium Stay - Karol Bagh,Priya Singh,Karol Bagh,Entire home/apt,2250,4,51,1.27,175,28.645904,77.181429,Market Area
1876,Bright Apartment in Mehrauli,Nisha Yadav,Mehrauli,Private room,1900,2,13,0.15,137,28.533072,77.20576,Dense/Chawl-type Area
1877,Cozy Gurgaon Sector 47 Studio,Megha Bansal,Gurgaon Sector 47,Entire home/apt,3500,1,45,0.28,319,28.43028,77.046559,Developed Residential
1878,Cozy Hauz Khas Studio,Ankit Malhotra,Hauz Khas,Private room,2750,3,72,0.22,194,28.54909,77.199417,Green & Peaceful
1879,Comfortable Home in Vikaspuri,Neha Mishra,Vikaspuri,Entire home/apt,2600,1,49,0.27,295,28.643648,77.066465,Developed Residential
1880,Family Home in Noida Sector 62,Varun Jain,Noida Sector 62,Entire home/apt,2250,2,39,0.27,149,28.632132,77.372902,Corporate/Developed Area
1881,Modern Stay near Lajpat Nagar,Manish Verma,Lajpat Nagar,Private room,1650,1,22,0.21,73,28.566043,77.251769,Market Area
1882,Bright Apartment in Gurgaon Golf Course Road,Arjun Singh,Gurgaon Golf Course Road,Private room,3700,2,13,1.3,298,28.457532,77.104791,Developed Residential
1883,Cozy Saket Studio,Neha Bansal,Saket,Private room,2750,1,21,0.16,142,28.534163,77.213244,Developed Residential
1884,Budget Stay around Janakpuri,Nisha Jain,Janakpuri,Hotel room,2300,1,37,0.2,165,28.63779,77.091819,Developed Residential
1885,Premium Stay - Gurgaon Sector 47,Simran Agarwal,Gurgaon Sector 47,Hotel room,2600,1,15,0.08,232,28.433858,77.042568,Developed Residential
1886,Family Home in Dwarka,Karan Saini,Dwarka,Entire home/apt,2350,1,15,0.35,157,28.596144,77.035423,Developed Residential
1887,Comfortable Home in Karol Bagh,Rohit Yadav,Karol Bagh,Entire home/apt,2950,7,17,0.57,353,28.654799,77.192347,Market Area
1888,Cozy Noida Sector 137 Studio,Varun Mehta,Noida Sector 137,Private room,1100,2,26,0.12,245,28.527183,77.40024,Developed Residential
1889,Premium Stay - Vasant Kunj,Pooja Mishra,Vasant Kunj,Entire home/apt,3650,2,25,0.47,181,28.524613,77.159637,Developed Residential
1890,Cozy Chattarpur Studio,Karan Singh,Chattarpur,Private room,2050,1,19,0.99,236,28.513658,77.170108,Green & Peaceful
1891,Premium Stay - Uttam Nagar,Simran Kapoor,Uttam Nagar,Entire home/apt,1350,2,15,0.16,142,28.612367,77.058187,Dense/Chawl-type Area
1892,Comfortable Home in Vasant Kunj,Vikas Bansal,Vasant Kunj,Private room,2100,1,116,0.42,237,28.512972,77.154783,Developed Residential
1893,Peaceful Retreat near Greater Kailash,Rohit Chauhan,Greater Kailash,Entire home/apt,4000,1,38,0.21,283,28.540592,77.228457,Developed Residential
1894,Modern Stay near Noida Sector 75,Amit Gupta,Noida Sector 75,Private room,1800,7,1,0.35,100,28.564343,77.390341,Developed Residential
1895,Budget Stay around Green Park,Arjun Yadav,Green Park,Private room,2350,1,49,0.02,259,28.559837,77.197578,Green & Peaceful
1896,Budget Stay around Karol Bagh,Sanjay Agarwal,Karol Bagh,Entire home/apt,2350,2,14,0.22,211,28.651647,77.190247,Market Area
1897,Peaceful Retreat near Gurgaon Sector 47,Nisha Bansal,Gurgaon Sector 47,Private room,2150,3,38,0.63,189,28.424146,77.043777,Developed Residential
1898,Modern Stay near Uttam Nagar,Deepak Sharma,Uttam Nagar,Entire home/apt,1500,3,16,0.4,164,28.619092,77.071563,Dense/Chawl-type Area
1899,City Stay - Gurgaon Cyber City,Neha Kapoor,Gurgaon Cyber City,Entire home/apt,3500,2,25,0.47,357,28.489721,77.084198,Corporate/Developed Area
1900,Family Home in Vikaspuri,Megha Jain,Vikaspuri,Private room,1450,1,20,0.53,333,28.64592,77.074339,Developed Residential
1901,City Stay - Aerocity,Sanjay Chauhan,Aerocity,Private room,2550,2,17,0.07,287,28.562597,77.094172,Developed Residential
1902,Peaceful Retreat near Lajpat Nagar,Vikas Bansal,Lajpat Nagar,Private room,1800,2,31,0.55,196,28.564375,77.245304,Market Area
1903,Budget Stay around Chattarpur,Shreya Jain,Chattarpur,Private room,2250,2,46,0.4,286,28.50399,77.168202,Green & Peaceful
1904,City Stay - Gurgaon Cyber City,Aditya Sharma,Gurgaon Cyber City,Entire home/apt,3650,1,47,0.21,315,28.495208,77.086705,Corporate/Developed Area
1905,Premium Stay - Greater Kailash,Ankit Malhotra,Greater Kailash,Shared room,1800,2,148,0.27,5,28.550597,77.233236,Developed Residential
1906,Modern Stay near Greater Kailash,Priya Kapoor,Greater Kailash,Entire home/apt,4000,14,34,0.36,365,28.552473,77.232886,Developed Residential
1907,Bright Apartment in Ghaziabad Vaishali,Deepak Kumar,Ghaziabad Vaishali,Entire home/apt,2250,2,17,0.46,186,28.659254,77.333816,Market Area
1908,Premium Stay - Janakpuri,Priya Yadav,Janakpuri,Entire home/apt,2550,2,68,0.49,222,28.627617,77.080914,Developed Residential
1909,Premium Stay - Noida Sector 75,Arjun Jain,Noida Sector 75,Hotel room,2250,3,28,0.58,250,28.562278,77.38212,Developed Residential
1910,Private Room near Hauz Khas,Aditya Kumar,Hauz Khas,Entire home/apt,4000,1,22,0.28,133,28.556026,77.200943,Green & Peaceful
1911,Private Room near Rajendra Place,Nisha Bansal,Rajendra Place,Private room,1950,1,19,0.1,139,28.649612,77.181579,Developed Residential
1912,Bright Apartment in Ghaziabad Vaishali,Vikas Yadav,Ghaziabad Vaishali,Entire home/apt,3000,5,46,0.99,25,28.653215,77.350728,Market Area
1913,Private Room near Noida Sector 137,Shreya Agarwal,Noida Sector 137,Entire home/apt,1900,14,10,0.57,202,28.51011,77.403707,Developed Residential
1914,Cozy Gurgaon Sector 47 Studio,Aditya Mishra,Gurgaon Sector 47,Entire home/apt,3000,1,16,0.1,145,28.429421,77.034801,Developed Residential
1915,City Stay - Connaught Place,Varun Verma,Connaught Place,Private room,2150,1,82,0.31,20,28.631834,77.219,Market Area
1916,Peaceful Retreat near Old Delhi,Neha Malhotra,Old Delhi,Private room,1600,3,34,0.55,64,28.657142,77.232427,Dense/Chawl-type Area
1917,Bright Apartment in Gurgaon Sector 47,Vikas Yadav,Gurgaon Sector 47,Entire home/apt,3100,2,0,0.0,161,28.419216,77.036743,Developed Residential
1918,Premium Stay - Uttam Nagar,Manish Chauhan,Uttam Nagar,Entire home/apt,1750,2,17,0.34,98,28.625994,77.068836,Dense/Chawl-type Area
1919,City Stay - Green Park,Megha Sharma,Green Park,Private room,2100,1,11,1.05,355,28.557556,77.196754,Green & Peaceful
1920,Modern Stay near Uttam Nagar,Vikas Kumar,Uttam Nagar,Private room,950,3,63,0.27,365,28.62722,77.059099,Dense/Chawl-type Area
1921,Bright Apartment in Janakpuri,Nisha Agarwal,Janakpuri,Entire home/apt,2300,7,22,0.67,63,28.624792,77.092145,Developed Residential
1922,Comfortable Home in Noida Sector 62,Neha Kapoor,Noida Sector 62,Entire home/apt,2550,1,35,0.46,169,28.62415,77.364148,Corporate/Developed Area
1923,Bright Apartment in Gurgaon Cyber City,Varun Chauhan,Gurgaon Cyber City,Shared room,2050,1,99,0.15,276,28.50751,77.075265,Corporate/Developed Area
1924,Family Home in Gurgaon Sector 47,Pooja Jain,Gurgaon Sector 47,Private room,2500,14,37,0.68,287,28.426711,77.040899,Developed Residential
1925,Peaceful Retreat near Hauz Khas,Arjun Gupta,Hauz Khas,Entire home/apt,3200,5,27,0.41,191,28.540413,77.196865,Green & Peaceful
1926,Peaceful Retreat near Gurgaon Sector 47,Varun Saini,Gurgaon Sector 47,Entire home/apt,3650,3,84,0.58,286,28.432661,77.035468,Developed Residential
1927,Peaceful Retreat near Lajpat Nagar,Vikas Saini,Lajpat Nagar,Private room,2050,3,48,0.11,35,28.569265,77.242851,Market Area
1928,Peaceful Retreat near Vikaspuri,Arjun Singh,Vikaspuri,Entire home/apt,1950,1,47,0.27,176,28.634447,77.066767,Developed Residential
1929,Peaceful Retreat near Lajpat Nagar,Pooja Mishra,Lajpat Nagar,Entire home/apt,3550,2,34,0.33,318,28.573587,77.234491,Market Area
1930,Comfortable Home in Dwarka,Simran Chauhan,Dwarka,Entire home/apt,3250,3,15,0.5,291,28.590229,77.044034,Developed Residential
1931,Modern Stay near Noida Sector 137,Priya Verma,Noida Sector 137,Entire home/apt,2450,3,32,1.17,132,28.508952,77.41072,Developed Residential
1932,Cozy Ghaziabad Indirapuram Studio,Varun Bansal,Ghaziabad Indirapuram,Entire home/apt,2050,4,50,0.23,339,28.647006,77.372781,Developed Residential
1933,Private Room near Mahipalpur,Megha Sharma,Mahipalpur,Private room,1250,7,42,0.55,79,28.555022,77.128563,Dense/Chawl-type Area
1934,Bright Apartment in South Extension,Sanjay Bansal,South Extension,Private room,1900,7,20,1.01,218,28.570658,77.226625,Market Area
1935,Family Home in Rajendra Place,Varun Jain,Rajendra Place,Private room,1750,1,22,0.07,142,28.6497,77.170976,Developed Residential
1936,Comfortable Home in Noida Sector 18,Arjun Mehta,Noida Sector 18,Entire home/apt,3600,2,8,0.9,174,28.562924,77.325538,Market Area
1937,Budget Stay around Vikaspuri,Deepak Kumar,Vikaspuri,Private room,1750,1,57,0.62,140,28.6289,77.082381,Developed Residential
1938,Family Home in Noida Sector 137,Vikas Yadav,Noida Sector 137,Entire home/apt,1950,4,16,0.44,281,28.507962,77.404031,Developed Residential
1939,Premium Stay - Janakpuri,Rahul Sharma,Janakpuri,Private room,1550,1,59,0.53,206,28.632374,77.087575,Developed Residential
1940,Premium Stay - Saket,Manish Mehta,Saket,Private room,3000,2,69,0.46,299,28.506931,77.210458,Developed Residential
1941,Bright Apartment in Uttam Nagar,Rohit Kapoor,Uttam Nagar,Entire home/apt,1650,2,88,1.15,198,28.622733,77.060925,Dense/Chawl-type Area
1942,Comfortable Home in Noida Sector 18,Nisha Mishra,Noida Sector 18,Entire home/apt,3000,5,7,0.41,274,28.569906,77.321279,Market Area
1943,Premium Stay - Mehrauli,Shreya Verma,Mehrauli,Private room,1500,1,78,0.39,157,28.519957,77.175157,Dense/Chawl-type Area
1944,Cozy Noida Sector 62 Studio,Shreya Chauhan,Noida Sector 62,Private room,2100,1,14,0.55,243,28.620169,77.357314,Corporate/Developed Area
1945,Peaceful Retreat near Faridabad Sector 15,Amit Agarwal,Faridabad Sector 15,Entire home/apt,2000,1,38,0.16,197,28.412662,77.317802,Developed Residential
1946,Modern Stay near Mahipalpur,Nisha Bansal,Mahipalpur,Entire home/apt,1300,4,30,0.29,154,28.538891,77.140842,Dense/Chawl-type Area
1947,Family Home in Gurgaon DLF Phase 2,Riya Chauhan,Gurgaon DLF Phase 2,Private room,2550,1,15,0.24,244,28.483121,77.093249,Market Area
1948,Premium Stay - Vikaspuri,Arjun Gupta,Vikaspuri,Entire home/apt,2500,1,14,0.62,172,28.639752,77.072674,Developed Residential
1949,City Stay - Mahipalpur,Arjun Singh,Mahipalpur,Entire home/apt,2250,3,59,1.19,220,28.542688,77.12474,Dense/Chawl-type Area
1950,Bright Apartment in Hauz Khas,Varun Bansal,Hauz Khas,Entire home/apt,3050,3,26,0.45,5,28.545887,77.205231,Green & Peaceful
1951,Private Room near Ghaziabad Vaishali,Sanjay Gupta,Ghaziabad Vaishali,Entire home/apt,2450,2,32,0.25,208,28.64291,77.341871,Market Area
1952,Budget Stay around Uttam Nagar,Manish Singh,Uttam Nagar,Entire home/apt,1650,1,42,0.27,236,28.62461,77.054915,Dense/Chawl-type Area
1953,Budget Stay around Paharganj,Sanjay Chauhan,Paharganj,Entire home/apt,2450,3,13,0.72,190,28.646165,77.205301,Dense/Chawl-type Area
1954,Comfortable Home in Karol Bagh,Arjun Mehta,Karol Bagh,Private room,1400,4,49,0.17,91,28.651721,77.191085,Market Area
1955,Family Home in Gurgaon Golf Course Road,Aditya Gupta,Gurgaon Golf Course Road,Private room,2950,2,133,0.73,144,28.454498,77.089175,Developed Residential
1956,Modern Stay near Gurgaon DLF Phase 2,Vikas Mishra,Gurgaon DLF Phase 2,Entire home/apt,2950,1,15,0.23,141,28.489956,77.101093,Market Area
1957,Peaceful Retreat near Dwarka,Arjun Yadav,Dwarka,Hotel room,2500,4,38,1.27,38,28.59963,77.05141,Developed Residential
1958,Budget Stay around Noida Sector 62,Megha Malhotra,Noida Sector 62,Private room,1650,1,1,0.23,28,28.629423,77.357261,Corporate/Developed Area
1959,Comfortable Home in Karol Bagh,Pooja Gupta,Karol Bagh,Entire home/apt,3050,14,21,0.44,275,28.657431,77.193054,Market Area
1960,Cozy Gurgaon Sector 47 Studio,Varun Yadav,Gurgaon Sector 47,Private room,2000,5,13,0.2,365,28.434391,77.036977,Developed Residential
1961,Private Room near Noida Sector 18,Ankit Malhotra,Noida Sector 18,Entire home/apt,2700,2,15,0.55,124,28.575455,77.329485,Market Area
1962,Premium Stay - Faridabad Sector 15,Rahul Jain,Faridabad Sector 15,Entire home/apt,1450,14,59,0.68,189,28.405596,77.317019,Developed Residential
1963,Bright Apartment in Gurgaon Cyber City,Megha Saini,Gurgaon Cyber City,Entire home/apt,4000,1,74,0.22,355,28.498991,77.083398,Corporate/Developed Area
1964,City Stay - Vikaspuri,Varun Kumar,Vikaspuri,Entire home/apt,2400,1,101,1.68,266,28.643151,77.071506,Developed Residential
1965,Family Home in Faridabad Sector 15,Megha Mishra,Faridabad Sector 15,Entire home/apt,2050,2,51,0.1,224,28.406173,77.332206,Developed Residential
1966,Modern Stay near Noida Sector 75,Rohit Malhotra,Noida Sector 75,Private room,1550,2,31,0.57,209,28.565575,77.389219,Developed Residential
1967,Peaceful Retreat near Janakpuri,Ankit Sharma,Janakpuri,Entire home/apt,1800,2,15,0.86,258,28.626755,77.087146,Developed Residential
1968,Modern Stay near Greater Kailash,Arjun Mehta,Greater Kailash,Entire home/apt,4000,1,46,0.45,144,28.543219,77.22369,Developed Residential
1969,Bright Apartment in Mahipalpur,Shreya Saini,Mahipalpur,Hotel room,1750,2,21,0.54,180,28.554194,77.122444,Dense/Chawl-type Area
1970,Bright Apartment in Aerocity,Arjun Chauhan,Aerocity,Entire home/apt,4000,1,35,0.22,45,28.558235,77.084187,Developed Residential
1971,City Stay - Connaught Place,Megha Kapoor,Connaught Place,Private room,4000,3,70,0.32,318,28.626057,77.217964,Market Area
1972,Budget Stay around Ghaziabad Vaishali,Sanjay Sharma,Ghaziabad Vaishali,Entire home/apt,2550,1,44,0.47,137,28.644318,77.336983,Market Area
1973,Family Home in Noida Sector 137,Priya Chauhan,Noida Sector 137,Private room,1450,2,64,0.52,260,28.507343,77.394409,Developed Residential
1974,Family Home in Karol Bagh,Pooja Bansal,Karol Bagh,Entire home/apt,2350,5,24,0.26,257,28.652376,77.19232,Market Area
1975,City Stay - South Extension,Megha Gupta,South Extension,Entire home/apt,4000,3,51,2.08,45,28.562484,77.223085,Market Area
1976,Premium Stay - Vikaspuri,Sanjay Chauhan,Vikaspuri,Private room,2050,1,27,0.6,193,28.633574,77.064739,Developed Residential
1977,Private Room near Janakpuri,Varun Yadav,Janakpuri,Entire home/apt,2800,1,5,0.48,258,28.618619,77.079177,Developed Residential
1978,Family Home in Uttam Nagar,Neha Malhotra,Uttam Nagar,Hotel room,1200,7,67,0.82,200,28.630871,77.069193,Dense/Chawl-type Area
1979,Comfortable Home in Janakpuri,Karan Mehta,Janakpuri,Shared room,1400,1,26,0.09,227,28.626703,77.086499,Developed Residential
1980,Bright Apartment in Noida Sector 137,Ankit Agarwal,Noida Sector 137,Private room,1550,1,46,0.49,163,28.527551,77.412371,Developed Residential
1981,Family Home in Green Park,Manish Agarwal,Green Park,Private room,1900,1,33,0.04,211,28.565943,77.196378,Green & Peaceful
1982,Modern Stay near Defence Colony,Aditya Malhotra,Defence Colony,Private room,2500,7,114,0.75,264,28.572303,77.236349,Green & Peaceful
1983,Bright Apartment in Saket,Neha Gupta,Saket,Private room,2200,2,19,0.24,208,28.521144,77.213878,Developed Residential
1984,Bright Apartment in Ghaziabad Vaishali,Vikas Chauhan,Ghaziabad Vaishali,Private room,1500,5,13,0.87,365,28.644053,77.333454,Market Area
1985,City Stay - Gurgaon Cyber City,Karan Saini,Gurgaon Cyber City,Private room,2850,3,103,0.39,335,28.494267,77.096262,Corporate/Developed Area
1986,Budget Stay around Gurgaon DLF Phase 2,Simran Agarwal,Gurgaon DLF Phase 2,Private room,2850,2,64,0.23,149,28.477827,77.09561,Market Area
1987,Private Room near Connaught Place,Arjun Jain,Connaught Place,Private room,2850,2,87,0.49,61,28.619029,77.214841,Market Area
1988,Family Home in Mahipalpur,Sanjay Saini,Mahipalpur,Private room,1450,1,8,1.1,273,28.552862,77.128906,Dense/Chawl-type Area
1989,Budget Stay around Ghaziabad Indirapuram,Deepak Mehta,Ghaziabad Indirapuram,Entire home/apt,2300,7,78,0.76,274,28.637051,77.375886,Developed Residential
1990,Cozy Saket Studio,Ankit Gupta,Saket,Entire home/apt,3600,2,54,0.34,111,28.519332,77.205479,Developed Residential
1991,Peaceful Retreat near Vasant Kunj,Rahul Saini,Vasant Kunj,Entire home/apt,2700,1,38,0.41,222,28.52586,77.157231,Developed Residential
1992,Modern Stay near Mahipalpur,Arjun Saini,Mahipalpur,Private room,1350,2,19,0.67,55,28.549214,77.126131,Dense/Chawl-type Area
1993,Budget Stay around Lajpat Nagar,Pooja Gupta,Lajpat Nagar,Entire home/apt,2300,2,65,0.29,365,28.575438,77.238546,Market Area
1994,Modern Stay near Aerocity,Priya Verma,Aerocity,Private room,2100,2,50,0.94,275,28.551858,77.083435,Developed Residential
1995,Cozy Vasant Kunj Studio,Varun Kapoor,Vasant Kunj,Private room,1800,1,46,0.24,100,28.51551,77.17204,Developed Residential
1996,Budget Stay around Noida Sector 137,Amit Yadav,Noida Sector 137,Entire home/apt,2050,2,47,1.47,173,28.516498,77.400583,Developed Residential
1997,Modern Stay near Ghaziabad Indirapuram,Deepak Yadav,Ghaziabad Indirapuram,Private room,1350,1,27,0.21,207,28.634188,77.355307,Developed Residential
1998,Family Home in Janakpuri,Priya Kumar,Janakpuri,Private room,1550,1,17,0.22,266,28.62285,77.095623,Developed Residential
1999,Budget Stay around Paharganj,Rahul Verma,Paharganj,Private room,1300,1,66,0.13,307,28.637748,77.214954,Dense/Chawl-type Area
2000,Peaceful Retreat near Noida Sector 62,Karan Singh,Noida Sector 62,Private room,1950,1,35,0.18,365,28.624524,77.372297,Corporate/Developed Area
2001,Comfortable Home in Gurgaon Golf Course Road,Karan Mehta,Gurgaon Golf Course Road,Private room,2800,14,65,0.1,166,28.467675,77.096324,Developed Residential
2002,Comfortable Home in Faridabad Sector 15,Rahul Kapoor,Faridabad Sector 15,Private room,1250,4,13,0.69,63,28.404975,77.305805,Developed Residential
2003,Bright Apartment in Uttam Nagar,Amit Sharma,Uttam Nagar,Private room,1350,3,23,0.6,194,28.62625,77.074227,Dense/Chawl-type Area
2004,Private Room near Karol Bagh,Riya Mishra,Karol Bagh,Hotel room,1850,5,134,0.52,116,28.659651,77.201941,Market Area
2005,Premium Stay - Hauz Khas,Shreya Mishra,Hauz Khas,Entire home/apt,3350,3,89,0.07,216,28.553906,77.199133,Green & Peaceful
2006,Private Room near Uttam Nagar,Arjun Kapoor,Uttam Nagar,Entire home/apt,1550,1,11,0.22,127,28.619839,77.07949,Dense/Chawl-type Area
2007,Premium Stay - Connaught Place,Rahul Saini,Connaught Place,Entire home/apt,4000,1,30,0.19,364,28.634202,77.213522,Market Area
2008,Family Home in Gurgaon Golf Course Road,Ankit Bansal,Gurgaon Golf Course Road,Entire home/apt,3600,3,4,0.49,121,28.456596,77.102361,Developed Residential
2009,Family Home in Dwarka,Shreya Agarwal,Dwarka,Private room,1550,3,4,0.3,281,28.590602,77.04503,Developed Residential
2010,Premium Stay - Greater Kailash,Manish Kapoor,Greater Kailash,Private room,1650,1,75,0.15,191,28.544474,77.237239,Developed Residential
2011,Bright Apartment in Dwarka,Karan Jain,Dwarka,Private room,2000,2,18,0.65,196,28.581638,77.050258,Developed Residential
2012,Peaceful Retreat near Gurgaon Sector 47,Varun Kapoor,Gurgaon Sector 47,Entire home/apt,2650,2,15,0.26,155,28.418064,77.052516,Developed Residential
2013,City Stay - Noida Sector 18,Neha Mehta,Noida Sector 18,Private room,1750,1,17,0.12,258,28.565834,77.324543,Market Area
2014,City Stay - Janakpuri,Sanjay Malhotra,Janakpuri,Private room,1850,2,86,1.21,301,28.61509,77.08952,Developed Residential
2015,Cozy South Extension Studio,Rahul Kumar,South Extension,Entire home/apt,3900,2,37,0.35,337,28.572724,77.228325,Market Area
2016,Comfortable Home in Gurgaon DLF Phase 2,Amit Kapoor,Gurgaon DLF Phase 2,Entire home/apt,3400,1,10,0.29,40,28.483941,77.10496,Market Area
2017,Private Room near Uttam Nagar,Sanjay Kumar,Uttam Nagar,Entire home/apt,1600,1,20,0.41,211,28.628478,77.066592,Dense/Chawl-type Area
2018,Private Room near Defence Colony,Megha Sharma,Defence Colony,Entire home/apt,4000,5,15,0.54,365,28.565619,77.230093,Green & Peaceful
2019,Cozy Noida Sector 62 Studio,Varun Kumar,Noida Sector 62,Entire home/apt,3450,1,93,1.2,245,28.621843,77.358318,Corporate/Developed Area
2020,City Stay - Old Delhi,Manish Yadav,Old Delhi,Entire home/apt,1850,1,3,1.45,178,28.647585,77.2478,Dense/Chawl-type Area
2021,Cozy Paharganj Studio,Simran Singh,Paharganj,Entire home/apt,2300,2,21,0.18,263,28.632322,77.203824,Dense/Chawl-type Area
2022,Peaceful Retreat near Dwarka,Megha Chauhan,Dwarka,Hotel room,2250,2,23,0.88,205,28.593476,77.044688,Developed Residential
2023,Premium Stay - Old Delhi,Manish Jain,Old Delhi,Entire home/apt,1900,5,34,0.18,208,28.652072,77.230163,Dense/Chawl-type Area
2024,Peaceful Retreat near Noida Sector 18,Manish Malhotra,Noida Sector 18,Entire home/apt,3050,2,8,0.28,208,28.579613,77.325612,Market Area
2025,Budget Stay around Noida Sector 18,Ankit Saini,Noida Sector 18,Entire home/apt,3100,7,27,0.23,159,28.566001,77.315151,Market Area
2026,City Stay - Uttam Nagar,Nisha Singh,Uttam Nagar,Entire home/apt,1650,4,20,0.44,256,28.627634,77.05927,Dense/Chawl-type Area
2027,Peaceful Retreat near Dwarka,Neha Malhotra,Dwarka,Private room,1950,1,63,0.02,271,28.585776,77.048029,Developed Residential
2028,Family Home in Karol Bagh,Deepak Yadav,Karol Bagh,Entire home/apt,2300,1,25,0.82,179,28.641081,77.186109,Market Area
2029,Premium Stay - Gurgaon DLF Phase 2,Arjun Kumar,Gurgaon DLF Phase 2,Entire home/apt,3750,14,18,0.3,141,28.481551,77.094041,Market Area
2030,Peaceful Retreat near Old Delhi,Arjun Malhotra,Old Delhi,Private room,1350,1,3,0.17,244,28.663222,77.2224,Dense/Chawl-type Area
2031,Comfortable Home in Janakpuri,Neha Gupta,Janakpuri,Entire home/apt,2750,1,34,0.14,344,28.624273,77.095075,Developed Residential
2032,Private Room near Paharganj,Karan Verma,Paharganj,Entire home/apt,2000,1,67,0.07,93,28.643698,77.21455,Dense/Chawl-type Area
2033,City Stay - Uttam Nagar,Simran Mehta,Uttam Nagar,Private room,1400,1,12,0.31,241,28.621019,77.06827,Dense/Chawl-type Area
2034,Peaceful Retreat near Noida Sector 75,Simran Mehta,Noida Sector 75,Private room,1950,1,9,0.18,309,28.571194,77.392218,Developed Residential
2035,Comfortable Home in Old Delhi,Riya Sharma,Old Delhi,Private room,1250,1,40,0.14,172,28.660972,77.236238,Dense/Chawl-type Area
2036,Cozy Paharganj Studio,Rohit Kapoor,Paharganj,Private room,1300,1,41,1.34,266,28.657628,77.217274,Dense/Chawl-type Area
2037,City Stay - Mehrauli,Ankit Verma,Mehrauli,Entire home/apt,2150,2,47,0.52,365,28.521789,77.190883,Dense/Chawl-type Area
2038,Private Room near Dwarka,Arjun Gupta,Dwarka,Hotel room,2200,1,95,0.47,195,28.582158,77.055315,Developed Residential
2039,Modern Stay near Paharganj,Amit Singh,Paharganj,Entire home/apt,2250,2,57,0.37,171,28.641728,77.211071,Dense/Chawl-type Area
2040,Private Room near Noida Sector 18,Rahul Sharma,Noida Sector 18,Private room,1850,7,30,0.07,127,28.574415,77.321908,Market Area
2041,Budget Stay around Dwarka,Pooja Chauhan,Dwarka,Private room,2100,2,62,1.09,85,28.598149,77.041496,Developed Residential
2042,Private Room near Karol Bagh,Karan Yadav,Karol Bagh,Hotel room,2100,1,100,0.52,297,28.649608,77.183859,Market Area
2043,Cozy Noida Sector 62 Studio,Sanjay Mehta,Noida Sector 62,Entire home/apt,2200,2,37,0.36,259,28.619669,77.362668,Corporate/Developed Area
2044,Comfortable Home in Uttam Nagar,Riya Verma,Uttam Nagar,Hotel room,1350,5,143,0.83,189,28.625538,77.060385,Dense/Chawl-type Area
2045,Budget Stay around Defence Colony,Rohit Kumar,Defence Colony,Entire home/apt,4000,14,1,0.17,174,28.571766,77.24169,Green & Peaceful
2046,Private Room near Aerocity,Neha Kapoor,Aerocity,Private room,2350,1,36,0.67,235,28.564514,77.082254,Developed Residential
2047,City Stay - Janakpuri,Ankit Singh,Janakpuri,Entire home/apt,2000,1,10,1.04,209,28.611112,77.081925,Developed Residential
2048,Cozy Green Park Studio,Nisha Mishra,Green Park,Hotel room,3300,1,28,1.1,174,28.564137,77.196247,Green & Peaceful
2049,Peaceful Retreat near Faridabad Sector 15,Priya Yadav,Faridabad Sector 15,Private room,1150,1,85,0.19,302,28.406378,77.323795,Developed Residential
2050,Private Room near Karol Bagh,Nisha Yadav,Karol Bagh,Private room,1600,7,16,0.81,280,28.651145,77.182041,Market Area
2051,Cozy Paharganj Studio,Vikas Saini,Paharganj,Entire home/apt,2150,4,17,1.6,260,28.650091,77.213159,Dense/Chawl-type Area
2052,Modern Stay near Dwarka,Pooja Mehta,Dwarka,Entire home/apt,3300,1,104,0.33,47,28.593607,77.051251,Developed Residential
2053,Peaceful Retreat near Noida Sector 75,Deepak Agarwal,Noida Sector 75,Private room,1550,4,14,0.34,143,28.563367,77.386539,Developed Residential
2054,City Stay - Aerocity,Varun Malhotra,Aerocity,Private room,3700,2,8,0.49,48,28.565805,77.073563,Developed Residential
2055,Cozy Lajpat Nagar Studio,Riya Gupta,Lajpat Nagar,Entire home/apt,2700,2,2,0.69,77,28.569049,77.243651,Market Area
2056,Modern Stay near Defence Colony,Megha Kapoor,Defence Colony,Entire home/apt,4000,3,39,0.61,222,28.574507,77.23446,Green & Peaceful
2057,City Stay - Defence Colony,Arjun Mehta,Defence Colony,Entire home/apt,4000,1,48,0.49,348,28.584727,77.229802,Green & Peaceful
2058,Cozy Dwarka Studio,Pooja Chauhan,Dwarka,Hotel room,1900,1,20,0.02,202,28.596497,77.036812,Developed Residential
2059,Peaceful Retreat near Gurgaon Cyber City,Pooja Verma,Gurgaon Cyber City,Private room,2900,3,55,0.09,180,28.48716,77.097195,Corporate/Developed Area
2060,Cozy Janakpuri Studio,Manish Chauhan,Janakpuri,Entire home/apt,2950,1,47,0.26,264,28.635206,77.087902,Developed Residential
2061,City Stay - Vikaspuri,Ankit Yadav,Vikaspuri,Private room,1400,1,17,0.31,267,28.635317,77.068329,Developed Residential
2062,Budget Stay around Connaught Place,Aditya Verma,Connaught Place,Private room,2850,1,42,0.29,159,28.647723,77.225013,Market Area
2063,Cozy Paharganj Studio,Vikas Sharma,Paharganj,Private room,1000,1,24,0.27,39,28.648348,77.207311,Dense/Chawl-type Area
2064,Private Room near Karol Bagh,Aditya Yadav,Karol Bagh,Private room,1400,2,51,1.1,364,28.651406,77.190689,Market Area
2065,Bright Apartment in Chattarpur,Simran Gupta,Chattarpur,Private room,2000,2,20,0.51,218,28.506371,77.174633,Green & Peaceful
2066,Comfortable Home in Uttam Nagar,Neha Singh,Uttam Nagar,Private room,1050,1,39,0.32,356,28.637163,77.059339,Dense/Chawl-type Area
2067,Family Home in Noida Sector 62,Varun Verma,Noida Sector 62,Entire home/apt,3150,2,53,0.13,73,28.638408,77.364829,Corporate/Developed Area
2068,Cozy Gurgaon DLF Phase 2 Studio,Riya Jain,Gurgaon DLF Phase 2,Entire home/apt,4000,1,63,0.56,270,28.486925,77.097315,Market Area
2069,Comfortable Home in Ghaziabad Vaishali,Rohit Chauhan,Ghaziabad Vaishali,Hotel room,1850,2,56,0.31,230,28.652409,77.344539,Market Area
2070,Modern Stay near Hauz Khas,Megha Yadav,Hauz Khas,Entire home/apt,3900,7,25,0.24,89,28.551372,77.191256,Green & Peaceful
2071,Peaceful Retreat near Paharganj,Rahul Mehta,Paharganj,Private room,1300,2,61,0.17,115,28.646957,77.210599,Dense/Chawl-type Area
2072,Bright Apartment in Greater Kailash,Riya Kapoor,Greater Kailash,Entire home/apt,3600,2,24,0.22,257,28.545573,77.223679,Developed Residential
2073,Peaceful Retreat near Karol Bagh,Shreya Saini,Karol Bagh,Entire home/apt,2450,2,55,0.71,269,28.658371,77.196908,Market Area
2074,Budget Stay around Janakpuri,Amit Saini,Janakpuri,Private room,1350,2,36,0.99,187,28.618748,77.085729,Developed Residential
2075,Comfortable Home in Green Park,Sanjay Saini,Green Park,Entire home/apt,3250,2,42,0.8,160,28.549368,77.210707,Green & Peaceful
2076,Cozy Mahipalpur Studio,Arjun Jain,Mahipalpur,Private room,1250,1,8,0.36,307,28.540729,77.131977,Dense/Chawl-type Area
2077,Private Room near Vasant Kunj,Varun Saini,Vasant Kunj,Private room,1700,1,16,0.58,234,28.530853,77.159779,Developed Residential
2078,Premium Stay - Karol Bagh,Megha Kumar,Karol Bagh,Hotel room,2200,1,35,1.18,365,28.654439,77.191594,Market Area
2079,Family Home in Lajpat Nagar,Varun Singh,Lajpat Nagar,Entire home/apt,2900,1,24,1.37,206,28.573595,77.240245,Market Area
2080,Bright Apartment in Noida Sector 62,Ankit Kapoor,Noida Sector 62,Entire home/apt,3100,1,20,0.1,184,28.63616,77.362196,Corporate/Developed Area
2081,Private Room near Noida Sector 62,Riya Saini,Noida Sector 62,Hotel room,2450,1,96,0.26,45,28.636464,77.361867,Corporate/Developed Area
2082,Family Home in Mahipalpur,Arjun Mishra,Mahipalpur,Entire home/apt,2100,2,2,0.12,299,28.549433,77.137352,Dense/Chawl-type Area
2083,Modern Stay near Vikaspuri,Megha Gupta,Vikaspuri,Private room,1650,2,29,0.3,172,28.646242,77.066164,Developed Residential
2084,Private Room near Aerocity,Deepak Gupta,Aerocity,Entire home/apt,4000,2,27,1.15,201,28.548523,77.078857,Developed Residential
2085,City Stay - Chattarpur,Karan Mishra,Chattarpur,Entire home/apt,2750,4,76,0.61,257,28.507632,77.173386,Green & Peaceful
2086,Private Room near Gurgaon Cyber City,Megha Chauhan,Gurgaon Cyber City,Hotel room,3650,14,10,0.66,77,28.493258,77.093627,Corporate/Developed Area
2087,Premium Stay - Greater Kailash,Amit Yadav,Greater Kailash,Entire home/apt,4000,1,20,0.11,129,28.544517,77.228279,Developed Residential
2088,Comfortable Home in Noida Sector 75,Nisha Saini,Noida Sector 75,Private room,1750,3,25,0.72,225,28.564158,77.39084,Developed Residential
2089,Bright Apartment in Vasant Kunj,Amit Bansal,Vasant Kunj,Private room,1900,3,1,0.23,186,28.526884,77.162717,Developed Residential
2090,Bright Apartment in Paharganj,Simran Singh,Paharganj,Entire home/apt,2750,1,16,0.08,219,28.643576,77.213374,Dense/Chawl-type Area
2091,Premium Stay - Vikaspuri,Neha Agarwal,Vikaspuri,Entire home/apt,1950,3,44,0.99,362,28.639332,77.064065,Developed Residential
2092,Premium Stay - Noida Sector 137,Nisha Singh,Noida Sector 137,Shared room,900,1,11,0.79,268,28.5126,77.400231,Developed Residential
2093,Premium Stay - Ghaziabad Indirapuram,Varun Yadav,Ghaziabad Indirapuram,Entire home/apt,2600,3,14,0.57,5,28.640058,77.371851,Developed Residential
2094,City Stay - Noida Sector 18,Rahul Bansal,Noida Sector 18,Entire home/apt,2600,4,89,0.33,80,28.570048,77.332383,Market Area
2095,Bright Apartment in Noida Sector 18,Riya Malhotra,Noida Sector 18,Private room,2000,3,0,0.0,229,28.573041,77.332755,Market Area
2096,Premium Stay - Rajendra Place,Priya Verma,Rajendra Place,Private room,1600,1,20,0.34,292,28.645346,77.177352,Developed Residential
2097,Comfortable Home in Gurgaon Golf Course Road,Neha Sharma,Gurgaon Golf Course Road,Private room,3100,1,31,0.08,257,28.458426,77.103166,Developed Residential
2098,Cozy Gurgaon Golf Course Road Studio,Ankit Mishra,Gurgaon Golf Course Road,Private room,3000,1,11,0.54,365,28.466645,77.100008,Developed Residential
2099,Private Room near Gurgaon Cyber City,Pooja Verma,Gurgaon Cyber City,Entire home/apt,4000,3,76,0.55,186,28.490015,77.090828,Corporate/Developed Area
2100,Cozy Gurgaon Cyber City Studio,Pooja Verma,Gurgaon Cyber City,Entire home/apt,4000,1,16,0.29,224,28.48158,77.104067,Corporate/Developed Area
2101,Budget Stay around Ghaziabad Vaishali,Aditya Agarwal,Ghaziabad Vaishali,Private room,1450,1,56,0.27,289,28.656151,77.330449,Market Area
2102,Family Home in Noida Sector 137,Varun Kapoor,Noida Sector 137,Private room,1450,1,68,0.85,363,28.520425,77.400295,Developed Residential
2103,Cozy Noida Sector 137 Studio,Aditya Kumar,Noida Sector 137,Private room,1000,2,33,0.4,129,28.512598,77.394903,Developed Residential
2104,Family Home in Uttam Nagar,Sanjay Singh,Uttam Nagar,Private room,1150,3,85,0.38,196,28.620084,77.061678,Dense/Chawl-type Area
2105,Peaceful Retreat near Uttam Nagar,Neha Sharma,Uttam Nagar,Entire home/apt,1550,1,4,0.21,306,28.633323,77.065177,Dense/Chawl-type Area
2106,Modern Stay near Old Delhi,Varun Jain,Old Delhi,Entire home/apt,2150,3,31,0.13,155,28.651823,77.232482,Dense/Chawl-type Area
2107,Cozy Rajendra Place Studio,Shreya Yadav,Rajendra Place,Private room,2250,2,34,0.61,247,28.649306,77.179275,Developed Residential
2108,Budget Stay around Uttam Nagar,Sanjay Kapoor,Uttam Nagar,Entire home/apt,1700,3,100,0.36,237,28.623794,77.061809,Dense/Chawl-type Area
2109,Cozy Karol Bagh Studio,Sanjay Yadav,Karol Bagh,Private room,1550,1,57,0.13,272,28.655945,77.197139,Market Area
2110,Premium Stay - Rajendra Place,Simran Kumar,Rajendra Place,Private room,1300,4,17,0.35,365,28.646733,77.185293,Developed Residential
2111,Modern Stay near Ghaziabad Indirapuram,Rohit Saini,Ghaziabad Indirapuram,Private room,1150,1,76,2.0,365,28.632308,77.381795,Developed Residential
2112,Peaceful Retreat near Green Park,Karan Verma,Green Park,Private room,2450,1,71,0.11,298,28.567453,77.206954,Green & Peaceful
2113,Modern Stay near Saket,Deepak Verma,Saket,Entire home/apt,3150,2,46,0.26,302,28.523227,77.202332,Developed Residential
2114,Budget Stay around Uttam Nagar,Vikas Kapoor,Uttam Nagar,Private room,1050,1,18,0.53,213,28.613137,77.074195,Dense/Chawl-type Area
2115,Premium Stay - Gurgaon DLF Phase 2,Pooja Singh,Gurgaon DLF Phase 2,Entire home/apt,3300,1,89,0.32,178,28.483365,77.095783,Market Area
2116,Comfortable Home in Mehrauli,Vikas Bansal,Mehrauli,Entire home/apt,2150,2,19,0.13,317,28.517012,77.188499,Dense/Chawl-type Area
2117,Premium Stay - Vasant Kunj,Megha Saini,Vasant Kunj,Entire home/apt,4000,3,49,0.87,166,28.531562,77.160277,Developed Residential
2118,Modern Stay near Noida Sector 62,Manish Saini,Noida Sector 62,Entire home/apt,2200,2,75,1.4,170,28.623999,77.363962,Corporate/Developed Area
2119,Private Room near Uttam Nagar,Aditya Chauhan,Uttam Nagar,Private room,1050,1,59,2.06,190,28.629061,77.062815,Dense/Chawl-type Area
2120,Modern Stay near Greater Kailash,Manish Jain,Greater Kailash,Entire home/apt,4000,3,9,0.23,164,28.539713,77.243349,Developed Residential
2121,Comfortable Home in Connaught Place,Ankit Yadav,Connaught Place,Entire home/apt,3400,4,38,0.97,229,28.640216,77.217271,Market Area
2122,Premium Stay - Gurgaon Sector 47,Megha Malhotra,Gurgaon Sector 47,Private room,2250,1,13,0.15,93,28.425952,77.049417,Developed Residential
2123,Comfortable Home in Noida Sector 62,Riya Agarwal,Noida Sector 62,Entire home/apt,2300,2,68,0.87,186,28.628228,77.361455,Corporate/Developed Area
2124,Private Room near Noida Sector 18,Megha Bansal,Noida Sector 18,Entire home/apt,2900,1,17,0.52,70,28.572618,77.330059,Market Area
2125,Bright Apartment in Old Delhi,Sanjay Jain,Old Delhi,Private room,1100,2,11,0.51,184,28.657821,77.239444,Dense/Chawl-type Area
2126,Bright Apartment in South Extension,Megha Chauhan,South Extension,Private room,2200,3,81,0.91,284,28.566573,77.220545,Market Area
2127,Budget Stay around Defence Colony,Manish Yadav,Defence Colony,Private room,2600,2,43,0.86,134,28.581141,77.229652,Green & Peaceful
2128,Peaceful Retreat near Noida Sector 75,Riya Bansal,Noida Sector 75,Entire home/apt,1750,1,25,0.68,228,28.570378,77.390337,Developed Residential
2129,Peaceful Retreat near Lajpat Nagar,Aditya Kapoor,Lajpat Nagar,Entire home/apt,3200,2,54,0.51,182,28.574096,77.237806,Market Area
2130,Premium Stay - Connaught Place,Nisha Yadav,Connaught Place,Entire home/apt,4000,7,96,0.15,67,28.629746,77.211073,Market Area
2131,Private Room near Dwarka,Arjun Chauhan,Dwarka,Private room,1550,3,83,0.27,192,28.5887,77.046718,Developed Residential
2132,Cozy Green Park Studio,Shreya Malhotra,Green Park,Entire home/apt,3600,1,1,0.17,278,28.546753,77.19995,Green & Peaceful
2133,Family Home in Vikaspuri,Rohit Kumar,Vikaspuri,Private room,1150,3,83,0.55,99,28.642079,77.079224,Developed Residential
2134,Comfortable Home in Hauz Khas,Amit Kapoor,Hauz Khas,Entire home/apt,3050,2,33,0.05,164,28.551268,77.203175,Green & Peaceful
2135,City Stay - Noida Sector 75,Karan Sharma,Noida Sector 75,Private room,1700,1,0,0.0,284,28.567192,77.396524,Developed Residential
2136,Bright Apartment in Green Park,Vikas Singh,Green Park,Entire home/apt,3950,2,25,1.88,214,28.563695,77.206521,Green & Peaceful
2137,City Stay - Faridabad Sector 15,Amit Yadav,Faridabad Sector 15,Hotel room,1800,1,37,0.32,316,28.415837,77.313491,Developed Residential
2138,Premium Stay - Vasant Kunj,Megha Kapoor,Vasant Kunj,Private room,3050,7,78,0.6,336,28.519491,77.15392,Developed Residential
2139,Family Home in Ghaziabad Indirapuram,Aditya Jain,Ghaziabad Indirapuram,Private room,1300,1,121,0.39,107,28.654021,77.374706,Developed Residential
2140,Cozy Ghaziabad Vaishali Studio,Rahul Verma,Ghaziabad Vaishali,Private room,1500,2,66,0.53,105,28.650219,77.347435,Market Area
2141,Comfortable Home in Noida Sector 75,Shreya Chauhan,Noida Sector 75,Hotel room,2000,2,11,0.81,148,28.5688,77.398249,Developed Residential
2142,Bright Apartment in Karol Bagh,Rahul Kumar,Karol Bagh,Private room,1700,1,58,1.0,211,28.646693,77.19329,Market Area
2143,Peaceful Retreat near Rajendra Place,Aditya Singh,Rajendra Place,Shared room,1100,1,49,0.39,332,28.638727,77.17693,Developed Residential
2144,City Stay - Gurgaon Cyber City,Arjun Yadav,Gurgaon Cyber City,Entire home/apt,3900,1,33,1.59,353,28.498725,77.097696,Corporate/Developed Area
2145,Budget Stay around Lajpat Nagar,Neha Bansal,Lajpat Nagar,Private room,1850,2,37,0.03,365,28.567647,77.24084,Market Area
2146,Peaceful Retreat near Saket,Aditya Jain,Saket,Entire home/apt,3550,1,28,0.71,231,28.518463,77.215133,Developed Residential
2147,Bright Apartment in Hauz Khas,Neha Saini,Hauz Khas,Private room,2300,1,18,0.28,214,28.546361,77.193768,Green & Peaceful
2148,Private Room near Saket,Varun Gupta,Saket,Private room,1750,2,11,0.29,268,28.518093,77.204325,Developed Residential
2149,Modern Stay near Mehrauli,Aditya Mishra,Mehrauli,Entire home/apt,2350,5,77,0.3,296,28.525997,77.186121,Dense/Chawl-type Area
2150,City Stay - Noida Sector 62,Simran Agarwal,Noida Sector 62,Hotel room,2050,3,65,0.15,232,28.622158,77.364624,Corporate/Developed Area
2151,Family Home in Ghaziabad Vaishali,Rohit Saini,Ghaziabad Vaishali,Hotel room,2200,5,49,0.88,85,28.655578,77.338653,Market Area
2152,Cozy Saket Studio,Nisha Verma,Saket,Private room,2900,1,11,0.94,210,28.519795,77.203344,Developed Residential
2153,Budget Stay around Gurgaon Golf Course Road,Riya Chauhan,Gurgaon Golf Course Road,Entire home/apt,4000,2,40,1.19,223,28.463733,77.094492,Developed Residential
2154,Modern Stay near Lajpat Nagar,Manish Jain,Lajpat Nagar,Entire home/apt,3600,2,42,0.05,252,28.563645,77.244321,Market Area
2155,Family Home in Paharganj,Vikas Saini,Paharganj,Entire home/apt,2000,1,38,1.48,114,28.650709,77.206539,Dense/Chawl-type Area
2156,Budget Stay around Karol Bagh,Amit Agarwal,Karol Bagh,Entire home/apt,2650,1,27,0.23,250,28.657443,77.181096,Market Area
2157,Premium Stay - Ghaziabad Indirapuram,Rohit Kumar,Ghaziabad Indirapuram,Entire home/apt,2200,2,12,1.75,190,28.643141,77.369753,Developed Residential
2158,Premium Stay - Ghaziabad Indirapuram,Rohit Chauhan,Ghaziabad Indirapuram,Entire home/apt,2150,1,33,0.87,285,28.640984,77.361336,Developed Residential
2159,Bright Apartment in Hauz Khas,Aditya Gupta,Hauz Khas,Entire home/apt,4000,2,35,0.28,5,28.55161,77.188401,Green & Peaceful
2160,Peaceful Retreat near Dwarka,Deepak Saini,Dwarka,Private room,1850,1,75,1.22,298,28.584123,77.048428,Developed Residential
2161,Budget Stay around Green Park,Rahul Sharma,Green Park,Entire home/apt,3250,4,52,1.07,243,28.559598,77.211023,Green & Peaceful
2162,Family Home in Karol Bagh,Shreya Yadav,Karol Bagh,Shared room,1350,1,24,0.22,249,28.648147,77.212368,Market Area
2163,Modern Stay near Paharganj,Aditya Kapoor,Paharganj,Private room,1700,1,25,0.26,195,28.644329,77.220623,Dense/Chawl-type Area
2164,City Stay - Paharganj,Vikas Malhotra,Paharganj,Private room,1700,7,42,0.1,82,28.642631,77.217397,Dense/Chawl-type Area
2165,Comfortable Home in Defence Colony,Nisha Gupta,Defence Colony,Entire home/apt,4000,1,77,0.67,217,28.581103,77.233217,Green & Peaceful
2166,Private Room near Noida Sector 75,Riya Verma,Noida Sector 75,Entire home/apt,3600,1,37,0.36,174,28.572364,77.388904,Developed Residential
2167,Cozy Dwarka Studio,Aditya Saini,Dwarka,Entire home/apt,2650,2,21,1.02,47,28.589775,77.035862,Developed Residential
2168,City Stay - Noida Sector 137,Megha Malhotra,Noida Sector 137,Entire home/apt,1800,2,104,1.11,250,28.506082,77.40421,Developed Residential
2169,Premium Stay - Noida Sector 75,Neha Malhotra,Noida Sector 75,Entire home/apt,2600,7,9,0.08,189,28.578808,77.386047,Developed Residential
2170,Comfortable Home in Mehrauli,Manish Yadav,Mehrauli,Entire home/apt,2450,2,105,0.65,152,28.526302,77.186736,Dense/Chawl-type Area
2171,Premium Stay - Karol Bagh,Rahul Mehta,Karol Bagh,Private room,2150,1,49,0.11,217,28.641207,77.183421,Market Area
2172,Budget Stay around Noida Sector 75,Pooja Mehta,Noida Sector 75,Private room,2100,1,25,0.08,168,28.568154,77.39041,Developed Residential
2173,Premium Stay - South Extension,Aditya Singh,South Extension,Hotel room,3550,1,63,0.68,151,28.563058,77.227834,Market Area
2174,Premium Stay - Dwarka,Simran Saini,Dwarka,Entire home/apt,3050,4,29,0.64,279,28.585947,77.057003,Developed Residential
2175,Modern Stay near Chattarpur,Vikas Singh,Chattarpur,Private room,1950,3,27,1.07,148,28.502715,77.173003,Green & Peaceful
2176,Budget Stay around Chattarpur,Arjun Yadav,Chattarpur,Private room,1800,2,27,0.31,362,28.502177,77.174299,Green & Peaceful
2177,Family Home in Dwarka,Riya Agarwal,Dwarka,Private room,1850,1,52,0.27,332,28.588169,77.042029,Developed Residential
2178,Budget Stay around Aerocity,Neha Verma,Aerocity,Entire home/apt,4000,1,102,0.38,365,28.551683,77.076914,Developed Residential
2179,Bright Apartment in Ghaziabad Indirapuram,Manish Chauhan,Ghaziabad Indirapuram,Private room,1300,1,13,1.24,160,28.641901,77.365801,Developed Residential
2180,Bright Apartment in South Extension,Pooja Chauhan,South Extension,Private room,2200,4,62,1.15,175,28.561476,77.212614,Market Area
2181,Cozy South Extension Studio,Simran Agarwal,South Extension,Entire home/apt,2850,2,27,0.75,110,28.563689,77.226786,Market Area
2182,Bright Apartment in Noida Sector 18,Karan Gupta,Noida Sector 18,Private room,1700,1,16,0.31,247,28.570501,77.323452,Market Area
2183,Private Room near Gurgaon Cyber City,Simran Mishra,Gurgaon Cyber City,Private room,3150,1,45,1.55,112,28.497222,77.0951,Corporate/Developed Area
2184,Private Room near Saket,Simran Gupta,Saket,Private room,1700,1,140,0.67,145,28.519468,77.204273,Developed Residential
2185,Peaceful Retreat near Gurgaon DLF Phase 2,Rohit Jain,Gurgaon DLF Phase 2,Private room,2800,1,2,1.5,299,28.481096,77.093325,Market Area
2186,Bright Apartment in Noida Sector 62,Pooja Agarwal,Noida Sector 62,Private room,1600,2,30,0.43,99,28.637655,77.357842,Corporate/Developed Area
2187,Modern Stay near Gurgaon DLF Phase 2,Rahul Yadav,Gurgaon DLF Phase 2,Private room,2350,1,37,0.25,206,28.487804,77.089432,Market Area
2188,Cozy Noida Sector 18 Studio,Priya Saini,Noida Sector 18,Private room,1850,1,13,1.58,349,28.574747,77.326538,Market Area
2189,Comfortable Home in Gurgaon Sector 47,Vikas Bansal,Gurgaon Sector 47,Private room,2050,2,40,0.24,304,28.431167,77.040837,Developed Residential
2190,Bright Apartment in Gurgaon Sector 47,Karan Sharma,Gurgaon Sector 47,Entire home/apt,3750,1,5,0.18,353,28.427555,77.045451,Developed Residential
2191,Private Room near Karol Bagh,Priya Kumar,Karol Bagh,Private room,1700,1,36,0.31,102,28.653584,77.192878,Market Area
2192,Bright Apartment in Noida Sector 18,Varun Sharma,Noida Sector 18,Private room,2300,1,27,0.32,241,28.574772,77.321302,Market Area
2193,Premium Stay - Noida Sector 18,Pooja Saini,Noida Sector 18,Shared room,1350,1,15,0.63,249,28.566146,77.331467,Market Area
2194,Premium Stay - Old Delhi,Pooja Singh,Old Delhi,Private room,1550,3,52,0.92,241,28.653799,77.234789,Dense/Chawl-type Area
2195,City Stay - Karol Bagh,Deepak Yadav,Karol Bagh,Entire home/apt,3100,1,21,0.01,5,28.65335,77.183061,Market Area
2196,Family Home in Janakpuri,Megha Mehta,Janakpuri,Entire home/apt,2450,2,13,0.15,204,28.616468,77.093833,Developed Residential
2197,Cozy Green Park Studio,Rahul Saini,Green Park,Entire home/apt,4000,1,25,0.2,193,28.565564,77.202219,Green & Peaceful
2198,Premium Stay - Noida Sector 137,Nisha Bansal,Noida Sector 137,Entire home/apt,2450,1,24,0.23,156,28.521507,77.416379,Developed Residential
2199,Comfortable Home in Noida Sector 62,Rohit Kumar,Noida Sector 62,Private room,2100,2,75,0.82,284,28.629717,77.366707,Corporate/Developed Area
2200,Peaceful Retreat near South Extension,Rohit Kumar,South Extension,Entire home/apt,3800,1,27,0.58,314,28.569012,77.225335,Market Area
2201,Cozy Noida Sector 137 Studio,Simran Kumar,Noida Sector 137,Entire home/apt,2100,3,16,0.26,161,28.513367,77.406484,Developed Residential
2202,Cozy Chattarpur Studio,Shreya Agarwal,Chattarpur,Private room,1950,1,40,0.03,136,28.511979,77.165363,Green & Peaceful
2203,City Stay - Karol Bagh,Neha Malhotra,Karol Bagh,Entire home/apt,2800,2,25,0.42,236,28.643875,77.201136,Market Area
2204,Modern Stay near Ghaziabad Vaishali,Sanjay Mishra,Ghaziabad Vaishali,Private room,1250,3,38,0.49,184,28.653862,77.340664,Market Area
2205,Budget Stay around Uttam Nagar,Amit Kumar,Uttam Nagar,Entire home/apt,1650,3,13,0.26,188,28.631709,77.061565,Dense/Chawl-type Area
2206,Premium Stay - Janakpuri,Vikas Malhotra,Janakpuri,Entire home/apt,2850,1,23,0.64,123,28.627211,77.095659,Developed Residential
2207,Bright Apartment in Connaught Place,Priya Jain,Connaught Place,Private room,3400,1,28,0.58,321,28.63782,77.214424,Market Area
2208,Family Home in Gurgaon Sector 47,Varun Mishra,Gurgaon Sector 47,Shared room,1100,1,63,0.39,131,28.421664,77.048108,Developed Residential
2209,Comfortable Home in Faridabad Sector 15,Megha Verma,Faridabad Sector 15,Private room,1200,2,95,0.11,139,28.418618,77.323656,Developed Residential
2210,Private Room near Hauz Khas,Pooja Kapoor,Hauz Khas,Entire home/apt,4000,1,48,0.21,250,28.540297,77.194507,Green & Peaceful
2211,Cozy Vikaspuri Studio,Megha Jain,Vikaspuri,Private room,1750,1,12,1.05,264,28.634799,77.085225,Developed Residential
2212,Premium Stay - Gurgaon Golf Course Road,Rohit Singh,Gurgaon Golf Course Road,Entire home/apt,4000,4,32,0.72,185,28.456473,77.103806,Developed Residential
2213,Private Room near Chattarpur,Karan Chauhan,Chattarpur,Private room,1450,1,24,0.53,159,28.507177,77.177596,Green & Peaceful
2214,Comfortable Home in Saket,Nisha Saini,Saket,Entire home/apt,3400,2,13,0.22,215,28.517587,77.215334,Developed Residential
2215,Bright Apartment in Defence Colony,Amit Chauhan,Defence Colony,Private room,2500,1,7,0.28,318,28.565704,77.231646,Green & Peaceful
2216,City Stay - Paharganj,Sanjay Agarwal,Paharganj,Entire home/apt,2400,7,72,1.09,109,28.650734,77.20481,Dense/Chawl-type Area
2217,City Stay - Hauz Khas,Vikas Kapoor,Hauz Khas,Private room,3350,1,2,0.49,245,28.542313,77.197817,Green & Peaceful
2218,City Stay - Green Park,Rohit Agarwal,Green Park,Entire home/apt,3550,1,8,0.33,220,28.564252,77.203093,Green & Peaceful
2219,Cozy Chattarpur Studio,Nisha Jain,Chattarpur,Private room,1350,2,13,0.8,144,28.511198,77.179662,Green & Peaceful
2220,Peaceful Retreat near Saket,Megha Kumar,Saket,Private room,2100,7,14,0.3,274,28.517523,77.203805,Developed Residential
2221,Budget Stay around Lajpat Nagar,Rahul Chauhan,Lajpat Nagar,Entire home/apt,3250,1,25,0.32,233,28.582236,77.238221,Market Area
2222,Budget Stay around Old Delhi,Rahul Verma,Old Delhi,Hotel room,1750,1,3,0.51,311,28.657674,77.234157,Dense/Chawl-type Area
2223,Family Home in Hauz Khas,Deepak Agarwal,Hauz Khas,Private room,1650,1,19,0.8,201,28.549297,77.191152,Green & Peaceful
2224,Peaceful Retreat near Dwarka,Vikas Malhotra,Dwarka,Entire home/apt,2700,1,18,0.49,259,28.583621,77.056667,Developed Residential
2225,Budget Stay around Lajpat Nagar,Aditya Gupta,Lajpat Nagar,Entire home/apt,3550,1,2,1.82,232,28.5653,77.248976,Market Area
2226,Family Home in Greater Kailash,Karan Jain,Greater Kailash,Entire home/apt,3900,1,47,0.13,104,28.548201,77.233801,Developed Residential
2227,Premium Stay - Dwarka,Riya Mehta,Dwarka,Entire home/apt,2350,2,20,0.17,264,28.587689,77.043807,Developed Residential
2228,Comfortable Home in Chattarpur,Rahul Singh,Chattarpur,Private room,1300,4,12,0.2,134,28.507531,77.176586,Green & Peaceful
2229,Peaceful Retreat near Defence Colony,Aditya Kapoor,Defence Colony,Private room,4000,2,18,0.13,215,28.574457,77.236569,Green & Peaceful
2230,Premium Stay - Chattarpur,Rahul Kumar,Chattarpur,Private room,1400,3,5,0.57,165,28.50057,77.180525,Green & Peaceful
2231,Comfortable Home in Connaught Place,Rahul Malhotra,Connaught Place,Entire home/apt,4000,4,26,0.88,355,28.641706,77.224979,Market Area
2232,Comfortable Home in Karol Bagh,Aditya Jain,Karol Bagh,Private room,1450,2,51,0.25,188,28.654593,77.191585,Market Area
2233,Premium Stay - Defence Colony,Riya Verma,Defence Colony,Entire home/apt,4000,5,29,0.35,185,28.584242,77.231481,Green & Peaceful
2234,Modern Stay near Mehrauli,Megha Saini,Mehrauli,Entire home/apt,2450,1,25,0.13,363,28.526975,77.184534,Dense/Chawl-type Area
2235,Comfortable Home in Uttam Nagar,Ankit Chauhan,Uttam Nagar,Private room,1150,1,21,0.3,168,28.633977,77.072385,Dense/Chawl-type Area
2236,Bright Apartment in Ghaziabad Vaishali,Amit Yadav,Ghaziabad Vaishali,Entire home/apt,1350,1,73,0.16,114,28.641885,77.330887,Market Area
2237,City Stay - Mehrauli,Manish Malhotra,Mehrauli,Hotel room,2150,14,55,0.21,12,28.51666,77.188467,Dense/Chawl-type Area
2238,City Stay - Mahipalpur,Shreya Saini,Mahipalpur,Entire home/apt,1700,1,17,0.32,269,28.549488,77.123927,Dense/Chawl-type Area
2239,Peaceful Retreat near Faridabad Sector 15,Rahul Yadav,Faridabad Sector 15,Entire home/apt,1900,2,13,0.23,40,28.413027,77.31425,Developed Residential
2240,Comfortable Home in Noida Sector 62,Priya Gupta,Noida Sector 62,Entire home/apt,2550,1,4,0.72,45,28.618551,77.357319,Corporate/Developed Area
2241,Family Home in Rajendra Place,Amit Yadav,Rajendra Place,Private room,1600,2,73,0.2,253,28.647682,77.176921,Developed Residential
2242,Family Home in Janakpuri,Simran Kumar,Janakpuri,Hotel room,2100,1,13,0.61,240,28.624707,77.088685,Developed Residential
2243,Peaceful Retreat near Paharganj,Aditya Bansal,Paharganj,Private room,1400,3,59,0.56,95,28.651187,77.212274,Dense/Chawl-type Area
2244,Peaceful Retreat near Greater Kailash,Simran Singh,Greater Kailash,Entire home/apt,3150,1,67,0.37,228,28.549128,77.232087,Developed Residential
2245,Modern Stay near Gurgaon Golf Course Road,Amit Chauhan,Gurgaon Golf Course Road,Private room,2900,1,95,1.05,358,28.456689,77.095238,Developed Residential
2246,Premium Stay - Gurgaon Sector 47,Varun Gupta,Gurgaon Sector 47,Entire home/apt,3500,2,8,0.36,246,28.427003,77.038612,Developed Residential
2247,Bright Apartment in Gurgaon Golf Course Road,Simran Mehta,Gurgaon Golf Course Road,Entire home/apt,3950,1,40,0.22,236,28.457023,77.098213,Developed Residential
2248,Budget Stay around South Extension,Ankit Mishra,South Extension,Entire home/apt,2600,7,29,0.27,131,28.557377,77.219632,Market Area
2249,Comfortable Home in Dwarka,Varun Mehta,Dwarka,Private room,1950,1,65,0.1,223,28.579963,77.047899,Developed Residential
2250,Peaceful Retreat near Gurgaon Sector 47,Ankit Singh,Gurgaon Sector 47,Entire home/apt,3600,2,16,0.28,163,28.427413,77.045357,Developed Residential
2251,Cozy Vikaspuri Studio,Rohit Malhotra,Vikaspuri,Private room,1400,3,37,1.12,23,28.644337,77.069538,Developed Residential
2252,Peaceful Retreat near Vikaspuri,Arjun Malhotra,Vikaspuri,Entire home/apt,3600,1,14,0.71,365,28.630021,77.06838,Developed Residential
2253,Peaceful Retreat near Gurgaon Golf Course Road,Pooja Yadav,Gurgaon Golf Course Road,Private room,2600,2,46,0.27,56,28.467734,77.093382,Developed Residential
2254,Private Room near Uttam Nagar,Neha Gupta,Uttam Nagar,Private room,1600,2,61,0.28,200,28.631704,77.069512,Dense/Chawl-type Area
2255,Bright Apartment in Noida Sector 18,Simran Mehta,Noida Sector 18,Private room,2100,1,25,0.22,279,28.566138,77.32326,Market Area
2256,Peaceful Retreat near Dwarka,Shreya Jain,Dwarka,Private room,1750,1,26,0.59,177,28.599144,77.046901,Developed Residential
2257,Cozy Old Delhi Studio,Manish Malhotra,Old Delhi,Private room,1550,1,86,0.89,83,28.668141,77.226889,Dense/Chawl-type Area
2258,Budget Stay around Saket,Simran Saini,Saket,Private room,2200,3,72,0.3,334,28.520144,77.213671,Developed Residential
2259,Family Home in Dwarka,Riya Malhotra,Dwarka,Private room,1650,1,77,1.88,260,28.589058,77.047771,Developed Residential
2260,Premium Stay - Noida Sector 75,Aditya Bansal,Noida Sector 75,Entire home/apt,2100,4,32,1.22,129,28.568912,77.393167,Developed Residential
2261,Cozy Mehrauli Studio,Deepak Agarwal,Mehrauli,Hotel room,1900,2,19,0.44,5,28.529576,77.196348,Dense/Chawl-type Area
2262,Private Room near Mahipalpur,Deepak Verma,Mahipalpur,Entire home/apt,1750,2,25,1.21,168,28.547043,77.133429,Dense/Chawl-type Area
2263,Cozy Greater Kailash Studio,Shreya Mishra,Greater Kailash,Private room,1850,14,38,0.09,273,28.553683,77.234733,Developed Residential
2264,Premium Stay - Gurgaon Golf Course Road,Vikas Kapoor,Gurgaon Golf Course Road,Entire home/apt,4000,2,43,0.23,41,28.456079,77.099289,Developed Residential
2265,Cozy Old Delhi Studio,Nisha Saini,Old Delhi,Private room,1550,1,78,0.22,169,28.653411,77.223999,Dense/Chawl-type Area
2266,Premium Stay - Mahipalpur,Megha Malhotra,Mahipalpur,Private room,1150,1,2,0.9,201,28.549066,77.130349,Dense/Chawl-type Area
2267,City Stay - Paharganj,Rohit Singh,Paharganj,Entire home/apt,1950,1,48,0.68,87,28.624151,77.205991,Dense/Chawl-type Area
2268,City Stay - Rajendra Place,Shreya Malhotra,Rajendra Place,Private room,1850,3,28,0.26,126,28.638438,77.178447,Developed Residential
2269,Comfortable Home in Noida Sector 137,Karan Mehta,Noida Sector 137,Entire home/apt,2100,1,24,0.1,258,28.517789,77.409492,Developed Residential
2270,Family Home in Noida Sector 62,Manish Kumar,Noida Sector 62,Private room,1200,1,32,0.53,291,28.635244,77.358855,Corporate/Developed Area
2271,Premium Stay - Uttam Nagar,Rohit Saini,Uttam Nagar,Private room,900,1,52,0.42,147,28.631311,77.061371,Dense/Chawl-type Area
2272,Private Room near Gurgaon Sector 47,Rahul Mehta,Gurgaon Sector 47,Shared room,1800,5,42,0.58,72,28.434887,77.031066,Developed Residential
2273,Premium Stay - Noida Sector 137,Neha Saini,Noida Sector 137,Entire home/apt,2000,2,85,0.13,187,28.512379,77.401172,Developed Residential
2274,Family Home in Lajpat Nagar,Priya Gupta,Lajpat Nagar,Private room,2300,2,34,1.18,94,28.570934,77.246398,Market Area
2275,Budget Stay around Old Delhi,Megha Gupta,Old Delhi,Shared room,900,1,55,0.13,102,28.646215,77.238157,Dense/Chawl-type Area
2276,Private Room near Uttam Nagar,Manish Chauhan,Uttam Nagar,Entire home/apt,1400,1,7,0.19,253,28.61244,77.061877,Dense/Chawl-type Area
2277,Private Room near Ghaziabad Indirapuram,Amit Gupta,Ghaziabad Indirapuram,Private room,1750,14,40,0.89,271,28.650269,77.382687,Developed Residential
2278,Peaceful Retreat near Karol Bagh,Aditya Jain,Karol Bagh,Private room,1650,1,52,0.59,259,28.649416,77.189074,Market Area
2279,City Stay - Gurgaon Sector 47,Shreya Verma,Gurgaon Sector 47,Private room,1850,1,48,1.62,266,28.422596,77.044045,Developed Residential
2280,Comfortable Home in Paharganj,Riya Saini,Paharganj,Entire home/apt,2150,2,41,0.47,5,28.641973,77.212466,Dense/Chawl-type Area
2281,Modern Stay near Noida Sector 62,Priya Verma,Noida Sector 62,Entire home/apt,2550,2,13,0.17,365,28.620654,77.373304,Corporate/Developed Area
2282,Bright Apartment in Gurgaon Sector 47,Shreya Agarwal,Gurgaon Sector 47,Private room,2400,2,49,0.37,365,28.420683,77.039607,Developed Residential
2283,Budget Stay around Karol Bagh,Neha Kapoor,Karol Bagh,Private room,2550,1,24,0.25,365,28.646962,77.179775,Market Area
2284,Comfortable Home in Defence Colony,Deepak Bansal,Defence Colony,Shared room,1950,2,23,1.58,130,28.570087,77.232574,Green & Peaceful
2285,Budget Stay around Gurgaon Cyber City,Nisha Kapoor,Gurgaon Cyber City,Private room,2750,5,58,0.52,196,28.498912,77.096772,Corporate/Developed Area
2286,Comfortable Home in Noida Sector 18,Rohit Yadav,Noida Sector 18,Entire home/apt,4000,5,91,0.34,199,28.573722,77.326555,Market Area
2287,Comfortable Home in Defence Colony,Riya Bansal,Defence Colony,Entire home/apt,4000,1,77,0.15,153,28.572023,77.242984,Green & Peaceful
2288,Comfortable Home in Uttam Nagar,Ankit Mishra,Uttam Nagar,Entire home/apt,2300,1,15,0.09,220,28.619373,77.071754,Dense/Chawl-type Area
2289,Cozy Vasant Kunj Studio,Ankit Yadav,Vasant Kunj,Private room,1900,4,64,0.18,26,28.523547,77.149198,Developed Residential
2290,City Stay - Uttam Nagar,Manish Kumar,Uttam Nagar,Private room,1250,1,134,1.28,221,28.626393,77.06463,Dense/Chawl-type Area
2291,Comfortable Home in Defence Colony,Shreya Kumar,Defence Colony,Entire home/apt,3600,2,17,0.26,122,28.574109,77.233,Green & Peaceful
2292,Comfortable Home in Lajpat Nagar,Priya Jain,Lajpat Nagar,Private room,1850,1,84,0.29,85,28.570884,77.242204,Market Area
2293,Family Home in Janakpuri,Pooja Sharma,Janakpuri,Private room,1750,2,75,0.07,322,28.631852,77.085461,Developed Residential
2294,Private Room near Ghaziabad Vaishali,Arjun Sharma,Ghaziabad Vaishali,Entire home/apt,2800,1,36,0.67,176,28.646503,77.32694,Market Area
2295,Private Room near Noida Sector 62,Varun Mishra,Noida Sector 62,Hotel room,2650,1,29,0.44,267,28.636032,77.364517,Corporate/Developed Area
2296,Cozy Noida Sector 62 Studio,Megha Yadav,Noida Sector 62,Private room,2050,2,37,0.29,348,28.634433,77.355914,Corporate/Developed Area
2297,Private Room near Lajpat Nagar,Simran Jain,Lajpat Nagar,Entire home/apt,2550,1,61,0.71,189,28.563698,77.239354,Market Area
2298,Family Home in Greater Kailash,Vikas Singh,Greater Kailash,Shared room,1700,2,36,0.28,83,28.551134,77.242984,Developed Residential
2299,Budget Stay around Noida Sector 62,Varun Mehta,Noida Sector 62,Private room,2450,4,42,0.83,5,28.615792,77.364721,Corporate/Developed Area
2300,Family Home in Ghaziabad Indirapuram,Shreya Verma,Ghaziabad Indirapuram,Entire home/apt,2400,5,30,0.07,266,28.64112,77.370828,Developed Residential
2301,Peaceful Retreat near Connaught Place,Simran Sharma,Connaught Place,Private room,2650,2,21,0.11,88,28.633986,77.210055,Market Area
2302,Family Home in Green Park,Megha Kumar,Green Park,Entire home/apt,3750,2,74,1.19,121,28.545289,77.202447,Green & Peaceful
2303,Peaceful Retreat near Saket,Megha Mishra,Saket,Private room,2700,1,68,0.15,156,28.51788,77.207297,Developed Residential
2304,Comfortable Home in Chattarpur,Rohit Gupta,Chattarpur,Private room,1500,1,29,0.23,196,28.50471,77.170037,Green & Peaceful
2305,Bright Apartment in Mehrauli,Rohit Agarwal,Mehrauli,Entire home/apt,2600,2,4,0.15,225,28.522804,77.18519,Dense/Chawl-type Area
2306,Cozy Vikaspuri Studio,Rohit Gupta,Vikaspuri,Hotel room,1850,2,33,0.12,205,28.629505,77.072734,Developed Residential
2307,Family Home in Vikaspuri,Aditya Mishra,Vikaspuri,Entire home/apt,2000,5,6,0.91,277,28.636584,77.074305,Developed Residential
2308,Modern Stay near Noida Sector 75,Karan Chauhan,Noida Sector 75,Entire home/apt,2050,1,30,0.04,183,28.567804,77.382855,Developed Residential
2309,Budget Stay around Gurgaon Sector 47,Rohit Verma,Gurgaon Sector 47,Entire home/apt,3700,2,77,1.31,244,28.421377,77.041044,Developed Residential
2310,City Stay - Uttam Nagar,Ankit Gupta,Uttam Nagar,Private room,1250,1,45,0.17,365,28.618409,77.066693,Dense/Chawl-type Area
2311,Family Home in Paharganj,Simran Agarwal,Paharganj,Entire home/apt,2150,1,1,0.74,82,28.645064,77.203755,Dense/Chawl-type Area
2312,Premium Stay - Uttam Nagar,Aditya Yadav,Uttam Nagar,Private room,1350,1,8,0.3,207,28.631331,77.069363,Dense/Chawl-type Area
2313,Family Home in Defence Colony,Ankit Mehta,Defence Colony,Hotel room,2950,1,78,0.46,303,28.565125,77.22159,Green & Peaceful
2314,Cozy Chattarpur Studio,Sanjay Jain,Chattarpur,Private room,1500,1,20,0.19,320,28.507527,77.171099,Green & Peaceful
2315,City Stay - Vikaspuri,Neha Yadav,Vikaspuri,Private room,1700,1,58,0.72,215,28.639027,77.067048,Developed Residential
2316,Budget Stay around Gurgaon Golf Course Road,Riya Chauhan,Gurgaon Golf Course Road,Entire home/apt,4000,7,35,0.18,189,28.457844,77.102754,Developed Residential
2317,Budget Stay around Uttam Nagar,Neha Yadav,Uttam Nagar,Entire home/apt,1300,1,14,1.09,297,28.624473,77.069054,Dense/Chawl-type Area
2318,City Stay - Old Delhi,Megha Verma,Old Delhi,Entire home/apt,2000,7,107,0.14,96,28.655589,77.226474,Dense/Chawl-type Area
2319,Modern Stay near Karol Bagh,Varun Gupta,Karol Bagh,Entire home/apt,2700,1,85,0.32,41,28.647896,77.189467,Market Area
2320,Premium Stay - Gurgaon Golf Course Road,Arjun Chauhan,Gurgaon Golf Course Road,Private room,2300,3,50,1.07,84,28.460948,77.090651,Developed Residential
2321,Peaceful Retreat near Dwarka,Manish Kapoor,Dwarka,Private room,1700,1,18,0.2,235,28.586146,77.036752,Developed Residential
2322,Cozy Karol Bagh Studio,Pooja Bansal,Karol Bagh,Entire home/apt,3100,1,55,0.42,179,28.645663,77.185404,Market Area
2323,Premium Stay - Mahipalpur,Priya Bansal,Mahipalpur,Private room,1100,2,86,0.11,193,28.543229,77.126421,Dense/Chawl-type Area
2324,Family Home in Uttam Nagar,Neha Mehta,Uttam Nagar,Private room,1050,3,13,0.83,227,28.615241,77.062831,Dense/Chawl-type Area
2325,Family Home in Green Park,Karan Malhotra,Green Park,Private room,2450,4,8,1.64,37,28.564178,77.203863,Green & Peaceful
2326,Premium Stay - Chattarpur,Riya Kumar,Chattarpur,Entire home/apt,2300,2,45,0.28,195,28.516075,77.172601,Green & Peaceful
2327,Bright Apartment in Noida Sector 62,Aditya Bansal,Noida Sector 62,Hotel room,1650,2,92,0.63,233,28.633482,77.375818,Corporate/Developed Area
2328,Family Home in Noida Sector 75,Rahul Bansal,Noida Sector 75,Private room,1800,1,43,0.43,257,28.574215,77.381013,Developed Residential
2329,Private Room near Uttam Nagar,Varun Kapoor,Uttam Nagar,Entire home/apt,1400,3,15,0.98,123,28.61361,77.063317,Dense/Chawl-type Area
2330,Comfortable Home in Chattarpur,Varun Yadav,Chattarpur,Entire home/apt,3200,1,10,0.49,112,28.507532,77.174774,Green & Peaceful
2331,City Stay - Noida Sector 62,Simran Singh,Noida Sector 62,Private room,1850,3,10,0.86,69,28.618779,77.376684,Corporate/Developed Area
2332,Modern Stay near Old Delhi,Pooja Sharma,Old Delhi,Private room,1450,7,17,0.49,339,28.645991,77.229718,Dense/Chawl-type Area
2333,Modern Stay near Mehrauli,Amit Mehta,Mehrauli,Entire home/apt,2750,7,64,0.3,149,28.527041,77.180628,Dense/Chawl-type Area
2334,Family Home in Connaught Place,Pooja Yadav,Connaught Place,Entire home/apt,4000,4,25,0.97,218,28.641453,77.230517,Market Area
2335,Cozy Gurgaon Cyber City Studio,Manish Malhotra,Gurgaon Cyber City,Entire home/apt,4000,1,42,0.06,314,28.49307,77.08976,Corporate/Developed Area
2336,Premium Stay - Janakpuri,Riya Chauhan,Janakpuri,Entire home/apt,2150,1,17,0.86,319,28.625887,77.090968,Developed Residential
2337,Peaceful Retreat near Ghaziabad Vaishali,Pooja Sharma,Ghaziabad Vaishali,Entire home/apt,3350,1,59,0.08,310,28.647313,77.334088,Market Area
2338,Modern Stay near Green Park,Karan Kumar,Green Park,Entire home/apt,3100,2,28,0.68,205,28.555739,77.202056,Green & Peaceful
2339,Premium Stay - Uttam Nagar,Karan Kumar,Uttam Nagar,Entire home/apt,2050,3,45,0.62,253,28.62414,77.063682,Dense/Chawl-type Area
2340,Cozy Gurgaon DLF Phase 2 Studio,Megha Chauhan,Gurgaon DLF Phase 2,Shared room,1850,1,20,0.79,321,28.480152,77.089659,Market Area
2341,Bright Apartment in Aerocity,Priya Agarwal,Aerocity,Private room,2900,2,15,0.49,365,28.555223,77.085423,Developed Residential
2342,Family Home in Mahipalpur,Riya Malhotra,Mahipalpur,Private room,1450,1,73,0.55,90,28.560124,77.120963,Dense/Chawl-type Area
2343,Comfortable Home in Noida Sector 62,Simran Sharma,Noida Sector 62,Private room,2250,5,35,0.24,244,28.630858,77.365749,Corporate/Developed Area
2344,Bright Apartment in Noida Sector 75,Pooja Chauhan,Noida Sector 75,Entire home/apt,2550,2,11,0.51,105,28.569386,77.390687,Developed Residential
2345,Private Room near Gurgaon DLF Phase 2,Varun Jain,Gurgaon DLF Phase 2,Entire home/apt,4000,14,18,0.18,169,28.475453,77.097673,Market Area
2346,Comfortable Home in Rajendra Place,Rohit Agarwal,Rajendra Place,Private room,2500,3,30,0.95,237,28.635083,77.175648,Developed Residential
2347,Private Room near Noida Sector 18,Varun Gupta,Noida Sector 18,Entire home/apt,3150,3,56,0.41,270,28.575318,77.328261,Market Area
2348,Bright Apartment in Mahipalpur,Megha Jain,Mahipalpur,Private room,1550,1,60,0.37,141,28.551572,77.1297,Dense/Chawl-type Area
2349,Budget Stay around Connaught Place,Shreya Yadav,Connaught Place,Private room,2250,2,36,0.45,103,28.637654,77.207577,Market Area
2350,Premium Stay - Noida Sector 62,Rohit Mishra,Noida Sector 62,Private room,2000,1,30,0.89,199,28.626161,77.366079,Corporate/Developed Area
2351,Bright Apartment in Mahipalpur,Karan Bansal,Mahipalpur,Private room,1300,1,102,0.85,163,28.546778,77.121501,Dense/Chawl-type Area
2352,Cozy South Extension Studio,Megha Kapoor,South Extension,Private room,2200,2,79,0.08,68,28.5708,77.224328,Market Area
2353,Bright Apartment in Chattarpur,Pooja Bansal,Chattarpur,Entire home/apt,2100,3,38,0.61,188,28.496191,77.166521,Green & Peaceful
2354,Comfortable Home in Vasant Kunj,Sanjay Verma,Vasant Kunj,Entire home/apt,3900,3,22,0.68,5,28.523189,77.154696,Developed Residential
2355,Cozy Old Delhi Studio,Arjun Mishra,Old Delhi,Entire home/apt,1850,1,22,0.34,166,28.655012,77.229047,Dense/Chawl-type Area
2356,Premium Stay - Greater Kailash,Riya Malhotra,Greater Kailash,Private room,2050,1,11,0.09,269,28.544681,77.24041,Developed Residential
2357,Family Home in Karol Bagh,Ankit Bansal,Karol Bagh,Private room,1750,3,33,0.52,201,28.646235,77.187508,Market Area
2358,Family Home in Old Delhi,Nisha Gupta,Old Delhi,Private room,1350,2,25,0.36,219,28.651324,77.226282,Dense/Chawl-type Area
2359,City Stay - Vikaspuri,Priya Mishra,Vikaspuri,Shared room,1200,3,65,0.33,320,28.630489,77.065566,Developed Residential
2360,Cozy Vasant Kunj Studio,Riya Saini,Vasant Kunj,Entire home/apt,3750,2,12,1.05,139,28.514575,77.161144,Developed Residential
2361,Modern Stay near Dwarka,Arjun Malhotra,Dwarka,Entire home/apt,2800,3,37,0.6,185,28.591218,77.049618,Developed Residential
2362,Peaceful Retreat near Ghaziabad Vaishali,Varun Jain,Ghaziabad Vaishali,Shared room,1050,5,27,1.02,172,28.650795,77.340909,Market Area
2363,City Stay - Noida Sector 137,Sanjay Mehta,Noida Sector 137,Entire home/apt,2300,1,56,0.99,154,28.513802,77.405286,Developed Residential
2364,City Stay - Uttam Nagar,Pooja Kapoor,Uttam Nagar,Entire home/apt,2300,1,67,0.31,70,28.616594,77.055559,Dense/Chawl-type Area
2365,Bright Apartment in Saket,Ankit Verma,Saket,Private room,2550,1,8,0.62,266,28.534015,77.21465,Developed Residential
2366,Peaceful Retreat near Greater Kailash,Rohit Yadav,Greater Kailash,Private room,2550,3,4,0.31,147,28.540069,77.234356,Developed Residential
2367,Premium Stay - Uttam Nagar,Neha Mehta,Uttam Nagar,Entire home/apt,2150,4,55,0.14,307,28.619058,77.073606,Dense/Chawl-type Area
2368,Private Room near Noida Sector 18,Amit Yadav,Noida Sector 18,Entire home/apt,3200,1,16,0.04,40,28.56994,77.335418,Market Area
2369,Peaceful Retreat near South Extension,Deepak Gupta,South Extension,Private room,2100,2,20,0.47,231,28.569321,77.219453,Market Area
2370,Private Room near Saket,Riya Jain,Saket,Entire home/apt,3550,1,20,0.13,86,28.527301,77.202934,Developed Residential
2371,Bright Apartment in Janakpuri,Deepak Kumar,Janakpuri,Shared room,1050,1,34,1.15,238,28.622952,77.085428,Developed Residential
2372,Modern Stay near Green Park,Rahul Yadav,Green Park,Private room,2700,7,7,0.32,111,28.547615,77.203817,Green & Peaceful
2373,Comfortable Home in Janakpuri,Deepak Agarwal,Janakpuri,Entire home/apt,1850,3,12,0.32,351,28.624067,77.084509,Developed Residential
2374,Cozy Vikaspuri Studio,Pooja Saini,Vikaspuri,Shared room,1000,2,16,0.68,226,28.640158,77.075092,Developed Residential
2375,Premium Stay - Mehrauli,Shreya Malhotra,Mehrauli,Entire home/apt,2150,1,57,0.11,198,28.527951,77.17951,Dense/Chawl-type Area
2376,City Stay - Greater Kailash,Priya Sharma,Greater Kailash,Private room,2500,1,22,0.28,106,28.547762,77.238726,Developed Residential
2377,Family Home in Noida Sector 75,Rohit Agarwal,Noida Sector 75,Private room,1400,4,69,0.38,240,28.570751,77.387465,Developed Residential
2378,Private Room near Noida Sector 137,Neha Chauhan,Noida Sector 137,Shared room,1100,7,31,1.38,147,28.513073,77.405552,Developed Residential
2379,Premium Stay - Dwarka,Rohit Verma,Dwarka,Entire home/apt,2300,4,14,0.68,260,28.587627,77.041641,Developed Residential
2380,Family Home in Rajendra Place,Karan Sharma,Rajendra Place,Entire home/apt,3100,1,33,0.56,236,28.628673,77.177614,Developed Residential
2381,Peaceful Retreat near Karol Bagh,Karan Agarwal,Karol Bagh,Entire home/apt,2800,2,8,0.1,361,28.658782,77.186777,Market Area
2382,Peaceful Retreat near Vikaspuri,Riya Singh,Vikaspuri,Entire home/apt,2450,5,10,0.47,334,28.639331,77.07193,Developed Residential
2383,Premium Stay - Noida Sector 137,Karan Kumar,Noida Sector 137,Entire home/apt,2400,4,58,0.89,245,28.520079,77.408026,Developed Residential
2384,Private Room near Chattarpur,Riya Yadav,Chattarpur,Entire home/apt,3150,1,169,0.34,160,28.50885,77.184488,Green & Peaceful
2385,Comfortable Home in Gurgaon Sector 47,Priya Kumar,Gurgaon Sector 47,Entire home/apt,2600,4,27,0.57,365,28.447198,77.04733,Developed Residential
2386,Modern Stay near Green Park,Ankit Kumar,Green Park,Private room,2750,7,23,0.21,160,28.553879,77.205833,Green & Peaceful
2387,Premium Stay - Mahipalpur,Amit Bansal,Mahipalpur,Private room,1400,2,67,0.71,200,28.560749,77.124876,Dense/Chawl-type Area
2388,Peaceful Retreat near Karol Bagh,Deepak Verma,Karol Bagh,Entire home/apt,2200,1,15,0.07,208,28.653151,77.190365,Market Area
2389,Premium Stay - Connaught Place,Megha Chauhan,Connaught Place,Private room,2750,1,28,0.26,29,28.626588,77.210234,Market Area
2390,Comfortable Home in Noida Sector 62,Riya Kumar,Noida Sector 62,Private room,1600,1,71,0.42,225,28.619716,77.351344,Corporate/Developed Area
2391,Peaceful Retreat near Noida Sector 62,Karan Bansal,Noida Sector 62,Entire home/apt,2400,3,11,0.1,144,28.624606,77.365513,Corporate/Developed Area
2392,City Stay - Dwarka,Ankit Verma,Dwarka,Entire home/apt,2550,5,3,0.51,252,28.594746,77.044472,Developed Residential
2393,Bright Apartment in Uttam Nagar,Simran Jain,Uttam Nagar,Hotel room,1350,1,15,0.31,52,28.620869,77.063594,Dense/Chawl-type Area
2394,Cozy Gurgaon Cyber City Studio,Megha Mehta,Gurgaon Cyber City,Entire home/apt,3500,5,132,0.44,282,28.497013,77.075848,Corporate/Developed Area
2395,Private Room near Dwarka,Rahul Sharma,Dwarka,Private room,1900,3,10,0.54,204,28.596226,77.040433,Developed Residential
2396,Budget Stay around Lajpat Nagar,Rohit Verma,Lajpat Nagar,Entire home/apt,2750,1,11,0.79,275,28.566074,77.250271,Market Area
2397,Budget Stay around Noida Sector 75,Rohit Verma,Noida Sector 75,Private room,2100,1,26,0.15,186,28.56223,77.384735,Developed Residential
2398,Family Home in Noida Sector 62,Nisha Gupta,Noida Sector 62,Entire home/apt,2800,5,49,0.9,348,28.628868,77.371888,Corporate/Developed Area
2399,Private Room near Uttam Nagar,Aditya Agarwal,Uttam Nagar,Shared room,700,1,48,0.23,137,28.613898,77.068676,Dense/Chawl-type Area
2400,City Stay - South Extension,Simran Chauhan,South Extension,Private room,2600,3,13,0.7,236,28.570113,77.214549,Market Area
2401,Peaceful Retreat near Noida Sector 62,Riya Mishra,Noida Sector 62,Private room,1650,1,36,0.74,140,28.632011,77.35619,Corporate/Developed Area
2402,Private Room near Gurgaon Sector 47,Megha Verma,Gurgaon Sector 47,Entire home/apt,3000,14,17,0.22,189,28.435127,77.046968,Developed Residential
2403,Modern Stay near Chattarpur,Aditya Gupta,Chattarpur,Hotel room,1850,1,20,0.47,220,28.504567,77.173622,Green & Peaceful
2404,Private Room near Old Delhi,Shreya Verma,Old Delhi,Private room,1100,1,56,0.47,283,28.65132,77.229661,Dense/Chawl-type Area
2405,Private Room near Old Delhi,Karan Agarwal,Old Delhi,Private room,1250,1,47,0.42,208,28.655558,77.239695,Dense/Chawl-type Area
2406,Peaceful Retreat near Janakpuri,Varun Singh,Janakpuri,Private room,1450,2,94,1.07,130,28.612829,77.081127,Developed Residential
2407,Family Home in Ghaziabad Vaishali,Rahul Mishra,Ghaziabad Vaishali,Private room,1350,1,44,1.21,348,28.640384,77.337375,Market Area
2408,Bright Apartment in Green Park,Arjun Jain,Green Park,Private room,2600,7,2,1.54,173,28.546199,77.205535,Green & Peaceful
2409,Bright Apartment in Mehrauli,Nisha Gupta,Mehrauli,Entire home/apt,2050,3,43,0.44,37,28.536915,77.180871,Dense/Chawl-type Area
2410,Private Room near South Extension,Riya Mehta,South Extension,Hotel room,3850,1,41,0.1,140,28.569873,77.219593,Market Area
2411,Private Room near Dwarka,Amit Verma,Dwarka,Private room,1700,3,26,0.34,95,28.591296,77.040403,Developed Residential
2412,Private Room near Noida Sector 18,Priya Chauhan,Noida Sector 18,Entire home/apt,3350,1,30,0.84,280,28.569812,77.326508,Market Area
2413,Comfortable Home in Dwarka,Shreya Mishra,Dwarka,Private room,1900,1,61,0.42,278,28.598285,77.04936,Developed Residential
2414,Bright Apartment in Gurgaon DLF Phase 2,Karan Yadav,Gurgaon DLF Phase 2,Entire home/apt,3600,3,14,0.38,202,28.476114,77.092485,Market Area
2415,Comfortable Home in Uttam Nagar,Simran Bansal,Uttam Nagar,Private room,1050,2,12,0.37,265,28.620691,77.056043,Dense/Chawl-type Area
2416,Budget Stay around Hauz Khas,Deepak Verma,Hauz Khas,Entire home/apt,4000,2,34,0.1,281,28.547178,77.210934,Green & Peaceful
2417,Premium Stay - Uttam Nagar,Priya Chauhan,Uttam Nagar,Entire home/apt,1550,2,63,0.48,182,28.621143,77.071038,Dense/Chawl-type Area
2418,City Stay - Uttam Nagar,Neha Yadav,Uttam Nagar,Entire home/apt,2150,1,14,0.38,23,28.632193,77.058852,Dense/Chawl-type Area
2419,Budget Stay around South Extension,Megha Mehta,South Extension,Entire home/apt,3200,1,16,0.59,261,28.570161,77.218287,Market Area
2420,Peaceful Retreat near Aerocity,Aditya Malhotra,Aerocity,Entire home/apt,4000,1,22,0.46,219,28.554908,77.067997,Developed Residential
2421,Premium Stay - Paharganj,Simran Singh,Paharganj,Private room,1550,1,29,0.66,222,28.648163,77.206524,Dense/Chawl-type Area
2422,Budget Stay around Lajpat Nagar,Ankit Mehta,Lajpat Nagar,Private room,1450,3,37,0.4,297,28.570124,77.254421,Market Area
2423,Peaceful Retreat near Karol Bagh,Neha Chauhan,Karol Bagh,Hotel room,3050,1,9,0.67,147,28.642844,77.18206,Market Area
2424,Budget Stay around Karol Bagh,Aditya Malhotra,Karol Bagh,Private room,1750,4,57,0.12,62,28.65299,77.19187,Market Area
2425,Bright Apartment in Old Delhi,Aditya Yadav,Old Delhi,Private room,1150,2,13,0.99,256,28.65312,77.222725,Dense/Chawl-type Area
2426,Peaceful Retreat near Uttam Nagar,Megha Saini,Uttam Nagar,Hotel room,1500,1,21,0.03,217,28.625207,77.064896,Dense/Chawl-type Area
2427,Modern Stay near Greater Kailash,Ankit Agarwal,Greater Kailash,Hotel room,3800,1,7,0.25,253,28.543217,77.22929,Developed Residential
2428,Private Room near Rajendra Place,Aditya Mishra,Rajendra Place,Private room,1500,1,52,0.58,139,28.6454,77.178698,Developed Residential
2429,Family Home in Vasant Kunj,Priya Bansal,Vasant Kunj,Entire home/apt,3200,14,49,0.34,126,28.524524,77.161114,Developed Residential
2430,Premium Stay - Lajpat Nagar,Shreya Chauhan,Lajpat Nagar,Private room,2000,2,59,0.92,276,28.5674,77.250487,Market Area
2431,Private Room near Hauz Khas,Priya Mishra,Hauz Khas,Private room,1950,2,48,0.55,297,28.555106,77.193638,Green & Peaceful
2432,Budget Stay around South Extension,Ankit Kumar,South Extension,Private room,2750,1,29,1.81,206,28.57259,77.223418,Market Area
2433,Modern Stay near Uttam Nagar,Neha Bansal,Uttam Nagar,Hotel room,1500,1,21,0.89,145,28.614614,77.061992,Dense/Chawl-type Area
2434,Budget Stay around Gurgaon Sector 47,Simran Yadav,Gurgaon Sector 47,Entire home/apt,3750,5,49,0.07,172,28.413267,77.056147,Developed Residential
2435,Cozy South Extension Studio,Riya Mehta,South Extension,Private room,1650,2,20,0.24,94,28.575443,77.214496,Market Area
2436,Comfortable Home in Janakpuri,Neha Singh,Janakpuri,Entire home/apt,2300,2,48,1.31,243,28.620422,77.08755,Developed Residential
2437,Cozy Ghaziabad Vaishali Studio,Aditya Jain,Ghaziabad Vaishali,Private room,1900,1,34,0.18,55,28.65824,77.346388,Market Area
2438,Comfortable Home in Karol Bagh,Rahul Agarwal,Karol Bagh,Private room,1850,2,40,0.58,227,28.652886,77.198889,Market Area
2439,City Stay - Noida Sector 137,Shreya Kapoor,Noida Sector 137,Shared room,700,3,53,0.19,245,28.508476,77.413019,Developed Residential
2440,Family Home in Janakpuri,Nisha Bansal,Janakpuri,Entire home/apt,2650,3,12,0.53,365,28.626481,77.095148,Developed Residential
2441,Peaceful Retreat near Faridabad Sector 15,Shreya Singh,Faridabad Sector 15,Entire home/apt,2250,1,52,0.37,5,28.407115,77.321132,Developed Residential
2442,Family Home in Aerocity,Riya Kumar,Aerocity,Private room,3300,4,8,0.41,210,28.539719,77.084061,Developed Residential
2443,Budget Stay around Janakpuri,Karan Jain,Janakpuri,Entire home/apt,1750,1,27,0.9,253,28.628125,77.094588,Developed Residential
2444,Family Home in Green Park,Sanjay Verma,Green Park,Entire home/apt,3400,1,53,0.7,142,28.552467,77.204971,Green & Peaceful
2445,Premium Stay - Mahipalpur,Amit Bansal,Mahipalpur,Private room,1600,1,18,0.34,187,28.54332,77.118431,Dense/Chawl-type Area
2446,Comfortable Home in Noida Sector 137,Nisha Mishra,Noida Sector 137,Entire home/apt,2600,1,53,0.37,264,28.516506,77.414,Developed Residential
2447,Bright Apartment in Noida Sector 18,Karan Sharma,Noida Sector 18,Entire home/apt,2450,5,53,1.01,63,28.562473,77.324235,Market Area
2448,Cozy Noida Sector 75 Studio,Megha Sharma,Noida Sector 75,Entire home/apt,3000,5,7,0.63,256,28.571435,77.387428,Developed Residential
2449,Bright Apartment in Karol Bagh,Megha Mishra,Karol Bagh,Private room,1250,2,4,0.68,319,28.644877,77.194151,Market Area
2450,City Stay - Gurgaon Sector 47,Priya Mishra,Gurgaon Sector 47,Entire home/apt,3600,2,16,0.63,190,28.434894,77.036988,Developed Residential
2451,Budget Stay around Vasant Kunj,Amit Singh,Vasant Kunj,Private room,2350,1,29,1.18,43,28.51776,77.156046,Developed Residential
2452,Bright Apartment in Janakpuri,Aditya Malhotra,Janakpuri,Private room,1600,7,7,0.84,201,28.622758,77.081213,Developed Residential
2453,Budget Stay around Lajpat Nagar,Nisha Malhotra,Lajpat Nagar,Private room,1850,1,41,0.87,141,28.576265,77.234228,Market Area
2454,Peaceful Retreat near Greater Kailash,Manish Kapoor,Greater Kailash,Entire home/apt,4000,5,86,1.9,56,28.551871,77.235789,Developed Residential
2455,Comfortable Home in Vikaspuri,Ankit Mehta,Vikaspuri,Private room,1450,1,29,0.46,318,28.647548,77.069356,Developed Residential
2456,Budget Stay around Chattarpur,Pooja Kapoor,Chattarpur,Shared room,1150,1,20,1.17,145,28.50769,77.180316,Green & Peaceful
2457,Budget Stay around Lajpat Nagar,Sanjay Mishra,Lajpat Nagar,Private room,2000,1,15,0.34,37,28.566888,77.241036,Market Area
2458,Comfortable Home in Green Park,Rahul Kumar,Green Park,Entire home/apt,3700,2,6,0.58,279,28.556338,77.204723,Green & Peaceful
2459,Modern Stay near Paharganj,Rahul Sharma,Paharganj,Private room,1400,3,12,1.25,62,28.62383,77.217616,Dense/Chawl-type Area
2460,Private Room near South Extension,Amit Gupta,South Extension,Private room,2850,1,86,0.26,211,28.570419,77.217632,Market Area
2461,Modern Stay near Hauz Khas,Manish Gupta,Hauz Khas,Private room,2100,4,77,0.68,263,28.547087,77.192289,Green & Peaceful
2462,Budget Stay around Faridabad Sector 15,Rahul Agarwal,Faridabad Sector 15,Hotel room,1950,2,21,0.75,138,28.429935,77.321713,Developed Residential
2463,Family Home in Saket,Shreya Jain,Saket,Entire home/apt,3000,1,4,0.19,173,28.517516,77.205618,Developed Residential
2464,Comfortable Home in Mahipalpur,Manish Bansal,Mahipalpur,Entire home/apt,2150,1,45,0.37,106,28.55058,77.127943,Dense/Chawl-type Area
2465,Budget Stay around Green Park,Shreya Kapoor,Green Park,Entire home/apt,4000,1,38,0.21,251,28.553466,77.201077,Green & Peaceful
2466,Private Room near Defence Colony,Megha Mishra,Defence Colony,Entire home/apt,4000,1,47,0.17,162,28.566212,77.238581,Green & Peaceful
2467,Peaceful Retreat near Mahipalpur,Nisha Chauhan,Mahipalpur,Private room,1550,7,44,0.04,251,28.551801,77.126392,Dense/Chawl-type Area
2468,Family Home in Faridabad Sector 15,Ankit Malhotra,Faridabad Sector 15,Entire home/apt,1700,2,56,0.2,268,28.400488,77.315456,Developed Residential
2469,Private Room near Dwarka,Amit Bansal,Dwarka,Private room,1350,1,10,1.09,251,28.581886,77.040973,Developed Residential
2470,Premium Stay - Karol Bagh,Vikas Saini,Karol Bagh,Private room,2000,5,31,0.81,331,28.650508,77.189822,Market Area
2471,Premium Stay - Karol Bagh,Arjun Malhotra,Karol Bagh,Entire home/apt,2650,1,71,0.17,226,28.652609,77.199023,Market Area
2472,Cozy Saket Studio,Aditya Chauhan,Saket,Private room,1950,2,16,0.68,178,28.525864,77.203529,Developed Residential
2473,Private Room near Lajpat Nagar,Rohit Bansal,Lajpat Nagar,Entire home/apt,2750,1,14,0.48,210,28.574249,77.24987,Market Area
2474,Family Home in Noida Sector 75,Sanjay Verma,Noida Sector 75,Entire home/apt,2900,1,14,0.04,235,28.568192,77.388922,Developed Residential
2475,Modern Stay near Faridabad Sector 15,Varun Saini,Faridabad Sector 15,Private room,1150,2,20,0.44,128,28.414337,77.321024,Developed Residential
2476,Premium Stay - Noida Sector 18,Rahul Saini,Noida Sector 18,Private room,1900,14,12,1.33,277,28.564177,77.325087,Market Area
2477,Premium Stay - Mahipalpur,Arjun Mehta,Mahipalpur,Hotel room,2100,1,51,0.33,204,28.556358,77.12895,Dense/Chawl-type Area
2478,Family Home in Janakpuri,Neha Kapoor,Janakpuri,Entire home/apt,2200,1,7,0.54,230,28.633605,77.087775,Developed Residential
2479,Private Room near Vasant Kunj,Neha Singh,Vasant Kunj,Private room,2650,1,31,0.11,62,28.524374,77.143479,Developed Residential
2480,Premium Stay - Saket,Neha Agarwal,Saket,Private room,2100,3,12,1.36,197,28.530311,77.199798,Developed Residential
2481,Family Home in Noida Sector 137,Aditya Kumar,Noida Sector 137,Entire home/apt,1950,2,16,1.31,210,28.519581,77.406392,Developed Residential
2482,Bright Apartment in Ghaziabad Indirapuram,Rohit Jain,Ghaziabad Indirapuram,Shared room,1100,2,63,0.07,162,28.643724,77.378484,Developed Residential
2483,Cozy Aerocity Studio,Megha Yadav,Aerocity,Entire home/apt,3750,7,47,0.49,103,28.556342,77.073987,Developed Residential
2484,Premium Stay - Faridabad Sector 15,Varun Mehta,Faridabad Sector 15,Entire home/apt,1950,1,38,2.04,198,28.417144,77.317116,Developed Residential
2485,Bright Apartment in Aerocity,Varun Bansal,Aerocity,Entire home/apt,3700,7,21,0.39,151,28.545654,77.081802,Developed Residential
2486,City Stay - Janakpuri,Manish Chauhan,Janakpuri,Private room,1800,1,22,1.89,196,28.615898,77.09792,Developed Residential
2487,Cozy Karol Bagh Studio,Karan Gupta,Karol Bagh,Private room,1800,1,68,0.65,120,28.648422,77.193914,Market Area
2488,City Stay - South Extension,Simran Saini,South Extension,Hotel room,2400,5,34,0.28,5,28.572386,77.222491,Market Area
2489,Cozy Faridabad Sector 15 Studio,Aditya Kumar,Faridabad Sector 15,Entire home/apt,1600,2,58,0.32,230,28.404625,77.321549,Developed Residential
2490,Comfortable Home in Uttam Nagar,Varun Bansal,Uttam Nagar,Entire home/apt,1150,1,4,0.34,161,28.620183,77.067351,Dense/Chawl-type Area
2491,City Stay - Mehrauli,Aditya Sharma,Mehrauli,Private room,1600,2,30,0.62,337,28.525325,77.190191,Dense/Chawl-type Area
2492,City Stay - Karol Bagh,Simran Sharma,Karol Bagh,Private room,2050,7,32,0.39,217,28.652004,77.195727,Market Area
2493,Comfortable Home in Ghaziabad Vaishali,Varun Verma,Ghaziabad Vaishali,Private room,1700,3,28,0.35,150,28.647335,77.345338,Market Area
2494,City Stay - Noida Sector 75,Deepak Verma,Noida Sector 75,Shared room,900,1,8,0.06,64,28.566043,77.388822,Developed Residential
2495,Family Home in South Extension,Arjun Gupta,South Extension,Entire home/apt,3550,1,124,0.74,155,28.563796,77.229925,Market Area
2496,City Stay - Hauz Khas,Arjun Kumar,Hauz Khas,Private room,2050,1,45,0.21,97,28.542184,77.19809,Green & Peaceful
2497,Modern Stay near Gurgaon Cyber City,Amit Saini,Gurgaon Cyber City,Private room,2400,2,106,0.51,173,28.490119,77.087861,Corporate/Developed Area
2498,Family Home in Lajpat Nagar,Simran Gupta,Lajpat Nagar,Private room,1600,4,39,0.01,204,28.574512,77.242702,Market Area
2499,Private Room near Ghaziabad Vaishali,Rahul Agarwal,Ghaziabad Vaishali,Entire home/apt,2450,2,18,0.22,273,28.642538,77.341625,Market Area
2500,Comfortable Home in Chattarpur,Sanjay Yadav,Chattarpur,Entire home/apt,2650,1,15,0.55,170,28.508169,77.175302,Green & Peaceful
